{
"type": "FeatureCollection",
"name": "smp_cxt_cd",
"crs": { "type": "name", "properties": { "name": "urn:ogc:def:crs:EPSG::32636" } },
"features": [
{ "type": "Feature", "properties": { "OBJECTID": 1, "Created": null, "ModifiedLa": "2007/07/13 09:45:56.000", "ModifiedBy": null, "pt_id": 1041, "easting": 1092.8714, "northing": 1005.42, "elev": 18.7529, "smp_num": 555, "smp_code": "SMPCH06SR0555", "smp_type": "CHARCOAL", "date_": "2006/07/05 00:00:00.000", "source": "05JUL06B", "comments": null, "sample_no": 555, "sample_cod": "SMPCH06SR0555", "descriptio": "Charcoal sample from room 38", "date_1": "2006/07/05 00:00:00.000", "sample_typ": "Carbonised Wood", "cxt_cd": "CH06SR0606", "cxt_num": 606 }, "geometry": { "type": "Point", "coordinates": [ 1092.871359999999186, 1005.419949999999517 ] } },
{ "type": "Feature", "properties": { "OBJECTID": 2, "Created": null, "ModifiedLa": "2007/07/13 09:46:17.000", "ModifiedBy": null, "pt_id": 1030, "easting": 1091.56, "northing": 998.5973, "elev": 18.4585, "smp_num": 556, "smp_code": "SMPCH06SR0556", "smp_type": "PALEOBOTANICAL", "date_": "2006/07/06 00:00:00.000", "source": "06JUL06B", "comments": null, "sample_no": 556, "sample_cod": "SMPCH06SR0556", "descriptio": "Soil sample from room 31 East wing (content of vessel found in situ)", "date_1": "2006/07/05 00:00:00.000", "sample_typ": "Soil Composition", "cxt_cd": "CH06SR0801", "cxt_num": 801 }, "geometry": { "type": "Point", "coordinates": [ 1091.560040000000299, 998.597340000000258 ] } },
{ "type": "Feature", "properties": { "OBJECTID": 3, "Created": null, "ModifiedLa": "2007/07/13 09:46:17.000", "ModifiedBy": null, "pt_id": 1056, "easting": 1092.6879, "northing": 998.5497, "elev": 18.3908, "smp_num": 557, "smp_code": "SMPCH06SR0557", "smp_type": "PALEOBOTANICAL", "date_": "2006/07/06 00:00:00.000", "source": "06JUL06B", "comments": null, "sample_no": 557, "sample_cod": "SMPCH06SR0557", "descriptio": "Soil sample from R. 31, East Wing", "date_1": "2006/07/06 00:00:00.000", "sample_typ": "Soil Composition", "cxt_cd": "CH06SR0800", "cxt_num": 800 }, "geometry": { "type": "Point", "coordinates": [ 1092.687879999999495, 998.549650000000838 ] } },
{ "type": "Feature", "properties": { "OBJECTID": 4, "Created": null, "ModifiedLa": "2007/07/13 09:46:17.000", "ModifiedBy": null, "pt_id": 1057, "easting": 1091.95, "northing": 998.402, "elev": 18.3982, "smp_num": 558, "smp_code": "SMPCH06SR0558", "smp_type": "PALEOBOTANICAL", "date_": "2006/07/06 00:00:00.000", "source": "06JUL06B", "comments": null, "sample_no": 558, "sample_cod": "SMPCH06SR0558", "descriptio": "Soil sample from R. 31, East wing", "date_1": "2006/07/06 00:00:00.000", "sample_typ": "Soil Composition", "cxt_cd": "CH06SR0800", "cxt_num": 800 }, "geometry": { "type": "Point", "coordinates": [ 1091.949950000000172, 998.402009999999791 ] } },
{ "type": "Feature", "properties": { "OBJECTID": 5, "Created": null, "ModifiedLa": "2007/07/13 09:46:17.000", "ModifiedBy": null, "pt_id": 1086, "easting": 1093.9587, "northing": 1001.9131, "elev": 16.9182, "smp_num": 559, "smp_code": "SMPCH06SR0559", "smp_type": "PALEOBOTANICAL", "date_": "2006/07/06 00:00:00.000", "source": "06JUL06B", "comments": null, "sample_no": 559, "sample_cod": "SMPCH06SR0559", "descriptio": "Paleobotanical sample from R. 38", "date_1": "2006/07/06 00:00:00.000", "sample_typ": "Palaeobotanical", "cxt_cd": "CH06SR0808", "cxt_num": 808 }, "geometry": { "type": "Point", "coordinates": [ 1093.958699999999226, 1001.913119999999253 ] } },
{ "type": "Feature", "properties": { "OBJECTID": 6, "Created": null, "ModifiedLa": "2007/07/13 09:46:17.000", "ModifiedBy": null, "pt_id": 1090, "easting": 1088.4324, "northing": 997.7938, "elev": 18.8382, "smp_num": 563, "smp_code": "SMPCH06SR0563", "smp_type": "PALEOBOTANICAL", "date_": "2006/07/06 00:00:00.000", "source": "06JUL06B", "comments": null, "sample_no": 563, "sample_cod": "SMPCH06SR0563", "descriptio": "Paleobotanical Sample from Room 31, West Wing", "date_1": "2006/07/06 00:00:00.000", "sample_typ": "Palaeobotanical", "cxt_cd": "CH06SR0809", "cxt_num": 809 }, "geometry": { "type": "Point", "coordinates": [ 1088.432419999999183, 997.793789999999717 ] } },
{ "type": "Feature", "properties": { "OBJECTID": 7, "Created": null, "ModifiedLa": "2007/07/13 09:46:17.000", "ModifiedBy": null, "pt_id": 1091, "easting": 1089.091, "northing": 998.9204, "elev": 18.6939, "smp_num": 562, "smp_code": "SMPCH06SR0562", "smp_type": "PALEOBOTANICAL", "date_": "2006/07/06 00:00:00.000", "source": "06JUL06B", "comments": null, "sample_no": 562, "sample_cod": "SMPCH06SR0562", "descriptio": "Paleobotanical sample from Room 31, West Wing", "date_1": "2006/07/06 00:00:00.000", "sample_typ": "Palaeobotanical", "cxt_cd": "CH06SR0809", "cxt_num": 809 }, "geometry": { "type": "Point", "coordinates": [ 1089.091019999999844, 998.920400000000882 ] } },
{ "type": "Feature", "properties": { "OBJECTID": 8, "Created": null, "ModifiedLa": "2007/07/13 09:46:17.000", "ModifiedBy": null, "pt_id": 1092, "easting": 1089.7761, "northing": 1000.0255, "elev": 18.7325, "smp_num": 561, "smp_code": "SMPCH06SR0561", "smp_type": "PALEOBOTANICAL", "date_": "2006/07/06 00:00:00.000", "source": "06JUL06B", "comments": null, "sample_no": 561, "sample_cod": "SMPCH06SR0561", "descriptio": "Paleobotanical sample from Room 31, West Wing", "date_1": "2006/07/06 00:00:00.000", "sample_typ": "Palaeobotanical", "cxt_cd": "CH06SR0809", "cxt_num": 809 }, "geometry": { "type": "Point", "coordinates": [ 1089.776120000000446, 1000.025540000000547 ] } },
{ "type": "Feature", "properties": { "OBJECTID": 9, "Created": null, "ModifiedLa": "2007/07/13 09:46:17.000", "ModifiedBy": null, "pt_id": 1093, "easting": 1093.7202, "northing": 1004.8127, "elev": 18.637, "smp_num": 560, "smp_code": "SMPCH06SR0560", "smp_type": "CHARCOAL", "date_": "2006/07/06 00:00:00.000", "source": "06JUL06B", "comments": null, "sample_no": 560, "sample_cod": "SMPCH06SR0560", "descriptio": "Charcoal sample/carbonized wood, Room 38", "date_1": "2006/07/06 00:00:00.000", "sample_typ": "Carbonised Wood", "cxt_cd": "CH06SR0606", "cxt_num": 606 }, "geometry": { "type": "Point", "coordinates": [ 1093.720219999999244, 1004.812669999999343 ] } },
{ "type": "Feature", "properties": { "OBJECTID": 10, "Created": null, "ModifiedLa": "2006/07/07 14:38:07.000", "ModifiedBy": null, "pt_id": 1012, "easting": 1092.6453, "northing": 997.8906, "elev": 18.4575, "smp_num": 566, "smp_code": "SMPCH06SR0566", "smp_type": "ARCHITECTURAL", "date_": "2006/07/07 00:00:00.000", "source": "07JUL06B", "comments": null, "sample_no": 566, "sample_cod": "SMPCH06SR0566", "descriptio": "Architectural sample, E wing, room 31", "date_1": "2006/07/07 00:00:00.000", "sample_typ": "Architectural Sample", "cxt_cd": "CH06SR0795", "cxt_num": 795 }, "geometry": { "type": "Point", "coordinates": [ 1092.645329999999376, 997.89056999999957 ] } },
{ "type": "Feature", "properties": { "OBJECTID": 11, "Created": null, "ModifiedLa": "2006/07/07 14:38:07.000", "ModifiedBy": null, "pt_id": 1013, "easting": 1092.2248, "northing": 998.2014, "elev": 18.3227, "smp_num": 565, "smp_code": "SMPCH06SR0565", "smp_type": "PALEOBOTANICAL", "date_": "2006/07/07 00:00:00.000", "source": "07JUL06B", "comments": null, "sample_no": 565, "sample_cod": "SMPCH06SR0565", "descriptio": "Palaeobotanical sample, E wing, room 31", "date_1": "2006/07/07 00:00:00.000", "sample_typ": "Palaeobotanical", "cxt_cd": "CH06SR0811", "cxt_num": 811 }, "geometry": { "type": "Point", "coordinates": [ 1092.224780000000464, 998.201359999999113 ] } },
{ "type": "Feature", "properties": { "OBJECTID": 12, "Created": null, "ModifiedLa": "2006/07/07 14:38:07.000", "ModifiedBy": null, "pt_id": 1014, "easting": 1091.6093, "northing": 998.787, "elev": 18.3841, "smp_num": 564, "smp_code": "SMPCH06SR0564", "smp_type": "PALEOBOTANICAL", "date_": "2006/07/07 00:00:00.000", "source": "07JUL06B", "comments": null, "sample_no": 564, "sample_cod": "SMPCH06SR0564", "descriptio": "Palaeobotanical sample, E wing, room 31", "date_1": "2006/07/07 00:00:00.000", "sample_typ": "Palaeobotanical", "cxt_cd": "CH06SR0811", "cxt_num": 811 }, "geometry": { "type": "Point", "coordinates": [ 1091.609290000000328, 998.787039999999251 ] } },
{ "type": "Feature", "properties": { "OBJECTID": 13, "Created": null, "ModifiedLa": "2006/07/07 14:38:07.000", "ModifiedBy": null, "pt_id": 1022, "easting": 1092.9413, "northing": 997.5661, "elev": 18.4534, "smp_num": 568, "smp_code": "SMPCH06SR0568", "smp_type": "PALEOBOTANICAL", "date_": "2006/07/07 00:00:00.000", "source": "07JUL06B", "comments": null, "sample_no": 568, "sample_cod": "SMPCH06SR0568", "descriptio": "Palaeobotanical sample, room 31", "date_1": "2006/07/07 00:00:00.000", "sample_typ": "Palaeobotanical", "cxt_cd": "CH06SR0814", "cxt_num": 814 }, "geometry": { "type": "Point", "coordinates": [ 1092.94132, 997.5661 ] } },
{ "type": "Feature", "properties": { "OBJECTID": 14, "Created": null, "ModifiedLa": "2006/07/07 14:38:07.000", "ModifiedBy": null, "pt_id": 1023, "easting": 1092.721, "northing": 997.7245, "elev": 18.4545, "smp_num": 567, "smp_code": "SMPCH06SR0567", "smp_type": "ARCHITECTURAL", "date_": "2006/07/07 00:00:00.000", "source": "07JUL06B", "comments": null, "sample_no": 567, "sample_cod": "SMPCH06SR0567", "descriptio": "Architectural sample, E wing, room 31", "date_1": "2006/07/07 00:00:00.000", "sample_typ": "Architectural Sample", "cxt_cd": "CH06SR0814", "cxt_num": 814 }, "geometry": { "type": "Point", "coordinates": [ 1092.721020000000863, 997.724459999999453 ] } },
{ "type": "Feature", "properties": { "OBJECTID": 15, "Created": null, "ModifiedLa": "2006/07/13 14:58:47.000", "ModifiedBy": null, "pt_id": 1043, "easting": 1093.2115, "northing": 1003.8422, "elev": 18.6815, "smp_num": 570, "smp_code": "SMPCH06SR0570", "smp_type": "CHARCOAL", "date_": "2006/07/07 00:00:00.000", "source": "07JUL06B", "comments": null, "sample_no": 570, "sample_cod": "SMPCH06SR0570", "descriptio": "Charcoal sample, NE part of room 38", "date_1": "2006/07/07 00:00:00.000", "sample_typ": "Carbonised Wood", "cxt_cd": "CH06SR0810", "cxt_num": 810 }, "geometry": { "type": "Point", "coordinates": [ 1093.21148, 1003.842150000000402 ] } },
{ "type": "Feature", "properties": { "OBJECTID": 16, "Created": null, "ModifiedLa": "2006/07/07 17:16:59.000", "ModifiedBy": null, "pt_id": 1044, "easting": 1093.7053, "northing": 1004.0998, "elev": 18.6849, "smp_num": 571, "smp_code": "SMPCH06SR0571", "smp_type": "METALLURGICAL", "date_": "2006/07/07 00:00:00.000", "source": "07JUL06B", "comments": null, "sample_no": 571, "sample_cod": "SMPCH06SR0571", "descriptio": "Metallurgical sample, NE part of room 38", "date_1": "2006/07/07 00:00:00.000", "sample_typ": "Metallurgical", "cxt_cd": "CH06SR0810", "cxt_num": 810 }, "geometry": { "type": "Point", "coordinates": [ 1093.705330000000686, 1004.0998 ] } },
{ "type": "Feature", "properties": { "OBJECTID": 17, "Created": null, "ModifiedLa": "2006/07/07 14:38:07.000", "ModifiedBy": null, "pt_id": 1045, "easting": 1093.4645, "northing": 1004.4087, "elev": 18.6733, "smp_num": 572, "smp_code": "SMPCH06SR0572", "smp_type": "METALLURGICAL", "date_": "2006/07/07 00:00:00.000", "source": "07JUL06B", "comments": null, "sample_no": 572, "sample_cod": "SMPCH06SR0572", "descriptio": "Metallurgical sample, NE part of Room 38", "date_1": "2006/07/07 00:00:00.000", "sample_typ": "Metallurgical", "cxt_cd": "CH06SR0810", "cxt_num": 810 }, "geometry": { "type": "Point", "coordinates": [ 1093.464459999999235, 1004.408690000000206 ] } },
{ "type": "Feature", "properties": { "OBJECTID": 18, "Created": null, "ModifiedLa": "2006/07/07 14:38:07.000", "ModifiedBy": null, "pt_id": 1046, "easting": 1093.7146, "northing": 1004.5821, "elev": 18.65, "smp_num": 573, "smp_code": "SMPCH06SR0573", "smp_type": "METALLURGICAL", "date_": "2006/07/07 00:00:00.000", "source": "07JUL06B", "comments": null, "sample_no": 573, "sample_cod": "SMPCH06SR0573", "descriptio": "Metallurgical sample, NE part of Room 38", "date_1": "2006/07/07 00:00:00.000", "sample_typ": "Metallurgical", "cxt_cd": "CH06SR0810", "cxt_num": 810 }, "geometry": { "type": "Point", "coordinates": [ 1093.714649999999892, 1004.582140000000436 ] } },
{ "type": "Feature", "properties": { "OBJECTID": 19, "Created": null, "ModifiedLa": "2006/07/07 14:38:07.000", "ModifiedBy": null, "pt_id": 1053, "easting": 1102.3586, "northing": 1000.4296, "elev": 18.9571, "smp_num": 574, "smp_code": "SMPCH06SR0574", "smp_type": "CHARCOAL", "date_": "2006/07/07 00:00:00.000", "source": "07JUL06B", "comments": null, "sample_no": 574, "sample_cod": "SMPCH06SR0574", "descriptio": "Charcoal sample from SE section of stenopos", "date_1": "2006/07/07 00:00:00.000", "sample_typ": "Carbonised Wood", "cxt_cd": "CH06SR0818", "cxt_num": 818 }, "geometry": { "type": "Point", "coordinates": [ 1102.358550000000832, 1000.429589999999735 ] } },
{ "type": "Feature", "properties": { "OBJECTID": 20, "Created": null, "ModifiedLa": "2006/07/07 14:38:07.000", "ModifiedBy": null, "pt_id": 1054, "easting": 1102.3745, "northing": 1000.4145, "elev": 18.9539, "smp_num": 575, "smp_code": "SMPCH06SR0575", "smp_type": "CHARCOAL", "date_": "2006/07/07 00:00:00.000", "source": "07JUL06B", "comments": null, "sample_no": 575, "sample_cod": "SMPCH06SR0575", "descriptio": "Charcoal sample from SE section of stenopos", "date_1": "2006/07/07 00:00:00.000", "sample_typ": "Carbonised Wood", "cxt_cd": "CH06SR0818", "cxt_num": 818 }, "geometry": { "type": "Point", "coordinates": [ 1102.37452999999914, 1000.414549999999508 ] } },
{ "type": "Feature", "properties": { "OBJECTID": 21, "Created": null, "ModifiedLa": "2006/07/07 14:38:07.000", "ModifiedBy": null, "pt_id": 1059, "easting": 1095.6827, "northing": 1002.5208, "elev": 16.8332, "smp_num": 577, "smp_code": "SMPCH06SR0577", "smp_type": "PALEOBOTANICAL", "date_": "2006/07/07 00:00:00.000", "source": "07JUL06B", "comments": null, "sample_no": 577, "sample_cod": "SMPCH06SR0577", "descriptio": "Palaeobotanical sample, SE part of room 38", "date_1": "2006/07/07 00:00:00.000", "sample_typ": "Palaeobotanical", "cxt_cd": "CH06SR0819", "cxt_num": 819 }, "geometry": { "type": "Point", "coordinates": [ 1095.682699999999386, 1002.520790000000488 ] } },
{ "type": "Feature", "properties": { "OBJECTID": 22, "Created": null, "ModifiedLa": "2006/07/07 14:38:07.000", "ModifiedBy": null, "pt_id": 1060, "easting": 1094.7131, "northing": 1001.5575, "elev": 16.7833, "smp_num": 576, "smp_code": "SMPCH06SR0576", "smp_type": "PALEOBOTANICAL", "date_": "2006/07/07 00:00:00.000", "source": "07JUL06B", "comments": null, "sample_no": 576, "sample_cod": "SMPCH06SR0576", "descriptio": "Palaeobotanical sample, SE part of room 38", "date_1": "2006/07/07 00:00:00.000", "sample_typ": "Palaeobotanical", "cxt_cd": "CH06SR0819", "cxt_num": 819 }, "geometry": { "type": "Point", "coordinates": [ 1094.713110000000597, 1001.557489999999234 ] } },
{ "type": "Feature", "properties": { "OBJECTID": 23, "Created": null, "ModifiedLa": "2005/07/23 08:39:45.000", "ModifiedBy": null, "pt_id": 13, "easting": 1095.8773, "northing": 987.8924, "elev": 20.0074, "smp_num": 195, "smp_code": "SMPCH05SR0195", "smp_type": "METALLURGICAL", "date_": "2005/07/05 00:00:00.000", "source": "05JULY05A", "comments": null, "sample_no": 195, "sample_cod": "SMPCH05SR0195", "descriptio": "Metallurgical sample from courtyard", "date_1": "2005/07/05 00:00:00.000", "sample_typ": "Metallurgical", "cxt_cd": "CH05SR0509", "cxt_num": 509 }, "geometry": { "type": "Point", "coordinates": [ 1095.87728000000061, 987.892439999999624 ] } },
{ "type": "Feature", "properties": { "OBJECTID": 24, "Created": null, "ModifiedLa": "2005/07/23 08:39:45.000", "ModifiedBy": null, "pt_id": 14, "easting": 1096.1718, "northing": 988.2728, "elev": 19.9698, "smp_num": 196, "smp_code": "SMPCH05SR0196", "smp_type": "METALLURGICAL", "date_": "2005/07/05 00:00:00.000", "source": "05JULY05A", "comments": null, "sample_no": 196, "sample_cod": "SMPCH05SR0196", "descriptio": "Metallurgical sample from courtyard", "date_1": "2005/07/05 00:00:00.000", "sample_typ": "Metallurgical", "cxt_cd": "CH05SR0509", "cxt_num": 509 }, "geometry": { "type": "Point", "coordinates": [ 1096.171790000000328, 988.272800000000643 ] } },
{ "type": "Feature", "properties": { "OBJECTID": 25, "Created": null, "ModifiedLa": "2005/07/23 08:39:45.000", "ModifiedBy": null, "pt_id": 15, "easting": 1096.4749, "northing": 988.692, "elev": 20.0041, "smp_num": 197, "smp_code": "SMPCH05SR0197", "smp_type": "METALLURGICAL", "date_": "2005/07/05 00:00:00.000", "source": "05JULY05A", "comments": null, "sample_no": 197, "sample_cod": "SMPCH05SR0197", "descriptio": "Metallurgical sample from courtyard", "date_1": "2005/07/05 00:00:00.000", "sample_typ": "Metallurgical", "cxt_cd": "CH05SR0509", "cxt_num": 509 }, "geometry": { "type": "Point", "coordinates": [ 1096.474879999999757, 988.69204 ] } },
{ "type": "Feature", "properties": { "OBJECTID": 26, "Created": null, "ModifiedLa": "2005/07/23 08:39:45.000", "ModifiedBy": null, "pt_id": 16, "easting": 1096.7659, "northing": 989.0773, "elev": 19.9925, "smp_num": 198, "smp_code": "SMPCH05SR0198", "smp_type": "METALLURGICAL", "date_": "2005/07/05 00:00:00.000", "source": "05JULY05A", "comments": null, "sample_no": 198, "sample_cod": "SMPCH05SR0198", "descriptio": "Metallurgical sample from courtyard", "date_1": "2005/07/05 00:00:00.000", "sample_typ": "Metallurgical", "cxt_cd": "CH05SR0509", "cxt_num": 509 }, "geometry": { "type": "Point", "coordinates": [ 1096.765939999999318, 989.077349999999569 ] } },
{ "type": "Feature", "properties": { "OBJECTID": 27, "Created": null, "ModifiedLa": "2005/07/23 08:39:45.000", "ModifiedBy": null, "pt_id": 17, "easting": 1097.0579, "northing": 989.4843, "elev": 20.029, "smp_num": 199, "smp_code": "SMPCH05SR0199", "smp_type": "METALLURGICAL", "date_": "2005/07/05 00:00:00.000", "source": "05JULY05A", "comments": null, "sample_no": 199, "sample_cod": "SMPCH05SR0199", "descriptio": "Metallurgical sample from courtyard", "date_1": "2005/07/05 00:00:00.000", "sample_typ": "Metallurgical", "cxt_cd": "CH05SR0509", "cxt_num": 509 }, "geometry": { "type": "Point", "coordinates": [ 1097.05789999999979, 989.484309999999823 ] } },
{ "type": "Feature", "properties": { "OBJECTID": 28, "Created": null, "ModifiedLa": "2005/07/23 08:39:45.000", "ModifiedBy": null, "pt_id": 18, "easting": 1097.3676, "northing": 989.8863, "elev": 20.0353, "smp_num": 200, "smp_code": "SMPCH05SR0200", "smp_type": "METALLURGICAL", "date_": "2005/07/05 00:00:00.000", "source": "05JULY05A", "comments": null, "sample_no": 200, "sample_cod": "SMPCH05SR0200", "descriptio": "Metallurgical sample from courtyard", "date_1": "2005/07/05 00:00:00.000", "sample_typ": "Metallurgical", "cxt_cd": "CH05SR0509", "cxt_num": 509 }, "geometry": { "type": "Point", "coordinates": [ 1097.367599999999584, 989.886259999999311 ] } },
{ "type": "Feature", "properties": { "OBJECTID": 29, "Created": null, "ModifiedLa": "2005/07/23 08:39:45.000", "ModifiedBy": null, "pt_id": 19, "easting": 1095.698, "northing": 986.757, "elev": 19.9818, "smp_num": 201, "smp_code": "SMPCH05SR0201", "smp_type": "METALLURGICAL", "date_": "2005/07/05 00:00:00.000", "source": "05JULY05A", "comments": null, "sample_no": 201, "sample_cod": "SMPCH05SR0201", "descriptio": "Metallurgical sample from courtyard", "date_1": "2005/07/05 00:00:00.000", "sample_typ": "Metallurgical", "cxt_cd": "CH05SR0509", "cxt_num": 509 }, "geometry": { "type": "Point", "coordinates": [ 1095.697959999999512, 986.756980000000112 ] } },
{ "type": "Feature", "properties": { "OBJECTID": 30, "Created": null, "ModifiedLa": "2005/07/23 08:39:45.000", "ModifiedBy": null, "pt_id": 20, "easting": 1095.9672, "northing": 987.1285, "elev": 19.9813, "smp_num": 202, "smp_code": "SMPCH05SR0202", "smp_type": "METALLURGICAL", "date_": "2005/07/05 00:00:00.000", "source": "05JULY05A", "comments": null, "sample_no": 202, "sample_cod": "SMPCH05SR0202", "descriptio": "Metallurgical sample from courtyard", "date_1": "2005/07/05 00:00:00.000", "sample_typ": "Metallurgical", "cxt_cd": "CH05SR0509", "cxt_num": 509 }, "geometry": { "type": "Point", "coordinates": [ 1095.967160000000149, 987.128520000000208 ] } },
{ "type": "Feature", "properties": { "OBJECTID": 31, "Created": null, "ModifiedLa": "2005/07/23 08:39:45.000", "ModifiedBy": null, "pt_id": 21, "easting": 1096.2833, "northing": 987.5797, "elev": 19.9842, "smp_num": 203, "smp_code": "SMPCH05SR0203", "smp_type": "METALLURGICAL", "date_": "2005/07/05 00:00:00.000", "source": "05JULY05A", "comments": null, "sample_no": 203, "sample_cod": "SMPCH05SR0203", "descriptio": "Metallurgical sample from courtyard", "date_1": "2005/07/05 00:00:00.000", "sample_typ": "Metallurgical", "cxt_cd": "CH05SR0509", "cxt_num": 509 }, "geometry": { "type": "Point", "coordinates": [ 1096.28327, 987.579649999999674 ] } },
{ "type": "Feature", "properties": { "OBJECTID": 32, "Created": null, "ModifiedLa": "2005/07/23 08:39:45.000", "ModifiedBy": null, "pt_id": 22, "easting": 1096.5641, "northing": 987.9703, "elev": 19.9927, "smp_num": 204, "smp_code": "SMPCH05SR0204", "smp_type": "METALLURGICAL", "date_": "2005/07/05 00:00:00.000", "source": "05JULY05A", "comments": null, "sample_no": 204, "sample_cod": "SMPCH05SR0204", "descriptio": "Metallurgical sample from courtyard", "date_1": "2005/07/05 00:00:00.000", "sample_typ": "Metallurgical", "cxt_cd": "CH05SR0509", "cxt_num": 509 }, "geometry": { "type": "Point", "coordinates": [ 1096.564089999999851, 987.970279999999548 ] } },
{ "type": "Feature", "properties": { "OBJECTID": 33, "Created": null, "ModifiedLa": "2005/07/23 08:39:45.000", "ModifiedBy": null, "pt_id": 23, "easting": 1096.8587, "northing": 988.3838, "elev": 20.0023, "smp_num": 205, "smp_code": "SMPCH05SR0205", "smp_type": "METALLURGICAL", "date_": "2005/07/05 00:00:00.000", "source": "05JULY05A", "comments": null, "sample_no": 205, "sample_cod": "SMPCH05SR0205", "descriptio": "Metallurgical sample from courtyard", "date_1": "2005/07/05 00:00:00.000", "sample_typ": "Metallurgical", "cxt_cd": "CH05SR0509", "cxt_num": 509 }, "geometry": { "type": "Point", "coordinates": [ 1096.858749999999418, 988.383780000000115 ] } },
{ "type": "Feature", "properties": { "OBJECTID": 34, "Created": null, "ModifiedLa": "2005/07/23 08:39:45.000", "ModifiedBy": null, "pt_id": 24, "easting": 1097.1709, "northing": 988.7732, "elev": 19.9989, "smp_num": 206, "smp_code": "SMPCH05SR0206", "smp_type": "METALLURGICAL", "date_": "2005/07/05 00:00:00.000", "source": "05JULY05A", "comments": null, "sample_no": 206, "sample_cod": "SMPCH05SR0206", "descriptio": "Metallurgical sample from courtyard", "date_1": "2005/07/05 00:00:00.000", "sample_typ": "Metallurgical", "cxt_cd": "CH05SR0509", "cxt_num": 509 }, "geometry": { "type": "Point", "coordinates": [ 1097.170910000000731, 988.773199999999633 ] } },
{ "type": "Feature", "properties": { "OBJECTID": 35, "Created": null, "ModifiedLa": "2005/07/23 08:39:45.000", "ModifiedBy": null, "pt_id": 25, "easting": 1097.4669, "northing": 989.17, "elev": 20.0248, "smp_num": 207, "smp_code": "SMPCH05SR0207", "smp_type": "METALLURGICAL", "date_": "2005/07/05 00:00:00.000", "source": "05JULY05A", "comments": null, "sample_no": 207, "sample_cod": "SMPCH05SR0207", "descriptio": "Metallurgical sample from courtyard", "date_1": "2005/07/05 00:00:00.000", "sample_typ": "Metallurgical", "cxt_cd": "CH05SR0509", "cxt_num": 509 }, "geometry": { "type": "Point", "coordinates": [ 1097.466889999999694, 989.169959999999264 ] } },
{ "type": "Feature", "properties": { "OBJECTID": 36, "Created": null, "ModifiedLa": "2005/07/23 08:39:45.000", "ModifiedBy": null, "pt_id": 26, "easting": 1097.7568, "northing": 989.5755, "elev": 20.0247, "smp_num": 208, "smp_code": "SMPCH05SR0208", "smp_type": "METALLURGICAL", "date_": "2005/07/05 00:00:00.000", "source": "05JULY05A", "comments": null, "sample_no": 208, "sample_cod": "SMPCH05SR0208", "descriptio": "Metallurgical sample from courtyard", "date_1": "2005/07/05 00:00:00.000", "sample_typ": "Metallurgical", "cxt_cd": "CH05SR0509", "cxt_num": 509 }, "geometry": { "type": "Point", "coordinates": [ 1097.756830000000264, 989.575450000000274 ] } },
{ "type": "Feature", "properties": { "OBJECTID": 37, "Created": null, "ModifiedLa": "2005/07/23 08:39:45.000", "ModifiedBy": null, "pt_id": 27, "easting": 1096.1129, "northing": 986.46, "elev": 19.9872, "smp_num": 209, "smp_code": "SMPCH05SR0209", "smp_type": "METALLURGICAL", "date_": "2005/07/05 00:00:00.000", "source": "05JULY05A", "comments": null, "sample_no": 209, "sample_cod": "SMPCH05SR0209", "descriptio": "Metallurgical sample from courtyard", "date_1": "2005/07/05 00:00:00.000", "sample_typ": "Metallurgical", "cxt_cd": "CH05SR0509", "cxt_num": 509 }, "geometry": { "type": "Point", "coordinates": [ 1096.112890000000334, 986.459960000000137 ] } },
{ "type": "Feature", "properties": { "OBJECTID": 38, "Created": null, "ModifiedLa": "2005/07/23 08:39:45.000", "ModifiedBy": null, "pt_id": 28, "easting": 1096.3853, "northing": 986.8697, "elev": 19.9596, "smp_num": 210, "smp_code": "SMPCH05SR0210", "smp_type": "METALLURGICAL", "date_": "2005/07/05 00:00:00.000", "source": "05JULY05A", "comments": null, "sample_no": 210, "sample_cod": "SMPCH05SR0210", "descriptio": "Metallurgical sample from courtyard", "date_1": "2005/07/05 00:00:00.000", "sample_typ": "Metallurgical", "cxt_cd": "CH05SR0509", "cxt_num": 509 }, "geometry": { "type": "Point", "coordinates": [ 1096.385340000000724, 986.869720000000598 ] } },
{ "type": "Feature", "properties": { "OBJECTID": 39, "Created": null, "ModifiedLa": "2005/07/23 08:39:45.000", "ModifiedBy": null, "pt_id": 29, "easting": 1096.6897, "northing": 987.2765, "elev": 19.9655, "smp_num": 211, "smp_code": "SMPCH05SR0211", "smp_type": "METALLURGICAL", "date_": "2005/07/05 00:00:00.000", "source": "05JULY05A", "comments": null, "sample_no": 211, "sample_cod": "SMPCH05SR0211", "descriptio": "Metallurgical sample from courtyard", "date_1": "2005/07/05 00:00:00.000", "sample_typ": "Metallurgical", "cxt_cd": "CH05SR0509", "cxt_num": 509 }, "geometry": { "type": "Point", "coordinates": [ 1096.689720000000307, 987.276550000000498 ] } },
{ "type": "Feature", "properties": { "OBJECTID": 40, "Created": null, "ModifiedLa": "2005/07/23 08:39:45.000", "ModifiedBy": null, "pt_id": 30, "easting": 1096.9647, "northing": 987.6752, "elev": 19.9447, "smp_num": 212, "smp_code": "SMPCH05SR0212", "smp_type": "METALLURGICAL", "date_": "2005/07/05 00:00:00.000", "source": "05JULY05A", "comments": null, "sample_no": 212, "sample_cod": "SMPCH05SR0212", "descriptio": "Metallurgical sample from courtyard", "date_1": "2005/07/05 00:00:00.000", "sample_typ": "Metallurgical", "cxt_cd": "CH05SR0509", "cxt_num": 509 }, "geometry": { "type": "Point", "coordinates": [ 1096.964690000000701, 987.675199999999677 ] } },
{ "type": "Feature", "properties": { "OBJECTID": 41, "Created": null, "ModifiedLa": "2005/07/23 08:39:45.000", "ModifiedBy": null, "pt_id": 31, "easting": 1097.2843, "northing": 988.0798, "elev": 19.9812, "smp_num": 213, "smp_code": "SMPCH05SR0213", "smp_type": "METALLURGICAL", "date_": "2005/07/05 00:00:00.000", "source": "05JULY05A", "comments": null, "sample_no": 213, "sample_cod": "SMPCH05SR0213", "descriptio": "Metallurgical sample from courtyard", "date_1": "2005/07/05 00:00:00.000", "sample_typ": "Metallurgical", "cxt_cd": "CH05SR0509", "cxt_num": 509 }, "geometry": { "type": "Point", "coordinates": [ 1097.284279999999853, 988.079789999999775 ] } },
{ "type": "Feature", "properties": { "OBJECTID": 42, "Created": null, "ModifiedLa": "2005/07/23 08:39:45.000", "ModifiedBy": null, "pt_id": 32, "easting": 1097.5795, "northing": 988.4812, "elev": 19.9914, "smp_num": 214, "smp_code": "SMPCH05SR0214", "smp_type": "METALLURGICAL", "date_": "2005/07/05 00:00:00.000", "source": "05JULY05A", "comments": null, "sample_no": 214, "sample_cod": "SMPCH05SR0214", "descriptio": "Metallurgical sample from courtyard", "date_1": "2005/07/05 00:00:00.000", "sample_typ": "Metallurgical", "cxt_cd": "CH05SR0509", "cxt_num": 509 }, "geometry": { "type": "Point", "coordinates": [ 1097.579509999999573, 988.48121 ] } },
{ "type": "Feature", "properties": { "OBJECTID": 43, "Created": null, "ModifiedLa": "2005/07/23 08:39:45.000", "ModifiedBy": null, "pt_id": 33, "easting": 1097.859, "northing": 988.8785, "elev": 19.9668, "smp_num": 215, "smp_code": "SMPCH05SR0215", "smp_type": "METALLURGICAL", "date_": "2005/07/05 00:00:00.000", "source": "05JULY05A", "comments": null, "sample_no": 215, "sample_cod": "SMPCH05SR0215", "descriptio": "Metallurgical sample from courtyard", "date_1": "2005/07/05 00:00:00.000", "sample_typ": "Metallurgical", "cxt_cd": "CH05SR0509", "cxt_num": 509 }, "geometry": { "type": "Point", "coordinates": [ 1097.85902999999962, 988.878520000000208 ] } },
{ "type": "Feature", "properties": { "OBJECTID": 44, "Created": null, "ModifiedLa": "2005/07/23 08:39:45.000", "ModifiedBy": null, "pt_id": 34, "easting": 1098.1738, "northing": 989.2684, "elev": 19.9754, "smp_num": 216, "smp_code": "SMPCH05SR0216", "smp_type": "METALLURGICAL", "date_": "2005/07/05 00:00:00.000", "source": "05JULY05A", "comments": null, "sample_no": 216, "sample_cod": "SMPCH05SR0216", "descriptio": "Metallurgical sample from courtyard", "date_1": "2005/07/05 00:00:00.000", "sample_typ": "Metallurgical", "cxt_cd": "CH05SR0509", "cxt_num": 509 }, "geometry": { "type": "Point", "coordinates": [ 1098.173759999999675, 989.268420000000333 ] } },
{ "type": "Feature", "properties": { "OBJECTID": 45, "Created": null, "ModifiedLa": "2005/07/23 08:39:45.000", "ModifiedBy": null, "pt_id": 35, "easting": 1096.5113, "northing": 986.1585, "elev": 19.9755, "smp_num": 217, "smp_code": "SMPCH05SR0217", "smp_type": "METALLURGICAL", "date_": "2005/07/05 00:00:00.000", "source": "05JULY05A", "comments": null, "sample_no": 217, "sample_cod": "SMPCH05SR0217", "descriptio": "Metallurgical sample from courtyard", "date_1": "2005/07/05 00:00:00.000", "sample_typ": "Metallurgical", "cxt_cd": "CH05SR0509", "cxt_num": 509 }, "geometry": { "type": "Point", "coordinates": [ 1096.511280000000625, 986.158470000000307 ] } },
{ "type": "Feature", "properties": { "OBJECTID": 46, "Created": null, "ModifiedLa": "2005/07/23 08:39:45.000", "ModifiedBy": null, "pt_id": 36, "easting": 1096.7906, "northing": 986.5735, "elev": 19.9681, "smp_num": 218, "smp_code": "SMPCH05SR0218", "smp_type": "METALLURGICAL", "date_": "2005/07/05 00:00:00.000", "source": "05JULY05A", "comments": null, "sample_no": 218, "sample_cod": "SMPCH05SR0218", "descriptio": "Metallurgical sample from courtyard", "date_1": "2005/07/05 00:00:00.000", "sample_typ": "Metallurgical", "cxt_cd": "CH05SR0509", "cxt_num": 509 }, "geometry": { "type": "Point", "coordinates": [ 1096.79062999999951, 986.573479999999108 ] } },
{ "type": "Feature", "properties": { "OBJECTID": 47, "Created": null, "ModifiedLa": "2005/07/23 08:39:45.000", "ModifiedBy": null, "pt_id": 37, "easting": 1097.0937, "northing": 986.9876, "elev": 19.9645, "smp_num": 219, "smp_code": "SMPCH05SR0219", "smp_type": "METALLURGICAL", "date_": "2005/07/05 00:00:00.000", "source": "05JULY05A", "comments": null, "sample_no": 219, "sample_cod": "SMPCH05SR0219", "descriptio": "Metallurgical sample from courtyard", "date_1": "2005/07/05 00:00:00.000", "sample_typ": "Metallurgical", "cxt_cd": "CH05SR0509", "cxt_num": 509 }, "geometry": { "type": "Point", "coordinates": [ 1097.093699999999444, 986.987559999999576 ] } },
{ "type": "Feature", "properties": { "OBJECTID": 48, "Created": null, "ModifiedLa": "2005/07/23 08:39:45.000", "ModifiedBy": null, "pt_id": 38, "easting": 1097.3801, "northing": 987.3915, "elev": 19.967, "smp_num": 220, "smp_code": "SMPCH05SR0220", "smp_type": "METALLURGICAL", "date_": "2005/07/05 00:00:00.000", "source": "05JULY05A", "comments": null, "sample_no": 220, "sample_cod": "SMPCH05SR0220", "descriptio": "Metallurgical sample from courtyard", "date_1": "2005/07/05 00:00:00.000", "sample_typ": "Metallurgical", "cxt_cd": "CH05SR0509", "cxt_num": 509 }, "geometry": { "type": "Point", "coordinates": [ 1097.380100000000311, 987.39149 ] } },
{ "type": "Feature", "properties": { "OBJECTID": 49, "Created": null, "ModifiedLa": "2005/07/23 08:39:45.000", "ModifiedBy": null, "pt_id": 39, "easting": 1097.7059, "northing": 987.7785, "elev": 19.9493, "smp_num": 221, "smp_code": "SMPCH05SR0221", "smp_type": "METALLURGICAL", "date_": "2005/07/05 00:00:00.000", "source": "05JULY05A", "comments": null, "sample_no": 221, "sample_cod": "SMPCH05SR0221", "descriptio": "Metallurgical sample from courtyard", "date_1": "2005/07/05 00:00:00.000", "sample_typ": "Metallurgical", "cxt_cd": "CH05SR0509", "cxt_num": 509 }, "geometry": { "type": "Point", "coordinates": [ 1097.705869999999777, 987.77851 ] } },
{ "type": "Feature", "properties": { "OBJECTID": 50, "Created": null, "ModifiedLa": "2005/07/23 08:39:45.000", "ModifiedBy": null, "pt_id": 40, "easting": 1097.9799, "northing": 988.19, "elev": 19.9503, "smp_num": 222, "smp_code": "SMPCH05SR0222", "smp_type": "METALLURGICAL", "date_": "2005/07/05 00:00:00.000", "source": "05JULY05A", "comments": null, "sample_no": 222, "sample_cod": "SMPCH05SR0222", "descriptio": "Metallurgical sample from courtyard", "date_1": "2005/07/05 00:00:00.000", "sample_typ": "Metallurgical", "cxt_cd": "CH05SR0509", "cxt_num": 509 }, "geometry": { "type": "Point", "coordinates": [ 1097.979890000000523, 988.18995 ] } },
{ "type": "Feature", "properties": { "OBJECTID": 51, "Created": null, "ModifiedLa": "2005/07/23 08:39:45.000", "ModifiedBy": null, "pt_id": 41, "easting": 1098.2608, "northing": 988.5782, "elev": 19.9394, "smp_num": 223, "smp_code": "SMPCH05SR0223", "smp_type": "METALLURGICAL", "date_": "2005/07/05 00:00:00.000", "source": "05JULY05A", "comments": null, "sample_no": 223, "sample_cod": "SMPCH05SR0223", "descriptio": "Metallurgical sample from courtyard", "date_1": "2005/07/05 00:00:00.000", "sample_typ": "Metallurgical", "cxt_cd": "CH05SR0509", "cxt_num": 509 }, "geometry": { "type": "Point", "coordinates": [ 1098.260749999999462, 988.5782 ] } },
{ "type": "Feature", "properties": { "OBJECTID": 52, "Created": null, "ModifiedLa": "2005/07/23 08:39:45.000", "ModifiedBy": null, "pt_id": 42, "easting": 1098.583, "northing": 988.9676, "elev": 19.9918, "smp_num": 224, "smp_code": "SMPCH05SR0224", "smp_type": "METALLURGICAL", "date_": "2005/07/05 00:00:00.000", "source": "05JULY05A", "comments": null, "sample_no": 224, "sample_cod": "SMPCH05SR0224", "descriptio": "Metallurgical sample from courtyard", "date_1": "2005/07/05 00:00:00.000", "sample_typ": "Metallurgical", "cxt_cd": "CH05SR0509", "cxt_num": 509 }, "geometry": { "type": "Point", "coordinates": [ 1098.58302, 988.96762999999919 ] } },
{ "type": "Feature", "properties": { "OBJECTID": 53, "Created": null, "ModifiedLa": "2005/07/23 08:39:45.000", "ModifiedBy": null, "pt_id": 43, "easting": 1096.9133, "northing": 985.8729, "elev": 19.9719, "smp_num": 225, "smp_code": "SMPCH05SR0225", "smp_type": "METALLURGICAL", "date_": "2005/07/05 00:00:00.000", "source": "05JULY05A", "comments": null, "sample_no": 225, "sample_cod": "SMPCH05SR0225", "descriptio": "Metallurgical sample from courtyard", "date_1": "2005/07/05 00:00:00.000", "sample_typ": "Metallurgical", "cxt_cd": "CH05SR0509", "cxt_num": 509 }, "geometry": { "type": "Point", "coordinates": [ 1096.913350000000719, 985.8729000000003 ] } },
{ "type": "Feature", "properties": { "OBJECTID": 54, "Created": null, "ModifiedLa": "2005/07/23 08:39:45.000", "ModifiedBy": null, "pt_id": 44, "easting": 1097.2088, "northing": 986.2886, "elev": 19.9285, "smp_num": 226, "smp_code": "SMPCH05SR0226", "smp_type": "METALLURGICAL", "date_": "2005/07/05 00:00:00.000", "source": "05JULY05A", "comments": null, "sample_no": 226, "sample_cod": "SMPCH05SR0226", "descriptio": "Metallurgical sample from courtyard", "date_1": "2005/07/05 00:00:00.000", "sample_typ": "Metallurgical", "cxt_cd": "CH05SR0509", "cxt_num": 509 }, "geometry": { "type": "Point", "coordinates": [ 1097.208800000000338, 986.28859999999986 ] } },
{ "type": "Feature", "properties": { "OBJECTID": 55, "Created": null, "ModifiedLa": "2005/07/23 08:39:45.000", "ModifiedBy": null, "pt_id": 45, "easting": 1097.4942, "northing": 986.689, "elev": 19.9436, "smp_num": 227, "smp_code": "SMPCH05SR0227", "smp_type": "METALLURGICAL", "date_": "2005/07/05 00:00:00.000", "source": "05JULY05A", "comments": null, "sample_no": 227, "sample_cod": "SMPCH05SR0227", "descriptio": "Metallurgical sample from courtyard", "date_1": "2005/07/05 00:00:00.000", "sample_typ": "Metallurgical", "cxt_cd": "CH05SR0509", "cxt_num": 509 }, "geometry": { "type": "Point", "coordinates": [ 1097.494199999999182, 986.688969999999244 ] } },
{ "type": "Feature", "properties": { "OBJECTID": 56, "Created": null, "ModifiedLa": "2005/07/23 08:39:45.000", "ModifiedBy": null, "pt_id": 46, "easting": 1097.7771, "northing": 987.0832, "elev": 19.9564, "smp_num": 228, "smp_code": "SMPCH05SR0228", "smp_type": "METALLURGICAL", "date_": "2005/07/05 00:00:00.000", "source": "05JULY05A", "comments": null, "sample_no": 228, "sample_cod": "SMPCH05SR0228", "descriptio": "Metallurgical sample from courtyard", "date_1": "2005/07/05 00:00:00.000", "sample_typ": "Metallurgical", "cxt_cd": "CH05SR0509", "cxt_num": 509 }, "geometry": { "type": "Point", "coordinates": [ 1097.777110000000903, 987.083179999999629 ] } },
{ "type": "Feature", "properties": { "OBJECTID": 57, "Created": null, "ModifiedLa": "2005/07/23 08:39:45.000", "ModifiedBy": null, "pt_id": 50, "easting": 1098.0998, "northing": 987.5015, "elev": 19.9385, "smp_num": 229, "smp_code": "SMPCH05SR0229", "smp_type": "METALLURGICAL", "date_": "2005/07/05 00:00:00.000", "source": "05JULY05A", "comments": null, "sample_no": 229, "sample_cod": "SMPCH05SR0229", "descriptio": "Metallurgical sample from courtyard", "date_1": "2005/07/05 00:00:00.000", "sample_typ": "Metallurgical", "cxt_cd": "CH05SR0509", "cxt_num": 509 }, "geometry": { "type": "Point", "coordinates": [ 1098.099770000000717, 987.501480000000811 ] } },
{ "type": "Feature", "properties": { "OBJECTID": 58, "Created": null, "ModifiedLa": "2005/07/23 08:39:45.000", "ModifiedBy": null, "pt_id": 51, "easting": 1098.3817, "northing": 987.8972, "elev": 19.9548, "smp_num": 230, "smp_code": "SMPCH05SR0230", "smp_type": "METALLURGICAL", "date_": "2005/07/05 00:00:00.000", "source": "05JULY05A", "comments": null, "sample_no": 230, "sample_cod": "SMPCH05SR0230", "descriptio": "Metallurgical sample from courtyard", "date_1": "2005/07/05 00:00:00.000", "sample_typ": "Metallurgical", "cxt_cd": "CH05SR0509", "cxt_num": 509 }, "geometry": { "type": "Point", "coordinates": [ 1098.381659999999101, 987.897209999999177 ] } },
{ "type": "Feature", "properties": { "OBJECTID": 59, "Created": null, "ModifiedLa": "2005/07/23 08:39:45.000", "ModifiedBy": null, "pt_id": 52, "easting": 1097.3089, "northing": 985.5668, "elev": 19.9753, "smp_num": 231, "smp_code": "SMPCH05SR0231", "smp_type": "METALLURGICAL", "date_": "2005/07/05 00:00:00.000", "source": "05JULY05A", "comments": null, "sample_no": 231, "sample_cod": "SMPCH05SR0231", "descriptio": "Metallurgical sample from courtyard", "date_1": "2005/07/05 00:00:00.000", "sample_typ": "Metallurgical", "cxt_cd": "CH05SR0509", "cxt_num": 509 }, "geometry": { "type": "Point", "coordinates": [ 1097.308909999999742, 985.566769999999451 ] } },
{ "type": "Feature", "properties": { "OBJECTID": 60, "Created": null, "ModifiedLa": "2005/07/23 08:39:45.000", "ModifiedBy": null, "pt_id": 53, "easting": 1097.5798, "northing": 985.9691, "elev": 19.9561, "smp_num": 232, "smp_code": "SMPCH05SR0232", "smp_type": "METALLURGICAL", "date_": "2005/07/05 00:00:00.000", "source": "05JULY05A", "comments": null, "sample_no": 232, "sample_cod": "SMPCH05SR0232", "descriptio": "Metallurgical sample from courtyard", "date_1": "2005/07/05 00:00:00.000", "sample_typ": "Metallurgical", "cxt_cd": "CH05SR0509", "cxt_num": 509 }, "geometry": { "type": "Point", "coordinates": [ 1097.579820000000836, 985.969119999999748 ] } },
{ "type": "Feature", "properties": { "OBJECTID": 61, "Created": null, "ModifiedLa": "2005/07/23 08:39:45.000", "ModifiedBy": null, "pt_id": 54, "easting": 1097.8938, "northing": 986.3828, "elev": 19.9564, "smp_num": 233, "smp_code": "SMPCH05SR0233", "smp_type": "METALLURGICAL", "date_": "2005/07/05 00:00:00.000", "source": "05JULY05A", "comments": null, "sample_no": 233, "sample_cod": "SMPCH05SR0233", "descriptio": "Metallurgical sample from courtyard", "date_1": "2005/07/05 00:00:00.000", "sample_typ": "Metallurgical", "cxt_cd": "CH05SR0509", "cxt_num": 509 }, "geometry": { "type": "Point", "coordinates": [ 1097.893760000000839, 986.382830000000467 ] } },
{ "type": "Feature", "properties": { "OBJECTID": 62, "Created": null, "ModifiedLa": "2005/07/23 08:39:45.000", "ModifiedBy": null, "pt_id": 55, "easting": 1098.1812, "northing": 986.7878, "elev": 19.9442, "smp_num": 234, "smp_code": "SMPCH05SR0234", "smp_type": "METALLURGICAL", "date_": "2005/07/05 00:00:00.000", "source": "05JULY05A", "comments": null, "sample_no": 234, "sample_cod": "SMPCH05SR0234", "descriptio": "Metallurgical sample from courtyard", "date_1": "2005/07/05 00:00:00.000", "sample_typ": "Metallurgical", "cxt_cd": "CH05SR0509", "cxt_num": 509 }, "geometry": { "type": "Point", "coordinates": [ 1098.181179999999586, 986.78784000000087 ] } },
{ "type": "Feature", "properties": { "OBJECTID": 63, "Created": null, "ModifiedLa": "2005/07/23 08:39:45.000", "ModifiedBy": null, "pt_id": 56, "easting": 1098.4745, "northing": 987.1919, "elev": 19.9402, "smp_num": 235, "smp_code": "SMPCH05SR0235", "smp_type": "METALLURGICAL", "date_": "2005/07/05 00:00:00.000", "source": "05JULY05A", "comments": null, "sample_no": 235, "sample_cod": "SMPCH05SR0235", "descriptio": "Metallurgical sample from courtyard", "date_1": "2005/07/05 00:00:00.000", "sample_typ": "Metallurgical", "cxt_cd": "CH05SR0509", "cxt_num": 509 }, "geometry": { "type": "Point", "coordinates": [ 1098.474480000000767, 987.191909999999552 ] } },
{ "type": "Feature", "properties": { "OBJECTID": 64, "Created": null, "ModifiedLa": "2005/07/23 08:39:45.000", "ModifiedBy": null, "pt_id": 57, "easting": 1098.7897, "northing": 987.5771, "elev": 19.9663, "smp_num": 236, "smp_code": "SMPCH05SR0236", "smp_type": "METALLURGICAL", "date_": "2005/07/05 00:00:00.000", "source": "05JULY05A", "comments": null, "sample_no": 236, "sample_cod": "SMPCH05SR0236", "descriptio": "Metallurgical sample from courtyard", "date_1": "2005/07/05 00:00:00.000", "sample_typ": "Metallurgical", "cxt_cd": "CH05SR0509", "cxt_num": 509 }, "geometry": { "type": "Point", "coordinates": [ 1098.789679999999862, 987.57712 ] } },
{ "type": "Feature", "properties": { "OBJECTID": 65, "Created": null, "ModifiedLa": "2005/07/23 08:39:45.000", "ModifiedBy": null, "pt_id": 78, "easting": 1106.4489, "northing": 989.8994, "elev": 18.7222, "smp_num": 238, "smp_code": "SMPCH05SR0238", "smp_type": "METALLURGICAL", "date_": "2005/07/05 00:00:00.000", "source": "05JULY05A", "comments": null, "sample_no": 238, "sample_cod": "SMPCH05SR0238", "descriptio": "Metallurgical sample from room 33", "date_1": "2005/07/05 00:00:00.000", "sample_typ": "Metallurgical", "cxt_cd": "CH05SR0518", "cxt_num": 518 }, "geometry": { "type": "Point", "coordinates": [ 1106.448899999999412, 989.899400000000242 ] } },
{ "type": "Feature", "properties": { "OBJECTID": 66, "Created": null, "ModifiedLa": "2005/07/31 15:19:03.000", "ModifiedBy": null, "pt_id": 1, "easting": 1095.1126, "northing": 991.9682, "elev": 19.9992, "smp_num": 239, "smp_code": "SMPCH05SR0239", "smp_type": "PALEOBOTANICAL", "date_": "2005/07/06 00:00:00.000", "source": "06JULY05B", "comments": null, "sample_no": 239, "sample_cod": "SMPCH05SR0239", "descriptio": "Palaeobotanical Sample", "date_1": "2005/07/06 00:00:00.000", "sample_typ": "Palaeobotanical", "cxt_cd": "CH05SR0509", "cxt_num": 509 }, "geometry": { "type": "Point", "coordinates": [ 1095.112610000000132, 991.968210000000909 ] } },
{ "type": "Feature", "properties": { "OBJECTID": 67, "Created": null, "ModifiedLa": "2005/07/16 16:25:06.000", "ModifiedBy": null, "pt_id": 1083, "easting": 1106.17819, "northing": 990.15903, "elev": 18.8226, "smp_num": 1, "smp_code": "SMPCH04SR0001", "smp_type": "ORGANIC", "date_": "2004/07/15 00:00:00.000", "source": "CH04", "comments": null, "sample_no": 236, "sample_cod": "SMPCH04SR0001", "descriptio": "organic material from inside pithos", "date_1": "2004/07/15 00:00:00.000", "sample_typ": "Organic Material", "cxt_cd": "CH04SR0410", "cxt_num": 410 }, "geometry": { "type": "Point", "coordinates": [ 1106.178190000000541, 990.159030000000712 ] } },
{ "type": "Feature", "properties": { "OBJECTID": 68, "Created": null, "ModifiedLa": "2005/07/23 08:39:45.000", "ModifiedBy": null, "pt_id": 220, "easting": 1106.0026, "northing": 993.1885, "elev": 18.6225, "smp_num": 89, "smp_code": "SMPCH05SR0089", "smp_type": "METALLURGICAL", "date_": "2005/07/01 00:00:00.000", "source": "01JULY05B", "comments": null, "sample_no": 89, "sample_cod": "SMPCH05SR0089", "descriptio": "Metallurgical find from the eastern part of room number 33", "date_1": "2005/07/01 00:00:00.000", "sample_typ": "Metallurgical", "cxt_cd": "CH05SR0451", "cxt_num": 451 }, "geometry": { "type": "Point", "coordinates": [ 1106.00259, 993.188480000000709 ] } },
{ "type": "Feature", "properties": { "OBJECTID": 69, "Created": null, "ModifiedLa": "2005/07/23 08:39:45.000", "ModifiedBy": null, "pt_id": 221, "easting": 1106.2853, "northing": 993.6175, "elev": 18.645, "smp_num": 90, "smp_code": "SMPCH05SR0090", "smp_type": "METALLURGICAL", "date_": "2005/07/01 00:00:00.000", "source": "01JULY05B", "comments": null, "sample_no": 90, "sample_cod": "SMPCH05SR0090", "descriptio": "Metallurgical find from the eastern part of room number 33", "date_1": "2005/07/01 00:00:00.000", "sample_typ": "Metallurgical", "cxt_cd": "CH05SR0451", "cxt_num": 451 }, "geometry": { "type": "Point", "coordinates": [ 1106.285309999999299, 993.61751 ] } },
{ "type": "Feature", "properties": { "OBJECTID": 70, "Created": null, "ModifiedLa": "2005/07/23 08:39:45.000", "ModifiedBy": null, "pt_id": 222, "easting": 1106.6337, "northing": 994.0059, "elev": 18.6681, "smp_num": 91, "smp_code": "SMPCH05SR0091", "smp_type": "METALLURGICAL", "date_": "2005/07/01 00:00:00.000", "source": "01JULY05B", "comments": null, "sample_no": 91, "sample_cod": "SMPCH05SR0091", "descriptio": "Metallurgical find from the eastern part of room number 33", "date_1": "2005/07/01 00:00:00.000", "sample_typ": "Metallurgical", "cxt_cd": "CH05SR0451", "cxt_num": 451 }, "geometry": { "type": "Point", "coordinates": [ 1106.63369000000057, 994.005890000000363 ] } },
{ "type": "Feature", "properties": { "OBJECTID": 71, "Created": null, "ModifiedLa": "2005/07/31 15:19:03.000", "ModifiedBy": null, "pt_id": 68, "easting": 1107.936, "northing": 991.8259, "elev": 18.6506, "smp_num": 119, "smp_code": "SMPCH05SR0119", "smp_type": "PALEOBOTANICAL", "date_": "2005/07/02 00:00:00.000", "source": "02JULY05B", "comments": null, "sample_no": 119, "sample_cod": "SMPCH05SR0119", "descriptio": "Palaeobotanical Sample", "date_1": "2005/07/02 00:00:00.000", "sample_typ": "Palaeobotanical", "cxt_cd": "CH05SR0451", "cxt_num": 451 }, "geometry": { "type": "Point", "coordinates": [ 1107.936030000000756, 991.82586000000083 ] } },
{ "type": "Feature", "properties": { "OBJECTID": 72, "Created": null, "ModifiedLa": "2005/07/31 15:19:03.000", "ModifiedBy": null, "pt_id": 87, "easting": 1107.1971, "northing": 992.1923, "elev": 18.6274, "smp_num": 120, "smp_code": "SMPCH05SR0120", "smp_type": "PALEOBOTANICAL", "date_": "2005/07/02 00:00:00.000", "source": "02JULY05B", "comments": null, "sample_no": 120, "sample_cod": "SMPCH05SR0120", "descriptio": "Palaeobotanical Sample", "date_1": "2005/07/02 00:00:00.000", "sample_typ": "Palaeobotanical", "cxt_cd": "CH05SR0451", "cxt_num": 451 }, "geometry": { "type": "Point", "coordinates": [ 1107.197070000000167, 992.1922799999993 ] } },
{ "type": "Feature", "properties": { "OBJECTID": 73, "Created": null, "ModifiedLa": "2005/07/31 15:19:03.000", "ModifiedBy": null, "pt_id": 88, "easting": 1106.3813, "northing": 992.7739, "elev": 18.513, "smp_num": 121, "smp_code": "SMPCH05SR0121", "smp_type": "PALEOBOTANICAL", "date_": "2005/07/02 00:00:00.000", "source": "02JULY05B", "comments": null, "sample_no": 121, "sample_cod": "SMPCH05SR0121", "descriptio": "Palaeobotanical Sample", "date_1": "2005/07/02 00:00:00.000", "sample_typ": "Palaeobotanical", "cxt_cd": "CH05SR0451", "cxt_num": 451 }, "geometry": { "type": "Point", "coordinates": [ 1106.381299999999101, 992.773939999999129 ] } },
{ "type": "Feature", "properties": { "OBJECTID": 74, "Created": null, "ModifiedLa": "2005/07/23 08:39:45.000", "ModifiedBy": null, "pt_id": 54, "easting": 1092.4975, "northing": 989.2127, "elev": 20.209, "smp_num": 125, "smp_code": "SMPCH05SR0125", "smp_type": "METALLURGICAL", "date_": "2005/07/04 00:00:00.000", "source": "04JULY05A2", "comments": null, "sample_no": 125, "sample_cod": "SMPCH05SR0125", "descriptio": "Metallurgical sample from courtyard", "date_1": "2005/07/04 00:00:00.000", "sample_typ": "Metallurgical", "cxt_cd": "CH05SR0509", "cxt_num": 509 }, "geometry": { "type": "Point", "coordinates": [ 1092.497499999999491, 989.212709999999788 ] } },
{ "type": "Feature", "properties": { "OBJECTID": 75, "Created": null, "ModifiedLa": "2005/07/23 08:39:45.000", "ModifiedBy": null, "pt_id": 55, "easting": 1092.8067, "northing": 989.5729, "elev": 20.106, "smp_num": 126, "smp_code": "SMPCH05SR0126", "smp_type": "METALLURGICAL", "date_": "2005/07/04 00:00:00.000", "source": "04JULY05A2", "comments": null, "sample_no": 126, "sample_cod": "SMPCH05SR0126", "descriptio": "Metallurgical sample from courtyard", "date_1": "2005/07/04 00:00:00.000", "sample_typ": "Metallurgical", "cxt_cd": "CH05SR0509", "cxt_num": 509 }, "geometry": { "type": "Point", "coordinates": [ 1092.806660000000193, 989.57294 ] } },
{ "type": "Feature", "properties": { "OBJECTID": 76, "Created": null, "ModifiedLa": "2005/07/23 08:39:45.000", "ModifiedBy": null, "pt_id": 56, "easting": 1093.1726, "northing": 989.9848, "elev": 20.0138, "smp_num": 127, "smp_code": "SMPCH05SR0127", "smp_type": "METALLURGICAL", "date_": "2005/07/04 00:00:00.000", "source": "04JULY05A2", "comments": null, "sample_no": 127, "sample_cod": "SMPCH05SR0127", "descriptio": "Metallurgical sample from courtyard", "date_1": "2005/07/04 00:00:00.000", "sample_typ": "Metallurgical", "cxt_cd": "CH05SR0509", "cxt_num": 509 }, "geometry": { "type": "Point", "coordinates": [ 1093.172560000000885, 989.984800000000178 ] } },
{ "type": "Feature", "properties": { "OBJECTID": 77, "Created": null, "ModifiedLa": "2005/07/23 08:39:45.000", "ModifiedBy": null, "pt_id": 57, "easting": 1093.4384, "northing": 990.3428, "elev": 19.9778, "smp_num": 128, "smp_code": "SMPCH05SR0128", "smp_type": "METALLURGICAL", "date_": "2005/07/04 00:00:00.000", "source": "04JULY05A2", "comments": null, "sample_no": 128, "sample_cod": "SMPCH05SR0128", "descriptio": "Metallurgical sample from courtyard", "date_1": "2005/07/04 00:00:00.000", "sample_typ": "Metallurgical", "cxt_cd": "CH05SR0509", "cxt_num": 509 }, "geometry": { "type": "Point", "coordinates": [ 1093.438379999999597, 990.342780000000857 ] } },
{ "type": "Feature", "properties": { "OBJECTID": 78, "Created": null, "ModifiedLa": "2005/07/23 08:39:45.000", "ModifiedBy": null, "pt_id": 58, "easting": 1093.7528, "northing": 990.7425, "elev": 19.9631, "smp_num": 129, "smp_code": "SMPCH05SR0129", "smp_type": "METALLURGICAL", "date_": "2005/07/04 00:00:00.000", "source": "04JULY05A2", "comments": null, "sample_no": 129, "sample_cod": "SMPCH05SR0129", "descriptio": "Metallurgical sample from courtyard", "date_1": "2005/07/04 00:00:00.000", "sample_typ": "Metallurgical", "cxt_cd": "CH05SR0509", "cxt_num": 509 }, "geometry": { "type": "Point", "coordinates": [ 1093.752780000000712, 990.742529999999533 ] } },
{ "type": "Feature", "properties": { "OBJECTID": 79, "Created": null, "ModifiedLa": "2005/07/23 08:39:45.000", "ModifiedBy": null, "pt_id": 59, "easting": 1094.0465, "northing": 991.1644, "elev": 20.0182, "smp_num": 130, "smp_code": "SMPCH05SR0130", "smp_type": "METALLURGICAL", "date_": "2005/07/04 00:00:00.000", "source": "04JULY05A2", "comments": null, "sample_no": 130, "sample_cod": "SMPCH05SR0130", "descriptio": "Metallurgical sample from courtyard", "date_1": "2005/07/04 00:00:00.000", "sample_typ": "Metallurgical", "cxt_cd": "CH05SR0509", "cxt_num": 509 }, "geometry": { "type": "Point", "coordinates": [ 1094.046519999999873, 991.164380000000165 ] } },
{ "type": "Feature", "properties": { "OBJECTID": 80, "Created": null, "ModifiedLa": "2005/07/23 08:39:45.000", "ModifiedBy": null, "pt_id": 60, "easting": 1094.3362, "northing": 991.5493, "elev": 20.0036, "smp_num": 131, "smp_code": "SMPCH05SR0131", "smp_type": "METALLURGICAL", "date_": "2005/07/04 00:00:00.000", "source": "04JULY05A2", "comments": null, "sample_no": 131, "sample_cod": "SMPCH05SR0131", "descriptio": "Metallurgical sample from courtyard", "date_1": "2005/07/04 00:00:00.000", "sample_typ": "Metallurgical", "cxt_cd": "CH05SR0509", "cxt_num": 509 }, "geometry": { "type": "Point", "coordinates": [ 1094.336230000000796, 991.549310000000332 ] } },
{ "type": "Feature", "properties": { "OBJECTID": 81, "Created": null, "ModifiedLa": "2005/07/23 08:39:45.000", "ModifiedBy": null, "pt_id": 61, "easting": 1094.6471, "northing": 991.9487, "elev": 20.0037, "smp_num": 132, "smp_code": "SMPCH05SR0132", "smp_type": "METALLURGICAL", "date_": "2005/07/04 00:00:00.000", "source": "04JULY05A2", "comments": null, "sample_no": 132, "sample_cod": "SMPCH05SR0132", "descriptio": "Metallurgical sample from courtyard", "date_1": "2005/07/04 00:00:00.000", "sample_typ": "Metallurgical", "cxt_cd": "CH05SR0509", "cxt_num": 509 }, "geometry": { "type": "Point", "coordinates": [ 1094.647129999999379, 991.948720000000321 ] } },
{ "type": "Feature", "properties": { "OBJECTID": 82, "Created": null, "ModifiedLa": "2005/07/23 08:39:45.000", "ModifiedBy": null, "pt_id": 62, "easting": 1094.9143, "northing": 992.3114, "elev": 20.0039, "smp_num": 133, "smp_code": "SMPCH05SR0133", "smp_type": "METALLURGICAL", "date_": "2005/07/04 00:00:00.000", "source": "04JULY05A2", "comments": null, "sample_no": 133, "sample_cod": "SMPCH05SR0133", "descriptio": "Metallurgical sample from courtyard", "date_1": "2005/07/04 00:00:00.000", "sample_typ": "Metallurgical", "cxt_cd": "CH05SR0509", "cxt_num": 509 }, "geometry": { "type": "Point", "coordinates": [ 1094.914300000000367, 992.311429999999746 ] } },
{ "type": "Feature", "properties": { "OBJECTID": 83, "Created": null, "ModifiedLa": "2005/07/31 15:19:03.000", "ModifiedBy": null, "pt_id": 63, "easting": 1088.1801, "northing": 989.5995, "elev": 18.598, "smp_num": 124, "smp_code": "SMPCH05SR0124", "smp_type": "PALEOBOTANICAL", "date_": "2005/07/04 00:00:00.000", "source": "04JULY05A2", "comments": null, "sample_no": 124, "sample_cod": "SMPCH05SR0124", "descriptio": "Flotation Sample", "date_1": "2005/07/02 00:00:00.000", "sample_typ": "Palaeobotanical", "cxt_cd": "CH05SR0511", "cxt_num": 511 }, "geometry": { "type": "Point", "coordinates": [ 1088.180070000000342, 989.599480000000767 ] } },
{ "type": "Feature", "properties": { "OBJECTID": 84, "Created": null, "ModifiedLa": "2005/07/23 08:39:45.000", "ModifiedBy": null, "pt_id": 64, "easting": 1092.926, "northing": 988.8786, "elev": 20.1897, "smp_num": 134, "smp_code": "SMPCH05SR0134", "smp_type": "METALLURGICAL", "date_": "2005/07/04 00:00:00.000", "source": "04JULY05A2", "comments": null, "sample_no": 134, "sample_cod": "SMPCH05SR0134", "descriptio": "Metallurgical sample from courtyard", "date_1": "2005/07/04 00:00:00.000", "sample_typ": "Metallurgical", "cxt_cd": "CH05SR0509", "cxt_num": 509 }, "geometry": { "type": "Point", "coordinates": [ 1092.926040000000285, 988.878570000000764 ] } },
{ "type": "Feature", "properties": { "OBJECTID": 85, "Created": null, "ModifiedLa": "2005/07/23 08:39:45.000", "ModifiedBy": null, "pt_id": 65, "easting": 1093.2167, "northing": 989.2733, "elev": 20.117, "smp_num": 135, "smp_code": "SMPCH05SR0135", "smp_type": "METALLURGICAL", "date_": "2005/07/04 00:00:00.000", "source": "04JULY05A2", "comments": null, "sample_no": 135, "sample_cod": "SMPCH05SR0135", "descriptio": "Metallurgical sample from courtyard", "date_1": "2005/07/04 00:00:00.000", "sample_typ": "Metallurgical", "cxt_cd": "CH05SR0509", "cxt_num": 509 }, "geometry": { "type": "Point", "coordinates": [ 1093.216669999999795, 989.273269999999684 ] } },
{ "type": "Feature", "properties": { "OBJECTID": 86, "Created": null, "ModifiedLa": "2005/07/23 08:39:45.000", "ModifiedBy": null, "pt_id": 66, "easting": 1093.5362, "northing": 989.6592, "elev": 20.0495, "smp_num": 136, "smp_code": "SMPCH05SR0136", "smp_type": "METALLURGICAL", "date_": "2005/07/04 00:00:00.000", "source": "04JULY05A2", "comments": null, "sample_no": 136, "sample_cod": "SMPCH05SR0136", "descriptio": "Metallurgical sample from courtyard", "date_1": "2005/07/04 00:00:00.000", "sample_typ": "Metallurgical", "cxt_cd": "CH05SR0509", "cxt_num": 509 }, "geometry": { "type": "Point", "coordinates": [ 1093.5362499999992, 989.659229999999297 ] } },
{ "type": "Feature", "properties": { "OBJECTID": 87, "Created": null, "ModifiedLa": "2005/07/23 08:39:45.000", "ModifiedBy": null, "pt_id": 67, "easting": 1093.8493, "northing": 990.0443, "elev": 20.0191, "smp_num": 137, "smp_code": "SMPCH05SR0137", "smp_type": "METALLURGICAL", "date_": "2005/07/04 00:00:00.000", "source": "04JULY05A2", "comments": null, "sample_no": 137, "sample_cod": "SMPCH05SR0137", "descriptio": "Metallurgical sample from courtyard", "date_1": "2005/07/04 00:00:00.000", "sample_typ": "Metallurgical", "cxt_cd": "CH05SR0509", "cxt_num": 509 }, "geometry": { "type": "Point", "coordinates": [ 1093.8493299999991, 990.044309999999314 ] } },
{ "type": "Feature", "properties": { "OBJECTID": 88, "Created": null, "ModifiedLa": "2005/07/23 08:39:45.000", "ModifiedBy": null, "pt_id": 68, "easting": 1094.1312, "northing": 990.4641, "elev": 20.018, "smp_num": 138, "smp_code": "SMPCH05SR0138", "smp_type": "METALLURGICAL", "date_": "2005/07/04 00:00:00.000", "source": "04JULY05A2", "comments": null, "sample_no": 138, "sample_cod": "SMPCH05SR0138", "descriptio": "Metallurgical sample from courtyard", "date_1": "2005/07/04 00:00:00.000", "sample_typ": "Metallurgical", "cxt_cd": "CH05SR0509", "cxt_num": 509 }, "geometry": { "type": "Point", "coordinates": [ 1094.131240000000616, 990.464050000000498 ] } },
{ "type": "Feature", "properties": { "OBJECTID": 89, "Created": null, "ModifiedLa": "2005/07/23 08:39:45.000", "ModifiedBy": null, "pt_id": 69, "easting": 1094.4375, "northing": 990.8665, "elev": 20.0327, "smp_num": 139, "smp_code": "SMPCH05SR0139", "smp_type": "METALLURGICAL", "date_": "2005/07/04 00:00:00.000", "source": "04JULY05A2", "comments": null, "sample_no": 139, "sample_cod": "SMPCH05SR0139", "descriptio": "Metallurgical sample from courtyard", "date_1": "2005/07/04 00:00:00.000", "sample_typ": "Metallurgical", "cxt_cd": "CH05SR0509", "cxt_num": 509 }, "geometry": { "type": "Point", "coordinates": [ 1094.437529999999242, 990.866529999999329 ] } },
{ "type": "Feature", "properties": { "OBJECTID": 90, "Created": null, "ModifiedLa": "2005/07/23 08:39:45.000", "ModifiedBy": null, "pt_id": 70, "easting": 1094.7413, "northing": 991.2654, "elev": 20.0648, "smp_num": 140, "smp_code": "SMPCH05SR0140", "smp_type": "METALLURGICAL", "date_": "2005/07/04 00:00:00.000", "source": "04JULY05A2", "comments": null, "sample_no": 140, "sample_cod": "SMPCH05SR0140", "descriptio": "Metallurgical sample from courtyard", "date_1": "2005/07/04 00:00:00.000", "sample_typ": "Metallurgical", "cxt_cd": "CH05SR0509", "cxt_num": 509 }, "geometry": { "type": "Point", "coordinates": [ 1094.741299999999683, 991.265359999999419 ] } },
{ "type": "Feature", "properties": { "OBJECTID": 91, "Created": null, "ModifiedLa": "2005/07/23 08:39:45.000", "ModifiedBy": null, "pt_id": 71, "easting": 1095.047, "northing": 991.6785, "elev": 20.0664, "smp_num": 141, "smp_code": "SMPCH05SR0141", "smp_type": "METALLURGICAL", "date_": "2005/07/04 00:00:00.000", "source": "04JULY05A2", "comments": null, "sample_no": 141, "sample_cod": "SMPCH05SR0141", "descriptio": "Metallurgical sample from courtyard", "date_1": "2005/07/04 00:00:00.000", "sample_typ": "Metallurgical", "cxt_cd": "CH05SR0509", "cxt_num": 509 }, "geometry": { "type": "Point", "coordinates": [ 1095.047029999999722, 991.678540000000794 ] } },
{ "type": "Feature", "properties": { "OBJECTID": 92, "Created": null, "ModifiedLa": "2005/07/23 08:39:45.000", "ModifiedBy": null, "pt_id": 72, "easting": 1095.3523, "northing": 992.0565, "elev": 19.96, "smp_num": 142, "smp_code": "SMPCH05SR0142", "smp_type": "METALLURGICAL", "date_": "2005/07/04 00:00:00.000", "source": "04JULY05A2", "comments": null, "sample_no": 142, "sample_cod": "SMPCH05SR0142", "descriptio": "Metallurgical sample from courtyard", "date_1": "2005/07/04 00:00:00.000", "sample_typ": "Metallurgical", "cxt_cd": "CH05SR0509", "cxt_num": 509 }, "geometry": { "type": "Point", "coordinates": [ 1095.352279999999155, 992.056479999999283 ] } },
{ "type": "Feature", "properties": { "OBJECTID": 93, "Created": null, "ModifiedLa": "2005/07/31 15:19:03.000", "ModifiedBy": null, "pt_id": 20, "easting": 1097.42, "northing": 986.5369, "elev": 19.9564, "smp_num": 259, "smp_code": "SMPCH05SR0259", "smp_type": "PALEOBOTANICAL", "date_": "2005/07/06 00:00:00.000", "source": "06JULY05B", "comments": null, "sample_no": 259, "sample_cod": "SMPCH05SR0259", "descriptio": "Palaeobotanical Sample", "date_1": "2005/07/06 00:00:00.000", "sample_typ": "Palaeobotanical", "cxt_cd": "CH05SR0509", "cxt_num": 509 }, "geometry": { "type": "Point", "coordinates": [ 1097.419970000000831, 986.53687 ] } },
{ "type": "Feature", "properties": { "OBJECTID": 94, "Created": null, "ModifiedLa": "2005/07/25 19:30:02.000", "ModifiedBy": null, "pt_id": 40, "easting": 1105.9861, "northing": 990.2901, "elev": 18.6775, "smp_num": 260, "smp_code": "SMPCH05SR0260", "smp_type": "METALLURGICAL", "date_": "2005/07/06 00:00:00.000", "source": "06JULY05B", "comments": null, "sample_no": 260, "sample_cod": "SMPCH05SR0260", "descriptio": "Metallurgical Sample", "date_1": "2005/07/06 00:00:00.000", "sample_typ": "Metallurgical", "cxt_cd": "CH05SR0519", "cxt_num": 519 }, "geometry": { "type": "Point", "coordinates": [ 1105.986090000000331, 990.290059999999357 ] } },
{ "type": "Feature", "properties": { "OBJECTID": 95, "Created": null, "ModifiedLa": "2005/07/25 19:30:02.000", "ModifiedBy": null, "pt_id": 41, "easting": 1104.4411, "northing": 988.1073, "elev": 18.802, "smp_num": 261, "smp_code": "SMPCH05SR0261", "smp_type": "METALLURGICAL", "date_": "2005/07/06 00:00:00.000", "source": "06JULY05B", "comments": null, "sample_no": 261, "sample_cod": "SMPCH05SR0261", "descriptio": "room 28 - eath feature", "date_1": "2005/07/06 00:00:00.000", "sample_typ": "Metallurgical", "cxt_cd": "CH05SR0505", "cxt_num": 505 }, "geometry": { "type": "Point", "coordinates": [ 1104.441059999999197, 988.107280000000173 ] } },
{ "type": "Feature", "properties": { "OBJECTID": 96, "Created": null, "ModifiedLa": "2005/07/25 19:30:02.000", "ModifiedBy": null, "pt_id": 42, "easting": 1105.9774, "northing": 993.3655, "elev": 18.4643, "smp_num": 262, "smp_code": "SMPCH05SR0262", "smp_type": "METALLURGICAL", "date_": "2005/07/06 00:00:00.000", "source": "06JULY05B", "comments": null, "sample_no": 262, "sample_cod": "SMPCH05SR0262", "descriptio": "metallurgical sample", "date_1": "2005/07/06 00:00:00.000", "sample_typ": "Metallurgical", "cxt_cd": "CH05SR0519", "cxt_num": 519 }, "geometry": { "type": "Point", "coordinates": [ 1105.97744000000057, 993.365460000000894 ] } },
{ "type": "Feature", "properties": { "OBJECTID": 97, "Created": null, "ModifiedLa": "2005/07/25 19:30:02.000", "ModifiedBy": null, "pt_id": 43, "easting": 1106.343, "northing": 993.8023, "elev": 18.5596, "smp_num": 263, "smp_code": "SMPCH05SR0263", "smp_type": "METALLURGICAL", "date_": "2005/07/06 00:00:00.000", "source": "06JULY05B", "comments": null, "sample_no": 263, "sample_cod": "SMPCH05SR0263", "descriptio": "metallurgical sample", "date_1": "2005/07/06 00:00:00.000", "sample_typ": "Metallurgical", "cxt_cd": "CH05SR0519", "cxt_num": 519 }, "geometry": { "type": "Point", "coordinates": [ 1106.342979999999443, 993.802320000000691 ] } },
{ "type": "Feature", "properties": { "OBJECTID": 98, "Created": null, "ModifiedLa": "2005/07/25 19:30:02.000", "ModifiedBy": null, "pt_id": 44, "easting": 1106.6762, "northing": 994.1016, "elev": 18.5962, "smp_num": 264, "smp_code": "SMPCH05SR0264", "smp_type": "METALLURGICAL", "date_": "2005/07/06 00:00:00.000", "source": "06JULY05B", "comments": null, "sample_no": 264, "sample_cod": "SMPCH05SR0264", "descriptio": "metallurgical sample", "date_1": "2005/07/06 00:00:00.000", "sample_typ": "Metallurgical", "cxt_cd": "CH05SR0519", "cxt_num": 519 }, "geometry": { "type": "Point", "coordinates": [ 1106.676199999999881, 994.101559999999154 ] } },
{ "type": "Feature", "properties": { "OBJECTID": 99, "Created": null, "ModifiedLa": "2005/07/25 19:30:02.000", "ModifiedBy": null, "pt_id": 45, "easting": 1106.9379, "northing": 994.4421, "elev": 18.662, "smp_num": 265, "smp_code": "SMPCH05SR0265", "smp_type": "METALLURGICAL", "date_": "2005/07/06 00:00:00.000", "source": "06JULY05B", "comments": null, "sample_no": 265, "sample_cod": "SMPCH05SR0265", "descriptio": "metallurgical sample", "date_1": "2005/07/06 00:00:00.000", "sample_typ": "Metallurgical", "cxt_cd": "CH05SR0519", "cxt_num": 519 }, "geometry": { "type": "Point", "coordinates": [ 1106.937949999999546, 994.442090000000462 ] } },
{ "type": "Feature", "properties": { "OBJECTID": 100, "Created": null, "ModifiedLa": "2005/07/25 19:30:02.000", "ModifiedBy": null, "pt_id": 46, "easting": 1106.4059, "northing": 992.9697, "elev": 18.4827, "smp_num": 266, "smp_code": "SMPCH05SR0266", "smp_type": "METALLURGICAL", "date_": "2005/07/06 00:00:00.000", "source": "06JULY05B", "comments": null, "sample_no": 266, "sample_cod": "SMPCH05SR0266", "descriptio": "metallurgical sample", "date_1": "2005/07/06 00:00:00.000", "sample_typ": "Metallurgical", "cxt_cd": "CH05SR0519", "cxt_num": 519 }, "geometry": { "type": "Point", "coordinates": [ 1106.40589, 992.969680000000153 ] } },
{ "type": "Feature", "properties": { "OBJECTID": 101, "Created": null, "ModifiedLa": "2005/07/25 19:30:02.000", "ModifiedBy": null, "pt_id": 47, "easting": 1106.7199, "northing": 993.3819, "elev": 18.4572, "smp_num": 267, "smp_code": "SMPCH05SR0267", "smp_type": "METALLURGICAL", "date_": "2005/07/06 00:00:00.000", "source": "06JULY05B", "comments": null, "sample_no": 267, "sample_cod": "SMPCH05SR0267", "descriptio": "metallurgical sample", "date_1": "2005/07/06 00:00:00.000", "sample_typ": "Metallurgical", "cxt_cd": "CH05SR0519", "cxt_num": 519 }, "geometry": { "type": "Point", "coordinates": [ 1106.719880000000558, 993.381919999999809 ] } },
{ "type": "Feature", "properties": { "OBJECTID": 102, "Created": null, "ModifiedLa": "2005/07/25 19:30:02.000", "ModifiedBy": null, "pt_id": 48, "easting": 1107.0466, "northing": 993.7632, "elev": 18.5933, "smp_num": 268, "smp_code": "SMPCH05SR0268", "smp_type": "METALLURGICAL", "date_": "2005/07/06 00:00:00.000", "source": "06JULY05B", "comments": null, "sample_no": 268, "sample_cod": "SMPCH05SR0268", "descriptio": "metallurgical sample", "date_1": "2005/07/06 00:00:00.000", "sample_typ": "Metallurgical", "cxt_cd": "CH05SR0519", "cxt_num": 519 }, "geometry": { "type": "Point", "coordinates": [ 1107.046609999999419, 993.763240000000224 ] } },
{ "type": "Feature", "properties": { "OBJECTID": 103, "Created": null, "ModifiedLa": "2005/07/25 19:30:02.000", "ModifiedBy": null, "pt_id": 49, "easting": 1107.3173, "northing": 994.1548, "elev": 18.6432, "smp_num": 269, "smp_code": "SMPCH05SR0269", "smp_type": "METALLURGICAL", "date_": "2005/07/06 00:00:00.000", "source": "06JULY05B", "comments": null, "sample_no": 269, "sample_cod": "SMPCH05SR0269", "descriptio": "metallurgical sample", "date_1": "2005/07/06 00:00:00.000", "sample_typ": "Metallurgical", "cxt_cd": "CH05SR0519", "cxt_num": 519 }, "geometry": { "type": "Point", "coordinates": [ 1107.317300000000614, 994.15481 ] } },
{ "type": "Feature", "properties": { "OBJECTID": 104, "Created": null, "ModifiedLa": "2005/07/25 19:30:02.000", "ModifiedBy": null, "pt_id": 50, "easting": 1106.7597, "northing": 992.646, "elev": 18.5269, "smp_num": 270, "smp_code": "SMPCH05SR0270", "smp_type": "METALLURGICAL", "date_": "2005/07/06 00:00:00.000", "source": "06JULY05B", "comments": null, "sample_no": 270, "sample_cod": "SMPCH05SR0270", "descriptio": "metallurgical sample", "date_1": "2005/07/06 00:00:00.000", "sample_typ": "Metallurgical", "cxt_cd": "CH05SR0519", "cxt_num": 519 }, "geometry": { "type": "Point", "coordinates": [ 1106.759700000000521, 992.646020000000135 ] } },
{ "type": "Feature", "properties": { "OBJECTID": 105, "Created": null, "ModifiedLa": "2005/07/25 19:30:02.000", "ModifiedBy": null, "pt_id": 51, "easting": 1107.1051, "northing": 993.0546, "elev": 18.5562, "smp_num": 271, "smp_code": "SMPCH05SR0271", "smp_type": "METALLURGICAL", "date_": "2005/07/06 00:00:00.000", "source": "06JULY05B", "comments": null, "sample_no": 271, "sample_cod": "SMPCH05SR0271", "descriptio": "metallurgical sample", "date_1": "2005/07/06 00:00:00.000", "sample_typ": "Metallurgical", "cxt_cd": "CH05SR0519", "cxt_num": 519 }, "geometry": { "type": "Point", "coordinates": [ 1107.105059999999867, 993.054589999999735 ] } },
{ "type": "Feature", "properties": { "OBJECTID": 106, "Created": null, "ModifiedLa": "2005/07/25 19:30:02.000", "ModifiedBy": null, "pt_id": 52, "easting": 1107.4258, "northing": 993.441, "elev": 18.6006, "smp_num": 272, "smp_code": "SMPCH05SR0272", "smp_type": "METALLURGICAL", "date_": "2005/07/06 00:00:00.000", "source": "06JULY05B", "comments": null, "sample_no": 272, "sample_cod": "SMPCH05SR0272", "descriptio": "metallurgical sample", "date_1": "2005/07/06 00:00:00.000", "sample_typ": "Metallurgical", "cxt_cd": "CH05SR0519", "cxt_num": 519 }, "geometry": { "type": "Point", "coordinates": [ 1107.425779999999577, 993.440979999999399 ] } },
{ "type": "Feature", "properties": { "OBJECTID": 107, "Created": null, "ModifiedLa": "2005/07/25 19:30:02.000", "ModifiedBy": null, "pt_id": 53, "easting": 1107.7191, "northing": 993.8395, "elev": 18.652, "smp_num": 273, "smp_code": "SMPCH05SR0273", "smp_type": "METALLURGICAL", "date_": "2005/07/06 00:00:00.000", "source": "06JULY05B", "comments": null, "sample_no": 273, "sample_cod": "SMPCH05SR0273", "descriptio": "metallurgical sample", "date_1": "2005/07/06 00:00:00.000", "sample_typ": "Metallurgical", "cxt_cd": "CH05SR0519", "cxt_num": 519 }, "geometry": { "type": "Point", "coordinates": [ 1107.719119999999748, 993.839529999999286 ] } },
{ "type": "Feature", "properties": { "OBJECTID": 108, "Created": null, "ModifiedLa": "2005/07/25 19:30:02.000", "ModifiedBy": null, "pt_id": 54, "easting": 1107.1668, "northing": 992.3317, "elev": 18.5255, "smp_num": 274, "smp_code": "SMPCH05SR0274", "smp_type": "METALLURGICAL", "date_": "2005/07/06 00:00:00.000", "source": "06JULY05B", "comments": null, "sample_no": 274, "sample_cod": "SMPCH05SR0274", "descriptio": "metallurgical sample", "date_1": "2005/07/06 00:00:00.000", "sample_typ": "Metallurgical", "cxt_cd": "CH05SR0519", "cxt_num": 519 }, "geometry": { "type": "Point", "coordinates": [ 1107.166769999999815, 992.331669999999576 ] } },
{ "type": "Feature", "properties": { "OBJECTID": 109, "Created": null, "ModifiedLa": "2005/07/25 19:30:02.000", "ModifiedBy": null, "pt_id": 55, "easting": 1107.4412, "northing": 992.7316, "elev": 18.5647, "smp_num": 275, "smp_code": "SMPCH05SR0275", "smp_type": "METALLURGICAL", "date_": "2005/07/06 00:00:00.000", "source": "06JULY05B", "comments": null, "sample_no": 275, "sample_cod": "SMPCH05SR0275", "descriptio": "metallurgical sample", "date_1": "2005/07/06 00:00:00.000", "sample_typ": "Metallurgical", "cxt_cd": "CH05SR0519", "cxt_num": 519 }, "geometry": { "type": "Point", "coordinates": [ 1107.441179999999804, 992.73157 ] } },
{ "type": "Feature", "properties": { "OBJECTID": 110, "Created": null, "ModifiedLa": "2005/07/25 19:30:02.000", "ModifiedBy": null, "pt_id": 57, "easting": 1107.82, "northing": 993.1559, "elev": 18.5667, "smp_num": 276, "smp_code": "SMPCH05SR0276", "smp_type": "METALLURGICAL", "date_": "2005/07/06 00:00:00.000", "source": "06JULY05B", "comments": null, "sample_no": 276, "sample_cod": "SMPCH05SR0276", "descriptio": "metallurgical sample", "date_1": "2005/07/06 00:00:00.000", "sample_typ": "Metallurgical", "cxt_cd": "CH05SR0519", "cxt_num": 519 }, "geometry": { "type": "Point", "coordinates": [ 1107.819980000000214, 993.155909999999494 ] } },
{ "type": "Feature", "properties": { "OBJECTID": 111, "Created": null, "ModifiedLa": "2007/07/13 09:44:58.000", "ModifiedBy": null, "pt_id": 1004, "easting": 1102.5104, "northing": 1001.101, "elev": 18.7223, "smp_num": 532, "smp_code": "SMPCH06SR0532", "smp_type": "PALEOBOTANICAL", "date_": "2005/07/01 00:00:00.000", "source": "01JUL06B", "comments": null, "sample_no": 532, "sample_cod": "SMPCH06SR0532", "descriptio": "Palaeobotanical sample, fill of a drain in stenopos, 2nd portion", "date_1": "2006/07/01 00:00:00.000", "sample_typ": "Palaeobotanical", "cxt_cd": "CH06SR0791", "cxt_num": 791 }, "geometry": { "type": "Point", "coordinates": [ 1102.510399999999208, 1001.10095 ] } },
{ "type": "Feature", "properties": { "OBJECTID": 112, "Created": null, "ModifiedLa": "2007/07/13 09:44:58.000", "ModifiedBy": null, "pt_id": 1005, "easting": 1102.4973, "northing": 1001.1158, "elev": 18.6845, "smp_num": 533, "smp_code": "SMPCH06SR0533", "smp_type": "PALEOBOTANICAL", "date_": "2005/07/01 00:00:00.000", "source": "01JUL06B", "comments": null, "sample_no": 533, "sample_cod": "SMPCH06SR0533", "descriptio": "Palaeobotanical sample, fill of a drain in Stenopos, 3rd portion", "date_1": "2006/07/01 00:00:00.000", "sample_typ": "Palaeobotanical", "cxt_cd": "CH06SR0791", "cxt_num": 791 }, "geometry": { "type": "Point", "coordinates": [ 1102.497279999999591, 1001.115830000000642 ] } },
{ "type": "Feature", "properties": { "OBJECTID": 113, "Created": null, "ModifiedLa": "2007/07/13 09:44:58.000", "ModifiedBy": null, "pt_id": 1017, "easting": 1102.5432, "northing": 1001.1154, "elev": 18.6344, "smp_num": 534, "smp_code": "SMPCH06SR0534", "smp_type": "PALEOBOTANICAL", "date_": "2005/07/01 00:00:00.000", "source": "01JUL06B", "comments": null, "sample_no": 534, "sample_cod": "SMPCH06SR0534", "descriptio": "Palaeobotanical sample, fill of a drain in Stenopos, 4th portion", "date_1": "2006/07/01 00:00:00.000", "sample_typ": "Palaeobotanical", "cxt_cd": "CH06SR0791", "cxt_num": 791 }, "geometry": { "type": "Point", "coordinates": [ 1102.543219999999565, 1001.11536999999953 ] } },
{ "type": "Feature", "properties": { "OBJECTID": 114, "Created": null, "ModifiedLa": "2007/07/13 09:44:58.000", "ModifiedBy": null, "pt_id": 1054, "easting": 1086.5221, "northing": 995.0633, "elev": 19.1152, "smp_num": 552, "smp_code": "SMPCH06SR0552", "smp_type": "PALEOBOTANICAL", "date_": "2005/07/01 00:00:00.000", "source": "01JUL06B", "comments": null, "sample_no": 552, "sample_cod": "SMPCH06SR0552", "descriptio": "Palaeobotanical sample from room 31a", "date_1": "2006/07/01 00:00:00.000", "sample_typ": "Palaeobotanical", "cxt_cd": "CH06SR0792", "cxt_num": 792 }, "geometry": { "type": "Point", "coordinates": [ 1086.522139999999126, 995.063249999999243 ] } },
{ "type": "Feature", "properties": { "OBJECTID": 115, "Created": null, "ModifiedLa": "2007/07/13 09:44:58.000", "ModifiedBy": null, "pt_id": 1055, "easting": 1087.3756, "northing": 995.462, "elev": 19.1293, "smp_num": 553, "smp_code": "SMPCH06SR0553", "smp_type": "PALEOBOTANICAL", "date_": "2005/07/01 00:00:00.000", "source": "01JUL06B", "comments": null, "sample_no": 553, "sample_cod": "SMPCH06SR0553", "descriptio": "Palaeobotanical sample from room 31a", "date_1": "2006/07/01 00:00:00.000", "sample_typ": "Palaeobotanical", "cxt_cd": "CH06SR0792", "cxt_num": 792 }, "geometry": { "type": "Point", "coordinates": [ 1087.375599999999395, 995.461970000000292 ] } },
{ "type": "Feature", "properties": { "OBJECTID": 116, "Created": null, "ModifiedLa": "2007/07/13 09:44:58.000", "ModifiedBy": null, "pt_id": 1056, "easting": 1087.9505, "northing": 996.0621, "elev": 19.127, "smp_num": 535, "smp_code": "SMPCH06SR0535", "smp_type": "PALEOBOTANICAL", "date_": "2005/07/01 00:00:00.000", "source": "01JUL06B", "comments": null, "sample_no": 535, "sample_cod": "SMPCH06SR0535", "descriptio": "Palaeobotanical sample from room 31a", "date_1": "2006/07/01 00:00:00.000", "sample_typ": "Palaeobotanical", "cxt_cd": "CH06SR0792", "cxt_num": 792 }, "geometry": { "type": "Point", "coordinates": [ 1087.950500000000829, 996.062060000000201 ] } },
{ "type": "Feature", "properties": { "OBJECTID": 117, "Created": null, "ModifiedLa": "2007/07/13 09:44:58.000", "ModifiedBy": null, "pt_id": 1057, "easting": 1087.1133, "northing": 996.651, "elev": 19.1185, "smp_num": 536, "smp_code": "SMPCH06SR0536", "smp_type": "PALEOBOTANICAL", "date_": "2005/07/01 00:00:00.000", "source": "01JUL06B", "comments": null, "sample_no": 536, "sample_cod": "SMPCH06SR0536", "descriptio": "Palaeobotanical sample from room 31a", "date_1": "2006/07/03 00:00:00.000", "sample_typ": "Palaeobotanical", "cxt_cd": "CH06SR0792", "cxt_num": 792 }, "geometry": { "type": "Point", "coordinates": [ 1087.113269999999829, 996.651009999999587 ] } },
{ "type": "Feature", "properties": { "OBJECTID": 118, "Created": null, "ModifiedLa": "2007/07/13 09:45:41.000", "ModifiedBy": null, "pt_id": 1051, "easting": 1087.0824, "northing": 996.8627, "elev": 19.073, "smp_num": 537, "smp_code": "SMPCH06SR0537", "smp_type": "PALEOBOTANICAL", "date_": "2005/07/03 00:00:00.000", "source": "03JUL06B", "comments": null, "sample_no": 537, "sample_cod": "SMPCH06SR0537", "descriptio": "Palaeobotanical sample from rm. 31A", "date_1": "2006/07/03 00:00:00.000", "sample_typ": "Palaeobotanical", "cxt_cd": "CH06SR0792", "cxt_num": 792 }, "geometry": { "type": "Point", "coordinates": [ 1087.08237, 996.862709999999424 ] } },
{ "type": "Feature", "properties": { "OBJECTID": 119, "Created": null, "ModifiedLa": "2007/07/13 09:45:41.000", "ModifiedBy": null, "pt_id": 1052, "easting": 1087.0881, "northing": 996.0522, "elev": 19.0697, "smp_num": 538, "smp_code": "SMPCH06SR0538", "smp_type": "PALEOBOTANICAL", "date_": "2005/07/03 00:00:00.000", "source": "03JUL06B", "comments": null, "sample_no": 538, "sample_cod": "SMPCH06SR0538", "descriptio": "Palaeobotanical sample from rm. 31A", "date_1": "2006/07/03 00:00:00.000", "sample_typ": "Palaeobotanical", "cxt_cd": "CH06SR0792", "cxt_num": 792 }, "geometry": { "type": "Point", "coordinates": [ 1087.08806, 996.052190000000337 ] } },
{ "type": "Feature", "properties": { "OBJECTID": 120, "Created": null, "ModifiedLa": "2007/07/13 09:45:41.000", "ModifiedBy": null, "pt_id": 1053, "easting": 1086.5962, "northing": 994.9772, "elev": 19.0227, "smp_num": 539, "smp_code": "SMPCH06SR0539", "smp_type": "PALEOBOTANICAL", "date_": "2005/07/03 00:00:00.000", "source": "03JUL06B", "comments": null, "sample_no": 539, "sample_cod": "SMPCH06SR0539", "descriptio": "Palaeobotanical sample from rm. 31A", "date_1": "2006/07/03 00:00:00.000", "sample_typ": "Palaeobotanical", "cxt_cd": "CH06SR0792", "cxt_num": 792 }, "geometry": { "type": "Point", "coordinates": [ 1086.596209999999701, 994.977209999999104 ] } },
{ "type": "Feature", "properties": { "OBJECTID": 121, "Created": null, "ModifiedLa": "2007/07/13 09:45:41.000", "ModifiedBy": null, "pt_id": 1074, "easting": 1089.3511, "northing": 987.2933, "elev": 20.1043, "smp_num": 546, "smp_code": "SMPCH06SR0546", "smp_type": "METALLURGICAL", "date_": "2005/07/03 00:00:00.000", "source": "03JUL06B", "comments": null, "sample_no": 546, "sample_cod": "SMPCH06SR0546", "descriptio": "Metallurgical sample from courtyard", "date_1": "2006/07/03 00:00:00.000", "sample_typ": "Metallurgical", "cxt_cd": "CH06SR0752", "cxt_num": 752 }, "geometry": { "type": "Point", "coordinates": [ 1089.351150000000416, 987.293250000000626 ] } },
{ "type": "Feature", "properties": { "OBJECTID": 122, "Created": null, "ModifiedLa": "2007/07/13 09:45:41.000", "ModifiedBy": null, "pt_id": 1075, "easting": 1090.0799, "northing": 988.2385, "elev": 20.1372, "smp_num": 547, "smp_code": "SMPCH06SR0547", "smp_type": "METALLURGICAL", "date_": "2005/07/03 00:00:00.000", "source": "03JUL06B", "comments": null, "sample_no": 547, "sample_cod": "SMPCH06SR0547", "descriptio": "Metallurgical sample from courtyard", "date_1": "2006/07/03 00:00:00.000", "sample_typ": "Metallurgical", "cxt_cd": "CH06SR0752", "cxt_num": 752 }, "geometry": { "type": "Point", "coordinates": [ 1090.079879999999321, 988.238509999999224 ] } },
{ "type": "Feature", "properties": { "OBJECTID": 123, "Created": null, "ModifiedLa": "2007/07/13 09:45:41.000", "ModifiedBy": null, "pt_id": 1076, "easting": 1090.8416, "northing": 989.1683, "elev": 20.1442, "smp_num": 548, "smp_code": "SMPCH06SR0548", "smp_type": "METALLURGICAL", "date_": "2005/07/03 00:00:00.000", "source": "03JUL06B", "comments": null, "sample_no": 548, "sample_cod": "SMPCH06SR0548", "descriptio": "Metallurgical sample from courtyard", "date_1": "2006/07/03 00:00:00.000", "sample_typ": "Metallurgical", "cxt_cd": "CH06SR0752", "cxt_num": 752 }, "geometry": { "type": "Point", "coordinates": [ 1090.84159, 989.16835 ] } },
{ "type": "Feature", "properties": { "OBJECTID": 124, "Created": null, "ModifiedLa": "2007/07/13 09:45:41.000", "ModifiedBy": null, "pt_id": 1077, "easting": 1090.59, "northing": 990.1402, "elev": 20.1453, "smp_num": 549, "smp_code": "SMPCH06SR0549", "smp_type": "METALLURGICAL", "date_": "2005/07/03 00:00:00.000", "source": "03JUL06B", "comments": null, "sample_no": 549, "sample_cod": "SMPCH06SR0549", "descriptio": "Metallurgical sample from courtyard", "date_1": "2006/07/03 00:00:00.000", "sample_typ": "Metallurgical", "cxt_cd": "CH06SR0752", "cxt_num": 752 }, "geometry": { "type": "Point", "coordinates": [ 1090.590050000000701, 990.140230000000884 ] } },
{ "type": "Feature", "properties": { "OBJECTID": 125, "Created": null, "ModifiedLa": "2007/07/13 09:45:41.000", "ModifiedBy": null, "pt_id": 1078, "easting": 1089.8276, "northing": 989.2001, "elev": 20.1251, "smp_num": 550, "smp_code": "SMPCH06SR0550", "smp_type": "METALLURGICAL", "date_": "2005/07/03 00:00:00.000", "source": "03JUL06B", "comments": null, "sample_no": 550, "sample_cod": "SMPCH06SR0550", "descriptio": "Metallurgical sample from courtyard", "date_1": "2006/07/03 00:00:00.000", "sample_typ": "Metallurgical", "cxt_cd": "CH06SR0752", "cxt_num": 752 }, "geometry": { "type": "Point", "coordinates": [ 1089.827559999999721, 989.200140000000829 ] } },
{ "type": "Feature", "properties": { "OBJECTID": 126, "Created": null, "ModifiedLa": "2007/07/13 09:45:41.000", "ModifiedBy": null, "pt_id": 1079, "easting": 1089.1073, "northing": 988.2713, "elev": 20.099, "smp_num": 551, "smp_code": "SMPCH06SR0551", "smp_type": "METALLURGICAL", "date_": "2005/07/03 00:00:00.000", "source": "03JUL06B", "comments": null, "sample_no": 551, "sample_cod": "SMPCH06SR0551", "descriptio": "Metallurgical sample from courtyard", "date_1": "2006/07/03 00:00:00.000", "sample_typ": "Metallurgical", "cxt_cd": "CH06SR0752", "cxt_num": 752 }, "geometry": { "type": "Point", "coordinates": [ 1089.10729, 988.271259999999529 ] } },
{ "type": "Feature", "properties": { "OBJECTID": 127, "Created": null, "ModifiedLa": "2007/07/13 09:45:41.000", "ModifiedBy": null, "pt_id": 1080, "easting": 1089.7041, "northing": 987.7466, "elev": 20.1188, "smp_num": 540, "smp_code": "SMPCH06SR0540", "smp_type": "PALEOBOTANICAL", "date_": "2005/07/03 00:00:00.000", "source": "03JUL06B", "comments": null, "sample_no": 540, "sample_cod": "SMPCH06SR0540", "descriptio": "Palaeobotanical sample from courtyard", "date_1": "2006/07/03 00:00:00.000", "sample_typ": "Palaeobotanical", "cxt_cd": "CH06SR0752", "cxt_num": 752 }, "geometry": { "type": "Point", "coordinates": [ 1089.704050000000279, 987.746590000000651 ] } },
{ "type": "Feature", "properties": { "OBJECTID": 128, "Created": null, "ModifiedLa": "2007/07/13 09:45:41.000", "ModifiedBy": null, "pt_id": 1081, "easting": 1090.4473, "northing": 988.7006, "elev": 20.1446, "smp_num": 541, "smp_code": "SMPCH06SR0541", "smp_type": "PALEOBOTANICAL", "date_": "2005/07/03 00:00:00.000", "source": "03JUL06B", "comments": null, "sample_no": 541, "sample_cod": "SMPCH06SR0541", "descriptio": "Palaeobotanical sample from courtyard", "date_1": "2006/07/03 00:00:00.000", "sample_typ": "Palaeobotanical", "cxt_cd": "CH06SR0752", "cxt_num": 752 }, "geometry": { "type": "Point", "coordinates": [ 1090.447270000000572, 988.700580000000627 ] } },
{ "type": "Feature", "properties": { "OBJECTID": 129, "Created": null, "ModifiedLa": "2007/07/13 09:45:41.000", "ModifiedBy": null, "pt_id": 1082, "easting": 1091.2135, "northing": 989.6218, "elev": 20.0963, "smp_num": 542, "smp_code": "SMPCH06SR0542", "smp_type": "PALEOBOTANICAL", "date_": "2005/07/03 00:00:00.000", "source": "03JUL06B", "comments": null, "sample_no": 542, "sample_cod": "SMPCH06SR0542", "descriptio": "Palaeobotanical sample from courtyard", "date_1": "2006/07/03 00:00:00.000", "sample_typ": "Palaeobotanical", "cxt_cd": "CH06SR0752", "cxt_num": 752 }, "geometry": { "type": "Point", "coordinates": [ 1091.21346000000085, 989.621810000000551 ] } },
{ "type": "Feature", "properties": { "OBJECTID": 130, "Created": null, "ModifiedLa": "2007/07/13 09:45:41.000", "ModifiedBy": null, "pt_id": 1083, "easting": 1090.2181, "northing": 989.665, "elev": 20.1426, "smp_num": 543, "smp_code": "SMPCH06SR0543", "smp_type": "PALEOBOTANICAL", "date_": "2005/07/03 00:00:00.000", "source": "03JUL06B", "comments": null, "sample_no": 543, "sample_cod": "SMPCH06SR0543", "descriptio": "Palaeobotanical sample from courtyard", "date_1": "2006/07/03 00:00:00.000", "sample_typ": "Palaeobotanical", "cxt_cd": "CH06SR0752", "cxt_num": 752 }, "geometry": { "type": "Point", "coordinates": [ 1090.218150000000605, 989.665020000000368 ] } },
{ "type": "Feature", "properties": { "OBJECTID": 131, "Created": null, "ModifiedLa": "2007/07/13 09:45:41.000", "ModifiedBy": null, "pt_id": 1084, "easting": 1089.4309, "northing": 988.7463, "elev": 20.0988, "smp_num": 544, "smp_code": "SMPCH06SR0544", "smp_type": "PALEOBOTANICAL", "date_": "2005/07/03 00:00:00.000", "source": "03JUL06B", "comments": null, "sample_no": 544, "sample_cod": "SMPCH06SR0544", "descriptio": "Palaeobotanical sample from courtyard", "date_1": "2006/07/03 00:00:00.000", "sample_typ": "Palaeobotanical", "cxt_cd": "CH06SR0752", "cxt_num": 752 }, "geometry": { "type": "Point", "coordinates": [ 1089.430889999999636, 988.746259999999893 ] } },
{ "type": "Feature", "properties": { "OBJECTID": 132, "Created": null, "ModifiedLa": "2007/07/13 09:45:41.000", "ModifiedBy": null, "pt_id": 1085, "easting": 1088.7165, "northing": 987.7915, "elev": 20.118, "smp_num": 545, "smp_code": "SMPCH06SR0545", "smp_type": "PALEOBOTANICAL", "date_": "2005/07/03 00:00:00.000", "source": "03JUL06B", "comments": null, "sample_no": 545, "sample_cod": "SMPCH06SR0545", "descriptio": "Palaeobotanical sample from courtyard", "date_1": "2006/07/03 00:00:00.000", "sample_typ": "Palaeobotanical", "cxt_cd": "CH06SR0752", "cxt_num": 752 }, "geometry": { "type": "Point", "coordinates": [ 1088.716529999999693, 987.791470000000118 ] } },
{ "type": "Feature", "properties": { "OBJECTID": 133, "Created": "2006/07/07 17:14:04.000", "ModifiedLa": "2006/07/07 17:16:56.000", "ModifiedBy": null, "pt_id": 1064, "easting": 1094.2184, "northing": 1002.4034, "elev": 16.4135, "smp_num": 569, "smp_code": "SMPCH06SR0569", "smp_type": "PALEOBOTANICAL", "date_": "2006/07/07 00:00:00.000", "source": "07JUL06B", "comments": "Point taken from SH shot in cxt 0821", "sample_no": 569, "sample_cod": "SMPCH06SR0569", "descriptio": "Palaeobotanical sample, SE part of room 38", "date_1": "2006/07/07 00:00:00.000", "sample_typ": "Palaeobotanical", "cxt_cd": "CH06SR0821", "cxt_num": 821 }, "geometry": { "type": "Point", "coordinates": [ 1094.218430000000808, 1002.403430000000299 ] } },
{ "type": "Feature", "properties": { "OBJECTID": 134, "Created": null, "ModifiedLa": "2005/07/23 08:39:45.000", "ModifiedBy": null, "pt_id": 223, "easting": 1106.9394, "northing": 994.4453, "elev": 18.7495, "smp_num": 92, "smp_code": "SMPCH05SR0092", "smp_type": "METALLURGICAL", "date_": "2005/07/01 00:00:00.000", "source": "01JULY05B", "comments": null, "sample_no": 92, "sample_cod": "SMPCH05SR0092", "descriptio": "Metallurgical find from the eastern part of room number 33", "date_1": "2005/07/01 00:00:00.000", "sample_typ": "Metallurgical", "cxt_cd": "CH05SR0451", "cxt_num": 451 }, "geometry": { "type": "Point", "coordinates": [ 1106.939360000000306, 994.445330000000467 ] } },
{ "type": "Feature", "properties": { "OBJECTID": 135, "Created": null, "ModifiedLa": "2005/07/23 08:39:45.000", "ModifiedBy": null, "pt_id": 224, "easting": 1106.3352, "northing": 992.9785, "elev": 18.5486, "smp_num": 93, "smp_code": "SMPCH05SR0093", "smp_type": "METALLURGICAL", "date_": "2005/07/01 00:00:00.000", "source": "01JULY05B", "comments": null, "sample_no": 93, "sample_cod": "SMPCH05SR0093", "descriptio": "Metallurgical find from the eastern part of room number 33", "date_1": "2005/07/01 00:00:00.000", "sample_typ": "Metallurgical", "cxt_cd": "CH05SR0451", "cxt_num": 451 }, "geometry": { "type": "Point", "coordinates": [ 1106.33525, 992.978479999999763 ] } },
{ "type": "Feature", "properties": { "OBJECTID": 136, "Created": null, "ModifiedLa": "2005/07/23 08:39:45.000", "ModifiedBy": null, "pt_id": 225, "easting": 1106.6498, "northing": 993.2927, "elev": 18.5051, "smp_num": 94, "smp_code": "SMPCH05SR0094", "smp_type": "METALLURGICAL", "date_": "2005/07/01 00:00:00.000", "source": "01JULY05B", "comments": null, "sample_no": 94, "sample_cod": "SMPCH05SR0094", "descriptio": "Metallurgical find from the eastern part of room number 33", "date_1": "2005/07/01 00:00:00.000", "sample_typ": "Metallurgical", "cxt_cd": "CH05SR0451", "cxt_num": 451 }, "geometry": { "type": "Point", "coordinates": [ 1106.649760000000242, 993.29272999999921 ] } },
{ "type": "Feature", "properties": { "OBJECTID": 137, "Created": null, "ModifiedLa": "2005/07/23 08:39:45.000", "ModifiedBy": null, "pt_id": 226, "easting": 1106.9956, "northing": 993.706, "elev": 18.6784, "smp_num": 95, "smp_code": "SMPCH05SR0095", "smp_type": "METALLURGICAL", "date_": "2005/07/01 00:00:00.000", "source": "01JULY05B", "comments": null, "sample_no": 95, "sample_cod": "SMPCH05SR0095", "descriptio": "Metallurgical find from the eastern part of room number 33", "date_1": "2005/07/01 00:00:00.000", "sample_typ": "Metallurgical", "cxt_cd": "CH05SR0451", "cxt_num": 451 }, "geometry": { "type": "Point", "coordinates": [ 1106.995629999999437, 993.705970000000889 ] } },
{ "type": "Feature", "properties": { "OBJECTID": 138, "Created": null, "ModifiedLa": "2005/07/23 08:39:45.000", "ModifiedBy": null, "pt_id": 227, "easting": 1107.3531, "northing": 994.1225, "elev": 18.7411, "smp_num": 96, "smp_code": "SMPCH05SR0096", "smp_type": "METALLURGICAL", "date_": "2005/07/01 00:00:00.000", "source": "01JULY05B", "comments": null, "sample_no": 96, "sample_cod": "SMPCH05SR0096", "descriptio": "Metallurgical find from the eastern part of room number 33", "date_1": "2005/07/01 00:00:00.000", "sample_typ": "Metallurgical", "cxt_cd": "CH05SR0451", "cxt_num": 451 }, "geometry": { "type": "Point", "coordinates": [ 1107.353059999999459, 994.122470000000249 ] } },
{ "type": "Feature", "properties": { "OBJECTID": 139, "Created": null, "ModifiedLa": "2005/07/23 08:39:45.000", "ModifiedBy": null, "pt_id": 228, "easting": 1106.6888, "northing": 992.62, "elev": 18.5917, "smp_num": 97, "smp_code": "SMPCH05SR0097", "smp_type": "METALLURGICAL", "date_": "2005/07/01 00:00:00.000", "source": "01JULY05B", "comments": null, "sample_no": 97, "sample_cod": "SMPCH05SR0097", "descriptio": "Metallurgical find from the eastern part of room number 33", "date_1": "2005/07/01 00:00:00.000", "sample_typ": "Metallurgical", "cxt_cd": "CH05SR0451", "cxt_num": 451 }, "geometry": { "type": "Point", "coordinates": [ 1106.688819999999396, 992.619989999999234 ] } },
{ "type": "Feature", "properties": { "OBJECTID": 140, "Created": null, "ModifiedLa": "2005/07/23 08:39:45.000", "ModifiedBy": null, "pt_id": 229, "easting": 1107.0774, "northing": 992.9692, "elev": 18.6285, "smp_num": 98, "smp_code": "SMPCH05SR0098", "smp_type": "METALLURGICAL", "date_": "2005/07/01 00:00:00.000", "source": "01JULY05B", "comments": null, "sample_no": 98, "sample_cod": "SMPCH05SR0098", "descriptio": "Metallurgical find from the eastern part of room number 33", "date_1": "2005/07/01 00:00:00.000", "sample_typ": "Metallurgical", "cxt_cd": "CH05SR0451", "cxt_num": 451 }, "geometry": { "type": "Point", "coordinates": [ 1107.07741999999962, 992.969199999999546 ] } },
{ "type": "Feature", "properties": { "OBJECTID": 141, "Created": null, "ModifiedLa": "2005/07/23 08:39:45.000", "ModifiedBy": null, "pt_id": 230, "easting": 1107.3953, "northing": 993.3941, "elev": 18.7024, "smp_num": 99, "smp_code": "SMPCH05SR0099", "smp_type": "METALLURGICAL", "date_": "2005/07/01 00:00:00.000", "source": "01JULY05B", "comments": null, "sample_no": 99, "sample_cod": "SMPCH05SR0099", "descriptio": "Metallurgical find from the eastern part of room number 33", "date_1": "2005/07/01 00:00:00.000", "sample_typ": "Metallurgical", "cxt_cd": "CH05SR0451", "cxt_num": 451 }, "geometry": { "type": "Point", "coordinates": [ 1107.395280000000639, 993.394130000000587 ] } },
{ "type": "Feature", "properties": { "OBJECTID": 142, "Created": null, "ModifiedLa": "2005/07/23 08:39:45.000", "ModifiedBy": null, "pt_id": 231, "easting": 1107.7205, "northing": 993.7847, "elev": 18.7187, "smp_num": 100, "smp_code": "SMPCH05SR0100", "smp_type": "METALLURGICAL", "date_": "2005/07/01 00:00:00.000", "source": "01JULY05B", "comments": null, "sample_no": 100, "sample_cod": "SMPCH05SR0100", "descriptio": "Metallurgical find from the eastern part of room number 33", "date_1": "2005/07/01 00:00:00.000", "sample_typ": "Metallurgical", "cxt_cd": "CH05SR0451", "cxt_num": 451 }, "geometry": { "type": "Point", "coordinates": [ 1107.720530000000508, 993.784700000000157 ] } },
{ "type": "Feature", "properties": { "OBJECTID": 143, "Created": null, "ModifiedLa": "2005/07/23 08:39:45.000", "ModifiedBy": null, "pt_id": 232, "easting": 1107.0713, "northing": 992.2956, "elev": 18.6109, "smp_num": 101, "smp_code": "SMPCH05SR0101", "smp_type": "METALLURGICAL", "date_": "2005/07/01 00:00:00.000", "source": "01JULY05B", "comments": null, "sample_no": 101, "sample_cod": "SMPCH05SR0101", "descriptio": "Metallurgical find from the eastern part of room number 33", "date_1": "2005/07/01 00:00:00.000", "sample_typ": "Metallurgical", "cxt_cd": "CH05SR0451", "cxt_num": 451 }, "geometry": { "type": "Point", "coordinates": [ 1107.071309999999357, 992.295609999999215 ] } },
{ "type": "Feature", "properties": { "OBJECTID": 144, "Created": null, "ModifiedLa": "2005/07/23 08:39:45.000", "ModifiedBy": null, "pt_id": 233, "easting": 1107.4195, "northing": 992.7271, "elev": 18.6495, "smp_num": 102, "smp_code": "SMPCH05SR0102", "smp_type": "METALLURGICAL", "date_": "2005/07/01 00:00:00.000", "source": "01JULY05B", "comments": null, "sample_no": 102, "sample_cod": "SMPCH05SR0102", "descriptio": "Metallurgical find from the eastern part of room number 33", "date_1": "2005/07/01 00:00:00.000", "sample_typ": "Metallurgical", "cxt_cd": "CH05SR0451", "cxt_num": 451 }, "geometry": { "type": "Point", "coordinates": [ 1107.419540000000779, 992.727129999999306 ] } },
{ "type": "Feature", "properties": { "OBJECTID": 145, "Created": null, "ModifiedLa": "2005/07/23 08:39:45.000", "ModifiedBy": null, "pt_id": 234, "easting": 1107.8104, "northing": 993.0849, "elev": 18.688, "smp_num": 103, "smp_code": "SMPCH05SR0103", "smp_type": "METALLURGICAL", "date_": "2005/07/01 00:00:00.000", "source": "01JULY05B", "comments": null, "sample_no": 103, "sample_cod": "SMPCH05SR0103", "descriptio": "Metallurgical find from the eastern part of room number 33", "date_1": "2005/07/01 00:00:00.000", "sample_typ": "Metallurgical", "cxt_cd": "CH05SR0451", "cxt_num": 451 }, "geometry": { "type": "Point", "coordinates": [ 1107.81041, 993.084899999999834 ] } },
{ "type": "Feature", "properties": { "OBJECTID": 146, "Created": null, "ModifiedLa": "2005/07/23 08:39:45.000", "ModifiedBy": null, "pt_id": 235, "easting": 1108.0892, "northing": 993.4619, "elev": 18.7444, "smp_num": 104, "smp_code": "SMPCH05SR0104", "smp_type": "METALLURGICAL", "date_": "2005/07/01 00:00:00.000", "source": "01JULY05B", "comments": null, "sample_no": 104, "sample_cod": "SMPCH05SR0104", "descriptio": "Metallurgical find from the eastern part of room number 33", "date_1": "2005/07/01 00:00:00.000", "sample_typ": "Metallurgical", "cxt_cd": "CH05SR0451", "cxt_num": 451 }, "geometry": { "type": "Point", "coordinates": [ 1108.089190000000599, 993.461950000000797 ] } },
{ "type": "Feature", "properties": { "OBJECTID": 147, "Created": null, "ModifiedLa": "2005/07/23 08:39:45.000", "ModifiedBy": null, "pt_id": 236, "easting": 1107.5227, "northing": 992.0037, "elev": 18.6486, "smp_num": 105, "smp_code": "SMPCH05SR0105", "smp_type": "METALLURGICAL", "date_": "2005/07/01 00:00:00.000", "source": "01JULY05B", "comments": null, "sample_no": 105, "sample_cod": "SMPCH05SR0105", "descriptio": "Metallurgical find from the eastern part of room number 33", "date_1": "2005/07/01 00:00:00.000", "sample_typ": "Metallurgical", "cxt_cd": "CH05SR0451", "cxt_num": 451 }, "geometry": { "type": "Point", "coordinates": [ 1107.522660000000542, 992.00373000000036 ] } },
{ "type": "Feature", "properties": { "OBJECTID": 148, "Created": null, "ModifiedLa": "2005/07/23 08:39:45.000", "ModifiedBy": null, "pt_id": 237, "easting": 1107.8253, "northing": 992.4101, "elev": 18.6568, "smp_num": 106, "smp_code": "SMPCH05SR0106", "smp_type": "METALLURGICAL", "date_": "2005/07/01 00:00:00.000", "source": "01JULY05B", "comments": null, "sample_no": 106, "sample_cod": "SMPCH05SR0106", "descriptio": "Metallurgical Sample", "date_1": "2005/07/01 00:00:00.000", "sample_typ": "Metallurgical", "cxt_cd": "CH05SR0451", "cxt_num": 451 }, "geometry": { "type": "Point", "coordinates": [ 1107.825329999999667, 992.410060000000158 ] } },
{ "type": "Feature", "properties": { "OBJECTID": 149, "Created": null, "ModifiedLa": "2005/07/23 08:39:45.000", "ModifiedBy": null, "pt_id": 238, "easting": 1108.1578, "northing": 992.7386, "elev": 18.651, "smp_num": 107, "smp_code": "SMPCH05SR0107", "smp_type": "METALLURGICAL", "date_": "2005/07/01 00:00:00.000", "source": "01JULY05B", "comments": null, "sample_no": 107, "sample_cod": "SMPCH05SR0107", "descriptio": "Metallurgical Sample", "date_1": "2005/07/01 00:00:00.000", "sample_typ": "Metallurgical", "cxt_cd": "CH05SR0451", "cxt_num": 451 }, "geometry": { "type": "Point", "coordinates": [ 1108.157849999999598, 992.738590000000841 ] } },
{ "type": "Feature", "properties": { "OBJECTID": 150, "Created": null, "ModifiedLa": "2005/07/23 08:39:45.000", "ModifiedBy": null, "pt_id": 239, "easting": 1108.4626, "northing": 993.1503, "elev": 18.7316, "smp_num": 108, "smp_code": "SMPCH05SR0108", "smp_type": "METALLURGICAL", "date_": "2005/07/01 00:00:00.000", "source": "01JULY05B", "comments": null, "sample_no": 108, "sample_cod": "SMPCH05SR0108", "descriptio": "Metallurgical Sample", "date_1": "2005/07/01 00:00:00.000", "sample_typ": "Metallurgical", "cxt_cd": "CH05SR0451", "cxt_num": 451 }, "geometry": { "type": "Point", "coordinates": [ 1108.462649999999485, 993.150349999999889 ] } },
{ "type": "Feature", "properties": { "OBJECTID": 151, "Created": null, "ModifiedLa": "2005/07/23 08:39:45.000", "ModifiedBy": null, "pt_id": 240, "easting": 1107.8746, "northing": 991.6932, "elev": 18.6552, "smp_num": 109, "smp_code": "SMPCH05SR0109", "smp_type": "METALLURGICAL", "date_": "2005/07/01 00:00:00.000", "source": "01JULY05B", "comments": null, "sample_no": 109, "sample_cod": "SMPCH05SR0109", "descriptio": "Metallurgical Sample", "date_1": "2005/07/01 00:00:00.000", "sample_typ": "Metallurgical", "cxt_cd": "CH05SR0451", "cxt_num": 451 }, "geometry": { "type": "Point", "coordinates": [ 1107.874589999999444, 991.693180000000211 ] } },
{ "type": "Feature", "properties": { "OBJECTID": 152, "Created": null, "ModifiedLa": "2005/07/23 08:39:45.000", "ModifiedBy": null, "pt_id": 241, "easting": 1108.2152, "northing": 992.0885, "elev": 18.6913, "smp_num": 110, "smp_code": "SMPCH05SR0110", "smp_type": "METALLURGICAL", "date_": "2005/07/01 00:00:00.000", "source": "01JULY05B", "comments": null, "sample_no": 110, "sample_cod": "SMPCH05SR0110", "descriptio": "Metallurgical Sample", "date_1": "2005/07/01 00:00:00.000", "sample_typ": "Metallurgical", "cxt_cd": "CH05SR0451", "cxt_num": 451 }, "geometry": { "type": "Point", "coordinates": [ 1108.215229999999792, 992.088509999999587 ] } },
{ "type": "Feature", "properties": { "OBJECTID": 153, "Created": null, "ModifiedLa": "2005/07/23 08:39:45.000", "ModifiedBy": null, "pt_id": 242, "easting": 1108.5661, "northing": 992.4655, "elev": 18.7087, "smp_num": 111, "smp_code": "SMPCH05SR0111", "smp_type": "METALLURGICAL", "date_": "2005/07/01 00:00:00.000", "source": "01JULY05B", "comments": null, "sample_no": 111, "sample_cod": "SMPCH05SR0111", "descriptio": "Metallurgical Sample", "date_1": "2005/07/01 00:00:00.000", "sample_typ": "Metallurgical", "cxt_cd": "CH05SR0451", "cxt_num": 451 }, "geometry": { "type": "Point", "coordinates": [ 1108.566109999999753, 992.4654900000005 ] } },
{ "type": "Feature", "properties": { "OBJECTID": 154, "Created": null, "ModifiedLa": "2005/07/23 08:39:45.000", "ModifiedBy": null, "pt_id": 243, "easting": 1108.8946, "northing": 992.8733, "elev": 18.7034, "smp_num": 112, "smp_code": "SMPCH05SR0112", "smp_type": "METALLURGICAL", "date_": "2005/07/01 00:00:00.000", "source": "01JULY05B", "comments": null, "sample_no": 112, "sample_cod": "SMPCH05SR0112", "descriptio": "Metallurgical Sample", "date_1": "2005/07/01 00:00:00.000", "sample_typ": "Metallurgical", "cxt_cd": "CH05SR0451", "cxt_num": 451 }, "geometry": { "type": "Point", "coordinates": [ 1108.894609999999375, 992.873349999999846 ] } },
{ "type": "Feature", "properties": { "OBJECTID": 155, "Created": null, "ModifiedLa": "2005/07/23 08:39:45.000", "ModifiedBy": null, "pt_id": 244, "easting": 1108.3098, "northing": 991.4077, "elev": 18.6862, "smp_num": 113, "smp_code": "SMPCH05SR0113", "smp_type": "METALLURGICAL", "date_": "2005/07/01 00:00:00.000", "source": "01JULY05B", "comments": null, "sample_no": 113, "sample_cod": "SMPCH05SR0113", "descriptio": "Metallurgical Sample", "date_1": "2005/07/01 00:00:00.000", "sample_typ": "Metallurgical", "cxt_cd": "CH05SR0451", "cxt_num": 451 }, "geometry": { "type": "Point", "coordinates": [ 1108.309830000000147, 991.407750000000306 ] } },
{ "type": "Feature", "properties": { "OBJECTID": 156, "Created": null, "ModifiedLa": "2005/07/31 15:19:03.000", "ModifiedBy": null, "pt_id": 2, "easting": 1094.0048, "northing": 990.1596, "elev": 20.007, "smp_num": 241, "smp_code": "SMPCH05SR0241", "smp_type": "PALEOBOTANICAL", "date_": "2005/07/06 00:00:00.000", "source": "06JULY05B", "comments": null, "sample_no": 241, "sample_cod": "SMPCH05SR0241", "descriptio": "Palaeobotanical Sample", "date_1": "2005/07/06 00:00:00.000", "sample_typ": "Palaeobotanical", "cxt_cd": "CH05SR0509", "cxt_num": 509 }, "geometry": { "type": "Point", "coordinates": [ 1094.004800000000614, 990.159649999999601 ] } },
{ "type": "Feature", "properties": { "OBJECTID": 157, "Created": null, "ModifiedLa": "2005/07/31 15:19:03.000", "ModifiedBy": null, "pt_id": 3, "easting": 1093.4227, "northing": 989.4137, "elev": 20.0775, "smp_num": 242, "smp_code": "SMPCH05SR0242", "smp_type": "PALEOBOTANICAL", "date_": "2005/07/06 00:00:00.000", "source": "06JULY05B", "comments": null, "sample_no": 242, "sample_cod": "SMPCH05SR0242", "descriptio": "Palaeobotanical Sample", "date_1": "2005/07/06 00:00:00.000", "sample_typ": "Palaeobotanical", "cxt_cd": "CH05SR0509", "cxt_num": 509 }, "geometry": { "type": "Point", "coordinates": [ 1093.42268999999942, 989.413710000000719 ] } },
{ "type": "Feature", "properties": { "OBJECTID": 158, "Created": null, "ModifiedLa": "2005/07/31 15:19:03.000", "ModifiedBy": null, "pt_id": 4, "easting": 1095.9262, "northing": 991.3574, "elev": 20.037, "smp_num": 243, "smp_code": "SMPCH05SR0243", "smp_type": "PALEOBOTANICAL", "date_": "2005/07/06 00:00:00.000", "source": "06JULY05B", "comments": null, "sample_no": 243, "sample_cod": "SMPCH05SR0243", "descriptio": "Palaeobotanical Sample", "date_1": "2005/07/06 00:00:00.000", "sample_typ": "Palaeobotanical", "cxt_cd": "CH05SR0509", "cxt_num": 509 }, "geometry": { "type": "Point", "coordinates": [ 1095.926160000000891, 991.357379999999466 ] } },
{ "type": "Feature", "properties": { "OBJECTID": 159, "Created": null, "ModifiedLa": "2005/07/31 15:19:03.000", "ModifiedBy": null, "pt_id": 5, "easting": 1095.3671, "northing": 990.5074, "elev": 20.0252, "smp_num": 244, "smp_code": "SMPCH05SR0244", "smp_type": "PALEOBOTANICAL", "date_": "2005/07/06 00:00:00.000", "source": "06JULY05B", "comments": null, "sample_no": 244, "sample_cod": "SMPCH05SR0244", "descriptio": "Palaeobotanical Sample", "date_1": "2005/07/06 00:00:00.000", "sample_typ": "Palaeobotanical", "cxt_cd": "CH05SR0509", "cxt_num": 509 }, "geometry": { "type": "Point", "coordinates": [ 1095.367089999999735, 990.507359999999608 ] } },
{ "type": "Feature", "properties": { "OBJECTID": 160, "Created": null, "ModifiedLa": "2005/07/31 15:19:03.000", "ModifiedBy": null, "pt_id": 6, "easting": 1094.7721, "northing": 989.7043, "elev": 20.0402, "smp_num": 245, "smp_code": "SMPCH05SR0245", "smp_type": "PALEOBOTANICAL", "date_": "2005/07/06 00:00:00.000", "source": "06JULY05B", "comments": null, "sample_no": 245, "sample_cod": "SMPCH05SR0245", "descriptio": "Palaeobotanical Sample", "date_1": "2005/07/06 00:00:00.000", "sample_typ": "Palaeobotanical", "cxt_cd": "CH05SR0509", "cxt_num": 509 }, "geometry": { "type": "Point", "coordinates": [ 1094.772150000000693, 989.704320000000735 ] } },
{ "type": "Feature", "properties": { "OBJECTID": 161, "Created": null, "ModifiedLa": "2005/07/31 15:19:03.000", "ModifiedBy": null, "pt_id": 7, "easting": 1094.3016, "northing": 988.9041, "elev": 20.0981, "smp_num": 246, "smp_code": "SMPCH05SR0246", "smp_type": "PALEOBOTANICAL", "date_": "2005/07/06 00:00:00.000", "source": "06JULY05B", "comments": null, "sample_no": 246, "sample_cod": "SMPCH05SR0246", "descriptio": "Palaeobotanical Sample", "date_1": "2005/07/06 00:00:00.000", "sample_typ": "Palaeobotanical", "cxt_cd": "CH05SR0509", "cxt_num": 509 }, "geometry": { "type": "Point", "coordinates": [ 1094.301579999999376, 988.904130000000805 ] } },
{ "type": "Feature", "properties": { "OBJECTID": 162, "Created": null, "ModifiedLa": "2005/07/31 15:19:03.000", "ModifiedBy": null, "pt_id": 8, "easting": 1096.8369, "northing": 990.6556, "elev": 20.0211, "smp_num": 247, "smp_code": "SMPCH05SR0247", "smp_type": "PALEOBOTANICAL", "date_": "2005/07/06 00:00:00.000", "source": "06JULY05B", "comments": null, "sample_no": 247, "sample_cod": "SMPCH05SR0247", "descriptio": "Palaeobotanical Sample", "date_1": "2005/07/06 00:00:00.000", "sample_typ": "Palaeobotanical", "cxt_cd": "CH05SR0509", "cxt_num": 509 }, "geometry": { "type": "Point", "coordinates": [ 1096.836859999999433, 990.655549999999494 ] } },
{ "type": "Feature", "properties": { "OBJECTID": 163, "Created": null, "ModifiedLa": "2005/07/31 15:19:03.000", "ModifiedBy": null, "pt_id": 9, "easting": 1096.1973, "northing": 989.9112, "elev": 20.0117, "smp_num": 248, "smp_code": "SMPCH05SR0248", "smp_type": "PALEOBOTANICAL", "date_": "2005/07/06 00:00:00.000", "source": "06JULY05B", "comments": null, "sample_no": 248, "sample_cod": "SMPCH05SR0248", "descriptio": "Palaeobotanical Sample", "date_1": "2005/07/06 00:00:00.000", "sample_typ": "Palaeobotanical", "cxt_cd": "CH05SR0509", "cxt_num": 509 }, "geometry": { "type": "Point", "coordinates": [ 1096.197280000000319, 989.91121000000021 ] } },
{ "type": "Feature", "properties": { "OBJECTID": 164, "Created": null, "ModifiedLa": "2005/07/31 15:19:03.000", "ModifiedBy": null, "pt_id": 10, "easting": 1095.7322, "northing": 989.1634, "elev": 19.9475, "smp_num": 249, "smp_code": "SMPCH05SR0249", "smp_type": "PALEOBOTANICAL", "date_": "2005/07/06 00:00:00.000", "source": "06JULY05B", "comments": null, "sample_no": 249, "sample_cod": "SMPCH05SR0249", "descriptio": "Palaeobotanical Sample", "date_1": "2005/07/06 00:00:00.000", "sample_typ": "Palaeobotanical", "cxt_cd": "CH05SR0509", "cxt_num": 509 }, "geometry": { "type": "Point", "coordinates": [ 1095.732229999999618, 989.16338 ] } },
{ "type": "Feature", "properties": { "OBJECTID": 165, "Created": null, "ModifiedLa": "2005/07/31 15:19:03.000", "ModifiedBy": null, "pt_id": 11, "easting": 1095.0601, "northing": 988.3183, "elev": 19.9769, "smp_num": 250, "smp_code": "SMPCH05SR0250", "smp_type": "PALEOBOTANICAL", "date_": "2005/07/06 00:00:00.000", "source": "06JULY05B", "comments": null, "sample_no": 250, "sample_cod": "SMPCH05SR0250", "descriptio": "Palaeobotanical Sample", "date_1": "2005/07/06 00:00:00.000", "sample_typ": "Palaeobotanical", "cxt_cd": "CH05SR0509", "cxt_num": 509 }, "geometry": { "type": "Point", "coordinates": [ 1095.060129999999845, 988.318279999999504 ] } },
{ "type": "Feature", "properties": { "OBJECTID": 166, "Created": null, "ModifiedLa": "2005/07/31 15:19:03.000", "ModifiedBy": null, "pt_id": 12, "easting": 1096.9779, "northing": 989.3789, "elev": 20.0067, "smp_num": 251, "smp_code": "SMPCH05SR0251", "smp_type": "PALEOBOTANICAL", "date_": "2005/07/06 00:00:00.000", "source": "06JULY05B", "comments": null, "sample_no": 251, "sample_cod": "SMPCH05SR0251", "descriptio": "Palaeobotanical Sample", "date_1": "2005/07/06 00:00:00.000", "sample_typ": "Palaeobotanical", "cxt_cd": "CH05SR0509", "cxt_num": 509 }, "geometry": { "type": "Point", "coordinates": [ 1096.977940000000672, 989.378940000000512 ] } },
{ "type": "Feature", "properties": { "OBJECTID": 167, "Created": null, "ModifiedLa": "2005/07/31 15:19:03.000", "ModifiedBy": null, "pt_id": 13, "easting": 1096.5492, "northing": 988.6556, "elev": 19.9791, "smp_num": 252, "smp_code": "SMPCH05SR0252", "smp_type": "PALEOBOTANICAL", "date_": "2005/07/06 00:00:00.000", "source": "06JULY05B", "comments": null, "sample_no": 252, "sample_cod": "SMPCH05SR0252", "descriptio": "Palaeobotanical Sample", "date_1": "2005/07/06 00:00:00.000", "sample_typ": "Palaeobotanical", "cxt_cd": "CH05SR0509", "cxt_num": 509 }, "geometry": { "type": "Point", "coordinates": [ 1096.549240000000282, 988.655549999999494 ] } },
{ "type": "Feature", "properties": { "OBJECTID": 168, "Created": null, "ModifiedLa": "2005/07/31 15:19:03.000", "ModifiedBy": null, "pt_id": 14, "easting": 1095.9167, "northing": 987.7768, "elev": 20.0213, "smp_num": 253, "smp_code": "SMPCH05SR0253", "smp_type": "PALEOBOTANICAL", "date_": "2005/07/06 00:00:00.000", "source": "06JULY05B", "comments": null, "sample_no": 253, "sample_cod": "SMPCH05SR0253", "descriptio": "Palaeobotanical Sample", "date_1": "2005/07/06 00:00:00.000", "sample_typ": "Palaeobotanical", "cxt_cd": "CH05SR0509", "cxt_num": 509 }, "geometry": { "type": "Point", "coordinates": [ 1095.91669, 987.776819999999134 ] } },
{ "type": "Feature", "properties": { "OBJECTID": 169, "Created": null, "ModifiedLa": "2005/07/31 15:19:03.000", "ModifiedBy": null, "pt_id": 15, "easting": 1097.8948, "northing": 988.7847, "elev": 19.9726, "smp_num": 254, "smp_code": "SMPCH05SR0254", "smp_type": "PALEOBOTANICAL", "date_": "2005/07/06 00:00:00.000", "source": "06JULY05B", "comments": null, "sample_no": 254, "sample_cod": "SMPCH05SR0254", "descriptio": "Palaeobotanical Sample", "date_1": "2005/07/06 00:00:00.000", "sample_typ": "Palaeobotanical", "cxt_cd": "CH05SR0509", "cxt_num": 509 }, "geometry": { "type": "Point", "coordinates": [ 1097.894759999999224, 988.78469000000041 ] } },
{ "type": "Feature", "properties": { "OBJECTID": 170, "Created": null, "ModifiedLa": "2005/07/31 15:19:03.000", "ModifiedBy": null, "pt_id": 16, "easting": 1097.3158, "northing": 987.9541, "elev": 19.9854, "smp_num": 255, "smp_code": "SMPCH05SR0255", "smp_type": "PALEOBOTANICAL", "date_": "2005/07/06 00:00:00.000", "source": "06JULY05B", "comments": null, "sample_no": 255, "sample_cod": "SMPCH05SR0255", "descriptio": "Palaeobotanical Sample", "date_1": "2005/07/06 00:00:00.000", "sample_typ": "Palaeobotanical", "cxt_cd": "CH05SR0509", "cxt_num": 509 }, "geometry": { "type": "Point", "coordinates": [ 1097.315839999999298, 987.95412000000033 ] } },
{ "type": "Feature", "properties": { "OBJECTID": 171, "Created": null, "ModifiedLa": "2005/07/31 15:19:03.000", "ModifiedBy": null, "pt_id": 17, "easting": 1096.5678, "northing": 987.1942, "elev": 19.977, "smp_num": 256, "smp_code": "SMPCH05SR0256", "smp_type": "PALEOBOTANICAL", "date_": "2005/07/06 00:00:00.000", "source": "06JULY05B", "comments": null, "sample_no": 256, "sample_cod": "SMPCH05SR0256", "descriptio": "Palaeobotanical Sample", "date_1": "2005/07/06 00:00:00.000", "sample_typ": "Palaeobotanical", "cxt_cd": "CH05SR0509", "cxt_num": 509 }, "geometry": { "type": "Point", "coordinates": [ 1096.56778999999915, 987.194209999999657 ] } },
{ "type": "Feature", "properties": { "OBJECTID": 172, "Created": null, "ModifiedLa": "2005/07/31 15:19:03.000", "ModifiedBy": null, "pt_id": 18, "easting": 1098.602, "northing": 988.1726, "elev": 19.9747, "smp_num": 257, "smp_code": "SMPCH05SR0257", "smp_type": "PALEOBOTANICAL", "date_": "2005/07/06 00:00:00.000", "source": "06JULY05B", "comments": null, "sample_no": 257, "sample_cod": "SMPCH05SR0257", "descriptio": "Palaeobotanical Sample", "date_1": "2005/07/06 00:00:00.000", "sample_typ": "Palaeobotanical", "cxt_cd": "CH05SR0509", "cxt_num": 509 }, "geometry": { "type": "Point", "coordinates": [ 1098.601979999999458, 988.172590000000127 ] } },
{ "type": "Feature", "properties": { "OBJECTID": 173, "Created": null, "ModifiedLa": "2005/07/31 15:19:03.000", "ModifiedBy": null, "pt_id": 19, "easting": 1098.0842, "northing": 987.3975, "elev": 19.9869, "smp_num": 258, "smp_code": "SMPCH05SR0258", "smp_type": "PALEOBOTANICAL", "date_": "2005/07/06 00:00:00.000", "source": "06JULY05B", "comments": null, "sample_no": 258, "sample_cod": "SMPCH05SR0258", "descriptio": "Palaeobotanical Sample", "date_1": "2005/07/06 00:00:00.000", "sample_typ": "Palaeobotanical", "cxt_cd": "CH05SR0509", "cxt_num": 509 }, "geometry": { "type": "Point", "coordinates": [ 1098.084230000000389, 987.39754 ] } },
{ "type": "Feature", "properties": { "OBJECTID": 174, "Created": null, "ModifiedLa": "2005/07/31 15:19:03.000", "ModifiedBy": null, "pt_id": 31, "easting": 1106.9555, "northing": 991.2455, "elev": 18.7146, "smp_num": 122, "smp_code": "SMPCH05SR0122", "smp_type": "PALEOBOTANICAL", "date_": "2005/07/01 00:00:00.000", "source": "02JULY05A", "comments": null, "sample_no": 122, "sample_cod": "SMPCH05SR0122", "descriptio": "Palaeobotanical Sample", "date_1": "2005/07/02 00:00:00.000", "sample_typ": "Palaeobotanical", "cxt_cd": "CH05SR0451", "cxt_num": 451 }, "geometry": { "type": "Point", "coordinates": [ 1106.955529999999271, 991.245489999999336 ] } },
{ "type": "Feature", "properties": { "OBJECTID": 175, "Created": null, "ModifiedLa": "2005/07/31 15:19:03.000", "ModifiedBy": null, "pt_id": 36, "easting": 1106.1364, "northing": 991.7762, "elev": 18.6021, "smp_num": 123, "smp_code": "SMPCH05SR0123", "smp_type": "PALEOBOTANICAL", "date_": "2005/07/01 00:00:00.000", "source": "02JULY05A", "comments": null, "sample_no": 123, "sample_cod": "SMPCH05SR0123", "descriptio": "Palaeobotanical Sample", "date_1": "2005/07/02 00:00:00.000", "sample_typ": "Palaeobotanical", "cxt_cd": "CH05SR0451", "cxt_num": 451 }, "geometry": { "type": "Point", "coordinates": [ 1106.13637000000017, 991.776229999999487 ] } },
{ "type": "Feature", "properties": { "OBJECTID": 176, "Created": null, "ModifiedLa": "2005/07/31 15:19:03.000", "ModifiedBy": null, "pt_id": 25, "easting": 1108.2956, "northing": 992.7949, "elev": 18.6847, "smp_num": 117, "smp_code": "SMPCH05SR0117", "smp_type": "PALEOBOTANICAL", "date_": "2005/07/02 00:00:00.000", "source": "02JULY05B", "comments": null, "sample_no": 117, "sample_cod": "SMPCH05SR0117", "descriptio": "Palaeobotanical Sample", "date_1": "2005/07/02 00:00:00.000", "sample_typ": "Palaeobotanical", "cxt_cd": "CH05SR0451", "cxt_num": 451 }, "geometry": { "type": "Point", "coordinates": [ 1108.295640000000276, 992.79493 ] } },
{ "type": "Feature", "properties": { "OBJECTID": 177, "Created": null, "ModifiedLa": "2005/07/31 15:19:03.000", "ModifiedBy": null, "pt_id": 26, "easting": 1107.3884, "northing": 993.4045, "elev": 18.6814, "smp_num": 118, "smp_code": "SMPCH05SR0118", "smp_type": "PALEOBOTANICAL", "date_": "2005/07/02 00:00:00.000", "source": "02JULY05B", "comments": null, "sample_no": 118, "sample_cod": "SMPCH05SR0118", "descriptio": "Palaeobotanical Sample", "date_1": "2005/07/02 00:00:00.000", "sample_typ": "Palaeobotanical", "cxt_cd": "CH05SR0451", "cxt_num": 451 }, "geometry": { "type": "Point", "coordinates": [ 1107.388409999999567, 993.404479999999239 ] } },
{ "type": "Feature", "properties": { "OBJECTID": 178, "Created": null, "ModifiedLa": "2005/07/23 08:39:45.000", "ModifiedBy": null, "pt_id": 167, "easting": 1096.6283, "northing": 990.4515, "elev": 20.0511, "smp_num": 177, "smp_code": "SMPCH05SR0177", "smp_type": "METALLURGICAL", "date_": "2005/07/04 00:00:00.000", "source": "04JULY05A2", "comments": null, "sample_no": 177, "sample_cod": "SMPCH05SR0177", "descriptio": "Metallurgical sample from courtyard", "date_1": "2005/07/04 00:00:00.000", "sample_typ": "Metallurgical", "cxt_cd": "CH05SR0509", "cxt_num": 509 }, "geometry": { "type": "Point", "coordinates": [ 1096.628280000000814, 990.45154999999977 ] } },
{ "type": "Feature", "properties": { "OBJECTID": 179, "Created": null, "ModifiedLa": "2005/07/23 08:39:45.000", "ModifiedBy": null, "pt_id": 168, "easting": 1096.9465, "northing": 990.852, "elev": 20.0255, "smp_num": 178, "smp_code": "SMPCH05SR0178", "smp_type": "METALLURGICAL", "date_": "2005/07/04 00:00:00.000", "source": "04JULY05A2", "comments": null, "sample_no": 178, "sample_cod": "SMPCH05SR0178", "descriptio": "Metallurgical sample from courtyard", "date_1": "2005/07/04 00:00:00.000", "sample_typ": "Metallurgical", "cxt_cd": "CH05SR0509", "cxt_num": 509 }, "geometry": { "type": "Point", "coordinates": [ 1096.946529999999257, 990.851979999999458 ] } },
{ "type": "Feature", "properties": { "OBJECTID": 180, "Created": null, "ModifiedLa": "2005/07/23 08:39:45.000", "ModifiedBy": null, "pt_id": 169, "easting": 1094.913, "northing": 987.372, "elev": 20.0616, "smp_num": 179, "smp_code": "SMPCH05SR0179", "smp_type": "METALLURGICAL", "date_": "2005/07/04 00:00:00.000", "source": "04JULY05A2", "comments": null, "sample_no": 179, "sample_cod": "SMPCH05SR0179", "descriptio": "Metallurgical sample from courtyard", "date_1": "2005/07/04 00:00:00.000", "sample_typ": "Metallurgical", "cxt_cd": "CH05SR0509", "cxt_num": 509 }, "geometry": { "type": "Point", "coordinates": [ 1094.91302, 987.371960000000399 ] } },
{ "type": "Feature", "properties": { "OBJECTID": 181, "Created": null, "ModifiedLa": "2005/07/25 20:22:24.000", "ModifiedBy": null, "pt_id": 170, "easting": 1095.187, "northing": 987.7602, "elev": 20.02, "smp_num": 180, "smp_code": "SMPCH05SR0180", "smp_type": "METALLURGICAL", "date_": "2005/07/04 00:00:00.000", "source": "04JULY05A2", "comments": null, "sample_no": 180, "sample_cod": "SMPCH05SR0180", "descriptio": "Metallurgical sample from courtyard", "date_1": "2005/07/04 00:00:00.000", "sample_typ": "Metallurgical", "cxt_cd": "CH05SR0509", "cxt_num": 509 }, "geometry": { "type": "Point", "coordinates": [ 1095.186999999999898, 987.760179999999309 ] } },
{ "type": "Feature", "properties": { "OBJECTID": 182, "Created": null, "ModifiedLa": "2005/07/23 08:39:45.000", "ModifiedBy": null, "pt_id": 171, "easting": 1095.5221, "northing": 988.1562, "elev": 20.0352, "smp_num": 181, "smp_code": "SMPCH05SR0181", "smp_type": "METALLURGICAL", "date_": "2005/07/04 00:00:00.000", "source": "04JULY05A2", "comments": null, "sample_no": 181, "sample_cod": "SMPCH05SR0181", "descriptio": "Metallurgical sample from courtyard", "date_1": "2005/07/04 00:00:00.000", "sample_typ": "Metallurgical", "cxt_cd": "CH05SR0509", "cxt_num": 509 }, "geometry": { "type": "Point", "coordinates": [ 1095.522070000000895, 988.156199999999444 ] } },
{ "type": "Feature", "properties": { "OBJECTID": 183, "Created": null, "ModifiedLa": "2005/07/23 08:39:45.000", "ModifiedBy": null, "pt_id": 172, "easting": 1095.8489, "northing": 988.5549, "elev": 20.0238, "smp_num": 182, "smp_code": "SMPCH05SR0182", "smp_type": "METALLURGICAL", "date_": "2005/07/04 00:00:00.000", "source": "04JULY05A2", "comments": null, "sample_no": 182, "sample_cod": "SMPCH05SR0182", "descriptio": "Metallurgical sample from courtyard", "date_1": "2005/07/04 00:00:00.000", "sample_typ": "Metallurgical", "cxt_cd": "CH05SR0509", "cxt_num": 509 }, "geometry": { "type": "Point", "coordinates": [ 1095.848910000000615, 988.55493000000024 ] } },
{ "type": "Feature", "properties": { "OBJECTID": 184, "Created": null, "ModifiedLa": "2005/07/23 08:39:45.000", "ModifiedBy": null, "pt_id": 173, "easting": 1096.1428, "northing": 988.94, "elev": 20.0505, "smp_num": 183, "smp_code": "SMPCH05SR0183", "smp_type": "METALLURGICAL", "date_": "2005/07/04 00:00:00.000", "source": "04JULY05A2", "comments": null, "sample_no": 183, "sample_cod": "SMPCH05SR0183", "descriptio": "Metallurgical sample from courtyard", "date_1": "2005/07/04 00:00:00.000", "sample_typ": "Metallurgical", "cxt_cd": "CH05SR0509", "cxt_num": 509 }, "geometry": { "type": "Point", "coordinates": [ 1096.142840000000433, 988.939990000000762 ] } },
{ "type": "Feature", "properties": { "OBJECTID": 185, "Created": null, "ModifiedLa": "2005/07/23 08:39:45.000", "ModifiedBy": null, "pt_id": 174, "easting": 1096.4279, "northing": 989.3311, "elev": 20.0608, "smp_num": 184, "smp_code": "SMPCH05SR0184", "smp_type": "METALLURGICAL", "date_": "2005/07/04 00:00:00.000", "source": "04JULY05A2", "comments": null, "sample_no": 184, "sample_cod": "SMPCH05SR0184", "descriptio": "Metallurgical sample from courtyard", "date_1": "2005/07/04 00:00:00.000", "sample_typ": "Metallurgical", "cxt_cd": "CH05SR0509", "cxt_num": 509 }, "geometry": { "type": "Point", "coordinates": [ 1096.42792, 989.331089999999676 ] } },
{ "type": "Feature", "properties": { "OBJECTID": 186, "Created": null, "ModifiedLa": "2005/07/23 08:39:45.000", "ModifiedBy": null, "pt_id": 175, "easting": 1096.7299, "northing": 989.748, "elev": 20.0344, "smp_num": 185, "smp_code": "SMPCH05SR0185", "smp_type": "METALLURGICAL", "date_": "2005/07/04 00:00:00.000", "source": "04JULY05A2", "comments": null, "sample_no": 185, "sample_cod": "SMPCH05SR0185", "descriptio": "Metallurgical sample from courtyard", "date_1": "2005/07/04 00:00:00.000", "sample_typ": "Metallurgical", "cxt_cd": "CH05SR0509", "cxt_num": 509 }, "geometry": { "type": "Point", "coordinates": [ 1096.729919999999765, 989.747989999999845 ] } },
{ "type": "Feature", "properties": { "OBJECTID": 187, "Created": null, "ModifiedLa": "2005/07/23 08:39:45.000", "ModifiedBy": null, "pt_id": 176, "easting": 1097.0403, "northing": 990.1462, "elev": 20.0548, "smp_num": 186, "smp_code": "SMPCH05SR0186", "smp_type": "METALLURGICAL", "date_": "2005/07/04 00:00:00.000", "source": "04JULY05A2", "comments": null, "sample_no": 186, "sample_cod": "SMPCH05SR0186", "descriptio": "Metallurgical sample from courtyard", "date_1": "2005/07/04 00:00:00.000", "sample_typ": "Metallurgical", "cxt_cd": "CH05SR0509", "cxt_num": 509 }, "geometry": { "type": "Point", "coordinates": [ 1097.040290000000823, 990.14617 ] } },
{ "type": "Feature", "properties": { "OBJECTID": 188, "Created": null, "ModifiedLa": "2005/07/23 08:39:45.000", "ModifiedBy": null, "pt_id": 177, "easting": 1097.3144, "northing": 990.5804, "elev": 20.0832, "smp_num": 187, "smp_code": "SMPCH05SR0187", "smp_type": "METALLURGICAL", "date_": "2005/07/04 00:00:00.000", "source": "04JULY05A2", "comments": null, "sample_no": 187, "sample_cod": "SMPCH05SR0187", "descriptio": "Metallurgical sample from courtyard", "date_1": "2005/07/04 00:00:00.000", "sample_typ": "Metallurgical", "cxt_cd": "CH05SR0509", "cxt_num": 509 }, "geometry": { "type": "Point", "coordinates": [ 1097.314350000000559, 990.580410000000484 ] } },
{ "type": "Feature", "properties": { "OBJECTID": 189, "Created": null, "ModifiedLa": "2005/07/23 08:39:45.000", "ModifiedBy": null, "pt_id": 250, "easting": 1094.462, "northing": 988.4418, "elev": 20.0771, "smp_num": 162, "smp_code": "SMPCH05SR0162", "smp_type": "METALLURGICAL", "date_": "2005/07/04 00:00:00.000", "source": "04JULY05A2", "comments": null, "sample_no": 162, "sample_cod": "SMPCH05SR0162", "descriptio": "Metallurgical sample from courtyard", "date_1": "2005/07/04 00:00:00.000", "sample_typ": "Metallurgical", "cxt_cd": "CH05SR0509", "cxt_num": 509 }, "geometry": { "type": "Point", "coordinates": [ 1094.462030000000595, 988.44182 ] } },
{ "type": "Feature", "properties": { "OBJECTID": 190, "Created": null, "ModifiedLa": "2005/07/23 08:39:45.000", "ModifiedBy": null, "pt_id": 251, "easting": 1095.0409, "northing": 988.3699, "elev": 20.0213, "smp_num": 172, "smp_code": "SMPCH05SR0172", "smp_type": "METALLURGICAL", "date_": "2005/07/04 00:00:00.000", "source": "04JULY05A2", "comments": null, "sample_no": 172, "sample_cod": "SMPCH05SR0172", "descriptio": "Metallurgical sample from courtyard", "date_1": "2005/07/04 00:00:00.000", "sample_typ": "Metallurgical", "cxt_cd": "CH05SR0509", "cxt_num": 509 }, "geometry": { "type": "Point", "coordinates": [ 1095.04088000000047, 988.369870000000446 ] } },
{ "type": "Feature", "properties": { "OBJECTID": 191, "Created": null, "ModifiedLa": "2005/07/31 15:19:03.000", "ModifiedBy": null, "pt_id": 3, "easting": 1105.7617, "northing": 989.7258, "elev": 18.8484, "smp_num": 191, "smp_code": "SMPCH05SR0191", "smp_type": "PALEOBOTANICAL", "date_": "2005/07/05 00:00:00.000", "source": "05JULY05A", "comments": null, "sample_no": 191, "sample_cod": "SMPCH05SR0191", "descriptio": "Palaeobotanical sample", "date_1": "2005/07/05 00:00:00.000", "sample_typ": "Palaeobotanical", "cxt_cd": "CH05SR0451", "cxt_num": 451 }, "geometry": { "type": "Point", "coordinates": [ 1105.761679999999615, 989.725759999999354 ] } },
{ "type": "Feature", "properties": { "OBJECTID": 192, "Created": null, "ModifiedLa": "2005/07/31 15:19:03.000", "ModifiedBy": null, "pt_id": 4, "easting": 1105.016, "northing": 990.3979, "elev": 18.6657, "smp_num": 192, "smp_code": "SMPCH05SR0192", "smp_type": "PALEOBOTANICAL", "date_": "2005/07/05 00:00:00.000", "source": "05JULY05A", "comments": null, "sample_no": 192, "sample_cod": "SMPCH05SR0192", "descriptio": "Palaeobotanical sample", "date_1": "2005/07/05 00:00:00.000", "sample_typ": "Palaeobotanical", "cxt_cd": "CH05SR0451", "cxt_num": 451 }, "geometry": { "type": "Point", "coordinates": [ 1105.015989999999874, 990.397929999999178 ] } },
{ "type": "Feature", "properties": { "OBJECTID": 193, "Created": null, "ModifiedLa": "2005/07/31 15:19:03.000", "ModifiedBy": null, "pt_id": 9, "easting": 1088.5265, "northing": 989.5532, "elev": 17.9184, "smp_num": 237, "smp_code": "SMPCH05SR0237", "smp_type": "PALEOBOTANICAL", "date_": "2005/07/05 00:00:00.000", "source": "05JULY05A", "comments": null, "sample_no": 237, "sample_cod": "SMPCH05SR0237", "descriptio": "Palaeobotanical sample from well in NW side of courtyard", "date_1": "2005/07/05 00:00:00.000", "sample_typ": "Palaeobotanical", "cxt_cd": "CH05SR0511", "cxt_num": 511 }, "geometry": { "type": "Point", "coordinates": [ 1088.526529999999184, 989.553239999999278 ] } },
{ "type": "Feature", "properties": { "OBJECTID": 194, "Created": null, "ModifiedLa": "2005/07/23 08:39:45.000", "ModifiedBy": null, "pt_id": 11, "easting": 1095.3021, "northing": 987.054, "elev": 19.9854, "smp_num": 193, "smp_code": "SMPCH05SR0193", "smp_type": "METALLURGICAL", "date_": "2005/07/05 00:00:00.000", "source": "05JULY05A", "comments": null, "sample_no": 193, "sample_cod": "SMPCH05SR0193", "descriptio": "Metallurgical sample from courtyard", "date_1": "2005/07/05 00:00:00.000", "sample_typ": "Metallurgical", "cxt_cd": "CH05SR0509", "cxt_num": 509 }, "geometry": { "type": "Point", "coordinates": [ 1095.302079999999478, 987.054040000000896 ] } },
{ "type": "Feature", "properties": { "OBJECTID": 195, "Created": null, "ModifiedLa": "2005/07/23 08:39:45.000", "ModifiedBy": null, "pt_id": 12, "easting": 1095.5879, "northing": 987.476, "elev": 20.0136, "smp_num": 194, "smp_code": "SMPCH05SR0194", "smp_type": "METALLURGICAL", "date_": "2005/07/05 00:00:00.000", "source": "05JULY05A", "comments": null, "sample_no": 194, "sample_cod": "SMPCH05SR0194", "descriptio": "Metallurgical sample from courtyard", "date_1": "2005/07/05 00:00:00.000", "sample_typ": "Metallurgical", "cxt_cd": "CH05SR0509", "cxt_num": 509 }, "geometry": { "type": "Point", "coordinates": [ 1095.587929999999687, 987.476010000000315 ] } },
{ "type": "Feature", "properties": { "OBJECTID": 196, "Created": null, "ModifiedLa": "2005/07/25 19:30:02.000", "ModifiedBy": null, "pt_id": 58, "easting": 1108.116, "northing": 993.5437, "elev": 18.686, "smp_num": 277, "smp_code": "SMPCH05SR0277", "smp_type": "METALLURGICAL", "date_": "2005/07/06 00:00:00.000", "source": "06JULY05B", "comments": null, "sample_no": 277, "sample_cod": "SMPCH05SR0277", "descriptio": "metallurgical sample", "date_1": "2005/07/06 00:00:00.000", "sample_typ": "Metallurgical", "cxt_cd": "CH05SR0519", "cxt_num": 519 }, "geometry": { "type": "Point", "coordinates": [ 1108.115990000000238, 993.543739999999161 ] } },
{ "type": "Feature", "properties": { "OBJECTID": 197, "Created": null, "ModifiedLa": "2005/07/25 19:30:02.000", "ModifiedBy": null, "pt_id": 59, "easting": 1107.5579, "northing": 992.0194, "elev": 18.5457, "smp_num": 278, "smp_code": "SMPCH05SR0278", "smp_type": "METALLURGICAL", "date_": "2005/07/06 00:00:00.000", "source": "06JULY05B", "comments": null, "sample_no": 278, "sample_cod": "SMPCH05SR0278", "descriptio": "metallurgical sample", "date_1": "2005/07/06 00:00:00.000", "sample_typ": "Metallurgical", "cxt_cd": "CH05SR0519", "cxt_num": 519 }, "geometry": { "type": "Point", "coordinates": [ 1107.557849999999235, 992.01944 ] } },
{ "type": "Feature", "properties": { "OBJECTID": 198, "Created": null, "ModifiedLa": "2005/07/25 19:30:02.000", "ModifiedBy": null, "pt_id": 60, "easting": 1107.8698, "northing": 992.4018, "elev": 18.606, "smp_num": 279, "smp_code": "SMPCH05SR0279", "smp_type": "METALLURGICAL", "date_": "2005/07/06 00:00:00.000", "source": "06JULY05B", "comments": null, "sample_no": 279, "sample_cod": "SMPCH05SR0279", "descriptio": "metallurgical sample", "date_1": "2005/07/06 00:00:00.000", "sample_typ": "Metallurgical", "cxt_cd": "CH05SR0519", "cxt_num": 519 }, "geometry": { "type": "Point", "coordinates": [ 1107.86974999999984, 992.40176000000065 ] } },
{ "type": "Feature", "properties": { "OBJECTID": 199, "Created": null, "ModifiedLa": "2005/07/25 19:30:02.000", "ModifiedBy": null, "pt_id": 61, "easting": 1108.1819, "northing": 992.7834, "elev": 18.6165, "smp_num": 280, "smp_code": "SMPCH05SR0280", "smp_type": "METALLURGICAL", "date_": "2005/07/06 00:00:00.000", "source": "06JULY05B", "comments": null, "sample_no": 280, "sample_cod": "SMPCH05SR0280", "descriptio": "metallurgical sample", "date_1": "2005/07/06 00:00:00.000", "sample_typ": "Metallurgical", "cxt_cd": "CH05SR0519", "cxt_num": 519 }, "geometry": { "type": "Point", "coordinates": [ 1108.181950000000143, 992.783380000000761 ] } },
{ "type": "Feature", "properties": { "OBJECTID": 200, "Created": null, "ModifiedLa": "2005/07/25 19:30:02.000", "ModifiedBy": null, "pt_id": 62, "easting": 1108.5208, "northing": 993.2393, "elev": 18.6934, "smp_num": 281, "smp_code": "SMPCH05SR0281", "smp_type": "METALLURGICAL", "date_": "2005/07/06 00:00:00.000", "source": "06JULY05B", "comments": null, "sample_no": 281, "sample_cod": "SMPCH05SR0281", "descriptio": "Metallurgical Sample", "date_1": "2005/07/06 00:00:00.000", "sample_typ": "Metallurgical", "cxt_cd": "CH05SR0519", "cxt_num": 519 }, "geometry": { "type": "Point", "coordinates": [ 1108.52081999999973, 993.239299999999275 ] } },
{ "type": "Feature", "properties": { "OBJECTID": 201, "Created": null, "ModifiedLa": "2005/07/25 19:30:02.000", "ModifiedBy": null, "pt_id": 63, "easting": 1107.9654, "northing": 991.7246, "elev": 18.563, "smp_num": 282, "smp_code": "SMPCH05SR0282", "smp_type": "METALLURGICAL", "date_": "2005/07/06 00:00:00.000", "source": "06JULY05B", "comments": null, "sample_no": 282, "sample_cod": "SMPCH05SR0282", "descriptio": "Metallurgical Sample", "date_1": "2005/07/06 00:00:00.000", "sample_typ": "Metallurgical", "cxt_cd": "CH05SR0519", "cxt_num": 519 }, "geometry": { "type": "Point", "coordinates": [ 1107.965420000000449, 991.724589999999807 ] } },
{ "type": "Feature", "properties": { "OBJECTID": 202, "Created": null, "ModifiedLa": "2005/07/25 19:30:02.000", "ModifiedBy": null, "pt_id": 64, "easting": 1108.2731, "northing": 992.078, "elev": 18.6278, "smp_num": 283, "smp_code": "SMPCH05SR0283", "smp_type": "METALLURGICAL", "date_": "2005/07/06 00:00:00.000", "source": "06JULY05B", "comments": null, "sample_no": 283, "sample_cod": "SMPCH05SR0283", "descriptio": "Metallurgical Sample", "date_1": "2005/07/06 00:00:00.000", "sample_typ": "Metallurgical", "cxt_cd": "CH05SR0519", "cxt_num": 519 }, "geometry": { "type": "Point", "coordinates": [ 1108.273080000000846, 992.077989999999772 ] } },
{ "type": "Feature", "properties": { "OBJECTID": 203, "Created": null, "ModifiedLa": "2005/07/23 08:39:45.000", "ModifiedBy": null, "pt_id": 245, "easting": 1108.6317, "northing": 991.7704, "elev": 18.6662, "smp_num": 114, "smp_code": "SMPCH05SR0114", "smp_type": "METALLURGICAL", "date_": "2005/07/01 00:00:00.000", "source": "01JULY05B", "comments": null, "sample_no": 114, "sample_cod": "SMPCH05SR0114", "descriptio": "Metallurgical Sample", "date_1": "2005/07/01 00:00:00.000", "sample_typ": "Metallurgical", "cxt_cd": "CH05SR0451", "cxt_num": 451 }, "geometry": { "type": "Point", "coordinates": [ 1108.631740000000718, 991.770399999999427 ] } },
{ "type": "Feature", "properties": { "OBJECTID": 204, "Created": null, "ModifiedLa": "2005/07/23 08:39:45.000", "ModifiedBy": null, "pt_id": 246, "easting": 1108.9579, "northing": 992.2047, "elev": 18.6556, "smp_num": 115, "smp_code": "SMPCH05SR0115", "smp_type": "METALLURGICAL", "date_": "2005/07/01 00:00:00.000", "source": "01JULY05B", "comments": null, "sample_no": 115, "sample_cod": "SMPCH05SR0115", "descriptio": "Metallurgical Sample", "date_1": "2005/07/01 00:00:00.000", "sample_typ": "Metallurgical", "cxt_cd": "CH05SR0451", "cxt_num": 451 }, "geometry": { "type": "Point", "coordinates": [ 1108.957899999999427, 992.204690000000483 ] } },
{ "type": "Feature", "properties": { "OBJECTID": 205, "Created": null, "ModifiedLa": "2005/07/23 08:39:45.000", "ModifiedBy": null, "pt_id": 247, "easting": 1109.2372, "northing": 992.5982, "elev": 18.6689, "smp_num": 116, "smp_code": "SMPCH05SR0116", "smp_type": "METALLURGICAL", "date_": "2005/07/01 00:00:00.000", "source": "01JULY05B", "comments": null, "sample_no": 116, "sample_cod": "SMPCH05SR0116", "descriptio": "Metallurgical Sample", "date_1": "2005/07/01 00:00:00.000", "sample_typ": "Metallurgical", "cxt_cd": "CH05SR0451", "cxt_num": 451 }, "geometry": { "type": "Point", "coordinates": [ 1109.237220000000889, 992.598180000000866 ] } },
{ "type": "Feature", "properties": { "OBJECTID": 206, "Created": null, "ModifiedLa": "2005/07/16 16:25:06.000", "ModifiedBy": null, "pt_id": 1087, "easting": 1099.67887, "northing": 998.11328, "elev": 18.6363, "smp_num": 2, "smp_code": "SMPCH04SR0002", "smp_type": "ORGANIC", "date_": "2004/07/15 00:00:00.000", "source": "CH04", "comments": null, "sample_no": 2, "sample_cod": "SMPCH04SR0002", "descriptio": "flotation sample from near door", "date_1": "2004/07/22 00:00:00.000", "sample_typ": "Flotation", "cxt_cd": "CH04SR0407", "cxt_num": 407 }, "geometry": { "type": "Point", "coordinates": [ 1099.678869999999733, 998.113279999999577 ] } },
{ "type": "Feature", "properties": { "OBJECTID": 207, "Created": null, "ModifiedLa": "2005/07/16 16:25:06.000", "ModifiedBy": null, "pt_id": 1077, "easting": 1104.7856, "northing": 991.71535, "elev": 18.6578, "smp_num": 3, "smp_code": "SMPCH04SR0003", "smp_type": "ORGANIC", "date_": "2004/07/16 00:00:00.000", "source": "CH04", "comments": null, "sample_no": 3, "sample_cod": "SMPCH04SR0003", "descriptio": "organic material burnt on a stone room 33", "date_1": "2004/07/16 00:00:00.000", "sample_typ": "Organic Material", "cxt_cd": "CH04SR0410", "cxt_num": 410 }, "geometry": { "type": "Point", "coordinates": [ 1104.785599999999249, 991.715350000000399 ] } },
{ "type": "Feature", "properties": { "OBJECTID": 208, "Created": null, "ModifiedLa": "2005/07/16 16:25:06.000", "ModifiedBy": null, "pt_id": 1168, "easting": 1107.00535, "northing": 990.31855, "elev": 18.7643, "smp_num": 4, "smp_code": "SMPCH04SR0004", "smp_type": "ORGANIC", "date_": "2004/07/16 00:00:00.000", "source": "CH04", "comments": null, "sample_no": 4, "sample_cod": "SMPCH04SR0004", "descriptio": "flotation sample from room 33 south corner", "date_1": "2004/07/16 00:00:00.000", "sample_typ": "Flotation", "cxt_cd": "CH04SR0410", "cxt_num": 410 }, "geometry": { "type": "Point", "coordinates": [ 1107.005349999999453, 990.31855 ] } },
{ "type": "Feature", "properties": { "OBJECTID": 209, "Created": null, "ModifiedLa": "2005/07/16 16:25:06.000", "ModifiedBy": null, "pt_id": 1213, "easting": 1104.00548, "northing": 996.77084, "elev": 18.4932, "smp_num": 6, "smp_code": "SMPCH04SR0006", "smp_type": "ORGANIC", "date_": "2004/07/16 00:00:00.000", "source": "CH04", "comments": null, "sample_no": 6, "sample_cod": "SMPCH04SR0006", "descriptio": "charcoal", "date_1": "2004/07/16 00:00:00.000", "sample_typ": "Carbonised Wood", "cxt_cd": "CH04SR0414", "cxt_num": 414 }, "geometry": { "type": "Point", "coordinates": [ 1104.005479999999807, 996.770839999999225 ] } },
{ "type": "Feature", "properties": { "OBJECTID": 210, "Created": null, "ModifiedLa": "2005/07/16 16:25:06.000", "ModifiedBy": null, "pt_id": 1214, "easting": 1102.82625, "northing": 997.37578, "elev": 18.6112, "smp_num": 7, "smp_code": "SMPCH04SR0007", "smp_type": "ORGANIC", "date_": "2004/07/16 00:00:00.000", "source": "CH04", "comments": null, "sample_no": 7, "sample_cod": "SMPCH04SR0007", "descriptio": "charcoal", "date_1": "2004/07/16 00:00:00.000", "sample_typ": "Carbonised Wood", "cxt_cd": "CH04SR0414", "cxt_num": 414 }, "geometry": { "type": "Point", "coordinates": [ 1102.82625, 997.375780000000304 ] } },
{ "type": "Feature", "properties": { "OBJECTID": 211, "Created": null, "ModifiedLa": "2005/07/16 16:25:06.000", "ModifiedBy": null, "pt_id": 1215, "easting": 1102.13448, "northing": 995.76379, "elev": 18.4506, "smp_num": 8, "smp_code": "SMPCH04SR0008", "smp_type": "ORGANIC", "date_": "2004/07/16 00:00:00.000", "source": "CH04", "comments": null, "sample_no": 8, "sample_cod": "SMPCH04SR0008", "descriptio": "charcoal", "date_1": "2004/07/16 00:00:00.000", "sample_typ": "Carbonised Wood", "cxt_cd": "CH04SR0414", "cxt_num": 414 }, "geometry": { "type": "Point", "coordinates": [ 1102.134480000000622, 995.763790000000881 ] } },
{ "type": "Feature", "properties": { "OBJECTID": 212, "Created": null, "ModifiedLa": "2005/07/16 16:25:06.000", "ModifiedBy": null, "pt_id": 1216, "easting": 1102.96732, "northing": 994.67331, "elev": 18.5055, "smp_num": 9, "smp_code": "SMPCH04SR0009", "smp_type": "ORGANIC", "date_": "2004/07/16 00:00:00.000", "source": "CH04", "comments": null, "sample_no": 9, "sample_cod": "SMPCH04SR0009", "descriptio": "charcoal", "date_1": "2004/07/16 00:00:00.000", "sample_typ": "Carbonised Wood", "cxt_cd": "CH04SR0414", "cxt_num": 414 }, "geometry": { "type": "Point", "coordinates": [ 1102.967319999999745, 994.673310000000129 ] } },
{ "type": "Feature", "properties": { "OBJECTID": 213, "Created": null, "ModifiedLa": "2005/07/16 16:25:06.000", "ModifiedBy": null, "pt_id": 1217, "easting": 1103.13857, "northing": 997.16521, "elev": 18.5587, "smp_num": 10, "smp_code": "SMPCH04SR0010", "smp_type": "ORGANIC", "date_": "2004/07/16 00:00:00.000", "source": "CH04", "comments": null, "sample_no": 10, "sample_cod": "SMPCH04SR0010", "descriptio": "flotation sample north corner", "date_1": "2004/07/16 00:00:00.000", "sample_typ": "Flotation", "cxt_cd": "CH04SR0414", "cxt_num": 414 }, "geometry": { "type": "Point", "coordinates": [ 1103.138569999999163, 997.165209999999206 ] } },
{ "type": "Feature", "properties": { "OBJECTID": 214, "Created": null, "ModifiedLa": "2005/07/16 16:25:06.000", "ModifiedBy": null, "pt_id": 1218, "easting": 1103.87493, "northing": 992.86457, "elev": 18.3887, "smp_num": 11, "smp_code": "SMPCH04SR0011", "smp_type": "ORGANIC", "date_": "2004/07/16 00:00:00.000", "source": "CH04", "comments": null, "sample_no": 11, "sample_cod": "SMPCH04SR0011", "descriptio": "flotation sample south corner", "date_1": "2004/07/16 00:00:00.000", "sample_typ": "Flotation", "cxt_cd": "CH04SR0414", "cxt_num": 414 }, "geometry": { "type": "Point", "coordinates": [ 1103.87493, 992.86456999999973 ] } },
{ "type": "Feature", "properties": { "OBJECTID": 215, "Created": null, "ModifiedLa": "2005/07/16 16:25:06.000", "ModifiedBy": null, "pt_id": 1219, "easting": 1105.72564, "northing": 994.9793, "elev": 18.4219, "smp_num": 12, "smp_code": "SMPCH04SR0012", "smp_type": "ORGANIC", "date_": "2004/07/16 00:00:00.000", "source": "CH04", "comments": null, "sample_no": 12, "sample_cod": "SMPCH04SR0012", "descriptio": "flotation sample east corner", "date_1": "2004/07/16 00:00:00.000", "sample_typ": "Flotation", "cxt_cd": "CH04SR0414", "cxt_num": 414 }, "geometry": { "type": "Point", "coordinates": [ 1105.725640000000567, 994.979300000000876 ] } },
{ "type": "Feature", "properties": { "OBJECTID": 216, "Created": null, "ModifiedLa": "2005/07/16 16:25:06.000", "ModifiedBy": null, "pt_id": 1220, "easting": 1100.73823, "northing": 994.37794, "elev": 18.6358, "smp_num": 13, "smp_code": "SMPCH04SR0013", "smp_type": "ORGANIC", "date_": "2004/07/16 00:00:00.000", "source": "CH04", "comments": null, "sample_no": 13, "sample_cod": "SMPCH04SR0013", "descriptio": "flotation sample west corner", "date_1": "2004/07/16 00:00:00.000", "sample_typ": "Flotation", "cxt_cd": "CH04SR0414", "cxt_num": 414 }, "geometry": { "type": "Point", "coordinates": [ 1100.73823000000084, 994.377940000000308 ] } },
{ "type": "Feature", "properties": { "OBJECTID": 217, "Created": null, "ModifiedLa": "2005/07/16 16:25:06.000", "ModifiedBy": null, "pt_id": 1243, "easting": 1104.68546, "northing": 991.66805, "elev": 18.6851, "smp_num": 5, "smp_code": "SMPCH04SR0005", "smp_type": "ORGANIC", "date_": "2004/07/16 00:00:00.000", "source": "CH04", "comments": null, "sample_no": 5, "sample_cod": "SMPCH04SR0005", "descriptio": "organic material sample room 33 west corner", "date_1": "2004/07/16 00:00:00.000", "sample_typ": "Organic Material", "cxt_cd": "CH04SR0410", "cxt_num": 410 }, "geometry": { "type": "Point", "coordinates": [ 1104.685460000000603, 991.668050000000221 ] } },
{ "type": "Feature", "properties": { "OBJECTID": 218, "Created": null, "ModifiedLa": "2005/07/16 16:25:06.000", "ModifiedBy": null, "pt_id": 1118, "easting": 1107.46985, "northing": 990.37076, "elev": 18.7719, "smp_num": 18, "smp_code": "SMPCH04SR0018", "smp_type": "ORGANIC", "date_": "2004/07/17 00:00:00.000", "source": "CH04", "comments": null, "sample_no": 18, "sample_cod": "SMPCH04SR0018", "descriptio": "organic material from room 33", "date_1": "2004/07/17 00:00:00.000", "sample_typ": "Organic Material", "cxt_cd": "CH04SR0438", "cxt_num": 438 }, "geometry": { "type": "Point", "coordinates": [ 1107.469849999999497, 990.370759999999791 ] } },
{ "type": "Feature", "properties": { "OBJECTID": 219, "Created": null, "ModifiedLa": "2005/07/16 16:25:06.000", "ModifiedBy": null, "pt_id": 1134, "easting": 1099.74336, "northing": 996.73126, "elev": 18.4102, "smp_num": 19, "smp_code": "SMPCH04SR0019", "smp_type": "ORGANIC", "date_": "2004/07/17 00:00:00.000", "source": "CH04", "comments": null, "sample_no": 19, "sample_cod": "SMPCH04SR0019", "descriptio": "flot sample room 35", "date_1": "2004/07/17 00:00:00.000", "sample_typ": "Flotation", "cxt_cd": "CH04SR0425", "cxt_num": 425 }, "geometry": { "type": "Point", "coordinates": [ 1099.743360000000393, 996.731260000000475 ] } },
{ "type": "Feature", "properties": { "OBJECTID": 220, "Created": null, "ModifiedLa": "2005/07/16 16:25:06.000", "ModifiedBy": null, "pt_id": 1014, "easting": 1104.29763, "northing": 991.12951, "elev": 18.8639, "smp_num": 20, "smp_code": "SMPCH04SR0020", "smp_type": "ORGANIC", "date_": "2004/07/19 00:00:00.000", "source": "CH04", "comments": null, "sample_no": 20, "sample_cod": "SMPCH04SR0020", "descriptio": "flot sample room 33", "date_1": "2004/07/18 00:00:00.000", "sample_typ": "Flotation", "cxt_cd": "CH04SR0438", "cxt_num": 438 }, "geometry": { "type": "Point", "coordinates": [ 1104.297629999999117, 991.129510000000664 ] } },
{ "type": "Feature", "properties": { "OBJECTID": 221, "Created": null, "ModifiedLa": "2005/07/16 16:25:06.000", "ModifiedBy": null, "pt_id": 1119, "easting": 1107.16034, "northing": 991.95681, "elev": 18.6671, "smp_num": 21, "smp_code": "SMPCH04SR0021", "smp_type": "ORGANIC", "date_": "2004/07/19 00:00:00.000", "source": "CH04", "comments": null, "sample_no": 21, "sample_cod": "SMPCH04SR0021", "descriptio": "organic material", "date_1": "2004/07/18 00:00:00.000", "sample_typ": "Organic Material", "cxt_cd": "CH04SR0438", "cxt_num": 438 }, "geometry": { "type": "Point", "coordinates": [ 1107.16034000000036, 991.956809999999678 ] } },
{ "type": "Feature", "properties": { "OBJECTID": 222, "Created": null, "ModifiedLa": "2005/07/16 16:25:06.000", "ModifiedBy": null, "pt_id": 1124, "easting": 1099.5517, "northing": 996.07738, "elev": 18.435, "smp_num": 22, "smp_code": "SMPCH04SR0022", "smp_type": "ORGANIC", "date_": "2004/07/19 00:00:00.000", "source": "CH04", "comments": null, "sample_no": 22, "sample_cod": "SMPCH04SR0022", "descriptio": "flot sample", "date_1": "2004/07/19 00:00:00.000", "sample_typ": "Flotation", "cxt_cd": "CH04SR0425", "cxt_num": 425 }, "geometry": { "type": "Point", "coordinates": [ 1099.5517, 996.07738000000063 ] } },
{ "type": "Feature", "properties": { "OBJECTID": 223, "Created": null, "ModifiedLa": "2005/07/16 16:25:06.000", "ModifiedBy": null, "pt_id": 1132, "easting": 1103.4614, "northing": 992.02481, "elev": 18.5785, "smp_num": 28, "smp_code": "SMPCH04SR0028", "smp_type": "ORGANIC", "date_": "2004/07/20 00:00:00.000", "source": "CH04", "comments": null, "sample_no": 28, "sample_cod": "SMPCH04SR0028", "descriptio": "flot sample room 36", "date_1": "2004/07/20 00:00:00.000", "sample_typ": "Flotation", "cxt_cd": "CH04SR0435", "cxt_num": 435 }, "geometry": { "type": "Point", "coordinates": [ 1103.46140000000014, 992.024810000000798 ] } },
{ "type": "Feature", "properties": { "OBJECTID": 224, "Created": null, "ModifiedLa": "2005/07/16 16:25:06.000", "ModifiedBy": null, "pt_id": 1133, "easting": 1100.65631, "northing": 994.20868, "elev": 18.6089, "smp_num": 29, "smp_code": "SMPCH04SR0029", "smp_type": "ORGANIC", "date_": "2004/07/20 00:00:00.000", "source": "CH04", "comments": null, "sample_no": 29, "sample_cod": "SMPCH04SR0029", "descriptio": "flot sample room 36", "date_1": "2004/07/20 00:00:00.000", "sample_typ": "Flotation", "cxt_cd": "CH04SR0435", "cxt_num": 435 }, "geometry": { "type": "Point", "coordinates": [ 1100.656310000000303, 994.208679999999731 ] } },
{ "type": "Feature", "properties": { "OBJECTID": 225, "Created": null, "ModifiedLa": "2005/07/16 16:25:06.000", "ModifiedBy": null, "pt_id": 1143, "easting": 1107.23258, "northing": 994.11295, "elev": 18.7131, "smp_num": 24, "smp_code": "SMPCH04SR0024", "smp_type": "ORGANIC", "date_": "2004/07/20 00:00:00.000", "source": "CH04", "comments": null, "sample_no": 24, "sample_cod": "SMPCH04SR0024", "descriptio": "flot sample (sample from a pot outside and inside)", "date_1": "2004/07/20 00:00:00.000", "sample_typ": "Flotation", "cxt_cd": "CH04SR0438", "cxt_num": 438 }, "geometry": { "type": "Point", "coordinates": [ 1107.232579999999871, 994.112950000000637 ] } },
{ "type": "Feature", "properties": { "OBJECTID": 226, "Created": null, "ModifiedLa": "2005/07/16 16:25:06.000", "ModifiedBy": null, "pt_id": 1152, "easting": 1098.17876, "northing": 994.594, "elev": 19.0778, "smp_num": 26, "smp_code": "SMPCH04SR0026", "smp_type": "ORGANIC", "date_": "2004/07/20 00:00:00.000", "source": "CH04", "comments": null, "sample_no": 26, "sample_cod": "SMPCH04SR0026", "descriptio": "flot sample room 29", "date_1": "2004/07/20 00:00:00.000", "sample_typ": "Flotation", "cxt_cd": "CH04SR0364", "cxt_num": 364 }, "geometry": { "type": "Point", "coordinates": [ 1098.178760000000693, 994.593999999999141 ] } },
{ "type": "Feature", "properties": { "OBJECTID": 227, "Created": null, "ModifiedLa": "2005/07/16 16:25:06.000", "ModifiedBy": null, "pt_id": 1153, "easting": 1097.04485, "northing": 992.79618, "elev": 19.0635, "smp_num": 27, "smp_code": "SMPCH04SR0027", "smp_type": "ORGANIC", "date_": "2004/07/20 00:00:00.000", "source": "CH04", "comments": null, "sample_no": 27, "sample_cod": "SMPCH04SR0027", "descriptio": "flot sample room 29", "date_1": "2004/07/20 00:00:00.000", "sample_typ": "Flotation", "cxt_cd": "CH04SR0364", "cxt_num": 364 }, "geometry": { "type": "Point", "coordinates": [ 1097.044850000000224, 992.796179999999367 ] } },
{ "type": "Feature", "properties": { "OBJECTID": 228, "Created": null, "ModifiedLa": "2005/07/16 16:25:06.000", "ModifiedBy": null, "pt_id": 1155, "easting": 1101.4053, "northing": 994.34641, "elev": 18.5208, "smp_num": 30, "smp_code": "SMPCH04SR0030", "smp_type": "ORGANIC", "date_": "2004/07/20 00:00:00.000", "source": "CH04", "comments": null, "sample_no": 30, "sample_cod": "SMPCH04SR0030", "descriptio": "flot sample room 36", "date_1": "2004/07/20 00:00:00.000", "sample_typ": "Flotation", "cxt_cd": "CH04SR0435", "cxt_num": 435 }, "geometry": { "type": "Point", "coordinates": [ 1101.405300000000352, 994.346410000000105 ] } },
{ "type": "Feature", "properties": { "OBJECTID": 229, "Created": null, "ModifiedLa": "2005/07/16 16:25:06.000", "ModifiedBy": null, "pt_id": 1163, "easting": 1102.6813, "northing": 993.08469, "elev": 18.5422, "smp_num": 35, "smp_code": "SMPCH04SR0035", "smp_type": "ORGANIC", "date_": "2004/07/20 00:00:00.000", "source": "CH04", "comments": null, "sample_no": 35, "sample_cod": "SMPCH04SR0035", "descriptio": "flot sample room 29", "date_1": "2004/07/20 00:00:00.000", "sample_typ": "Flotation", "cxt_cd": "CH04SR0435", "cxt_num": 435 }, "geometry": { "type": "Point", "coordinates": [ 1102.681300000000192, 993.084689999999682 ] } },
{ "type": "Feature", "properties": { "OBJECTID": 230, "Created": null, "ModifiedLa": "2005/07/16 16:25:06.000", "ModifiedBy": null, "pt_id": 1166, "easting": 1099.03321, "northing": 993.44029, "elev": 19.0577, "smp_num": 34, "smp_code": "SMPCH04SR0034", "smp_type": "ORGANIC", "date_": "2004/07/20 00:00:00.000", "source": "CH04", "comments": null, "sample_no": 34, "sample_cod": "SMPCH04SR0034", "descriptio": "flot sample room 29", "date_1": "2004/07/20 00:00:00.000", "sample_typ": "Flotation", "cxt_cd": "CH04SR0364", "cxt_num": 364 }, "geometry": { "type": "Point", "coordinates": [ 1099.033209999999599, 993.440290000000459 ] } },
{ "type": "Feature", "properties": { "OBJECTID": 231, "Created": null, "ModifiedLa": "2005/07/16 16:25:06.000", "ModifiedBy": null, "pt_id": 1167, "easting": 1097.48469, "northing": 992.64838, "elev": 19.0166, "smp_num": 33, "smp_code": "SMPCH04SR0033", "smp_type": "ORGANIC", "date_": "2004/07/20 00:00:00.000", "source": "CH04", "comments": null, "sample_no": 33, "sample_cod": "SMPCH04SR0033", "descriptio": "flot sample room 29", "date_1": "2004/07/20 00:00:00.000", "sample_typ": "Flotation", "cxt_cd": "CH04SR0364", "cxt_num": 364 }, "geometry": { "type": "Point", "coordinates": [ 1097.484689999999318, 992.648380000000543 ] } },
{ "type": "Feature", "properties": { "OBJECTID": 232, "Created": null, "ModifiedLa": "2005/07/16 16:25:06.000", "ModifiedBy": null, "pt_id": 1031, "easting": 1105.05951, "northing": 990.60046, "elev": 18.761, "smp_num": 39, "smp_code": "SMPCH04SR0039", "smp_type": "ORGANIC", "date_": "2004/07/21 00:00:00.000", "source": "CH04", "comments": null, "sample_no": 39, "sample_cod": "SMPCH04SR0039", "descriptio": "flot of pithos 1 is west corner of room 33", "date_1": "2004/07/21 00:00:00.000", "sample_typ": "Flotation", "cxt_cd": "CH04SR0410", "cxt_num": 410 }, "geometry": { "type": "Point", "coordinates": [ 1105.059509999999136, 990.600459999999657 ] } },
{ "type": "Feature", "properties": { "OBJECTID": 233, "Created": null, "ModifiedLa": "2005/07/16 16:25:06.000", "ModifiedBy": null, "pt_id": 1049, "easting": 1105.33471, "northing": 990.95247, "elev": 18.8444, "smp_num": 40, "smp_code": "SMPCH04SR0040", "smp_type": "ORGANIC", "date_": "2004/07/21 00:00:00.000", "source": "CH04", "comments": null, "sample_no": 40, "sample_cod": "SMPCH04SR0040", "descriptio": "flot of pithos 1 ( with charcoal) room 33", "date_1": "2004/07/21 00:00:00.000", "sample_typ": "Flotation", "cxt_cd": "CH04SR0410", "cxt_num": 410 }, "geometry": { "type": "Point", "coordinates": [ 1105.334709999999177, 990.952470000000176 ] } },
{ "type": "Feature", "properties": { "OBJECTID": 234, "Created": null, "ModifiedLa": "2005/07/16 16:25:06.000", "ModifiedBy": null, "pt_id": 1052, "easting": 1102.62258, "northing": 993.10274, "elev": 18.5204, "smp_num": 41, "smp_code": "SMPCH04SR0041", "smp_type": "ORGANIC", "date_": "2004/07/21 00:00:00.000", "source": "CH04", "comments": null, "sample_no": 41, "sample_cod": "SMPCH04SR0041", "descriptio": "Flot Rm 36", "date_1": "2004/11/21 00:00:00.000", "sample_typ": "Flotation", "cxt_cd": "CH04SR0435", "cxt_num": 435 }, "geometry": { "type": "Point", "coordinates": [ 1102.622579999999289, 993.102740000000267 ] } },
{ "type": "Feature", "properties": { "OBJECTID": 235, "Created": null, "ModifiedLa": "2005/07/16 16:25:06.000", "ModifiedBy": null, "pt_id": 1053, "easting": 1105.21998, "northing": 994.31347, "elev": 18.3891, "smp_num": 42, "smp_code": "SMPCH04SR0042", "smp_type": "ORGANIC", "date_": "2004/07/21 00:00:00.000", "source": "CH04", "comments": null, "sample_no": 42, "sample_cod": "SMPCH04SR0042", "descriptio": "flot room 36", "date_1": "2004/07/21 00:00:00.000", "sample_typ": "Flotation", "cxt_cd": "CH04SR0448", "cxt_num": 448 }, "geometry": { "type": "Point", "coordinates": [ 1105.21997999999985, 994.313469999999143 ] } },
{ "type": "Feature", "properties": { "OBJECTID": 236, "Created": null, "ModifiedLa": "2005/07/16 16:25:06.000", "ModifiedBy": null, "pt_id": 1054, "easting": 1103.07601, "northing": 997.12701, "elev": 18.4133, "smp_num": 43, "smp_code": "SMPCH04SR0043", "smp_type": "ORGANIC", "date_": "2004/07/21 00:00:00.000", "source": "CH04", "comments": null, "sample_no": 43, "sample_cod": "SMPCH04SR0043", "descriptio": "flot room 36", "date_1": "2004/07/21 00:00:00.000", "sample_typ": "Flotation", "cxt_cd": "CH04SR0448", "cxt_num": 448 }, "geometry": { "type": "Point", "coordinates": [ 1103.076010000000679, 997.127010000000155 ] } },
{ "type": "Feature", "properties": { "OBJECTID": 237, "Created": null, "ModifiedLa": "2005/07/16 16:25:06.000", "ModifiedBy": null, "pt_id": 1055, "easting": 1101.6226, "northing": 994.88972, "elev": 18.4392, "smp_num": 44, "smp_code": "SMPCH04SR0044", "smp_type": "ORGANIC", "date_": "2004/07/21 00:00:00.000", "source": "CH04", "comments": null, "sample_no": 44, "sample_cod": "SMPCH04SR0044", "descriptio": "Flot room 36", "date_1": "2004/07/21 00:00:00.000", "sample_typ": "Flotation", "cxt_cd": "CH04SR0448", "cxt_num": 448 }, "geometry": { "type": "Point", "coordinates": [ 1101.622600000000602, 994.889719999999215 ] } },
{ "type": "Feature", "properties": { "OBJECTID": 238, "Created": null, "ModifiedLa": "2005/07/16 16:25:06.000", "ModifiedBy": null, "pt_id": 1089, "easting": 1099.41821, "northing": 993.46669, "elev": 18.9621, "smp_num": 37, "smp_code": "SMPCH04SR0037", "smp_type": "FLOTATION", "date_": "2004/07/21 00:00:00.000", "source": "CH04", "comments": null, "sample_no": 37, "sample_cod": "SMPCH04SR0037", "descriptio": "flot sample ro 29", "date_1": "2004/07/21 00:00:00.000", "sample_typ": "Flotation", "cxt_cd": "CH04SR0364", "cxt_num": 364 }, "geometry": { "type": "Point", "coordinates": [ 1099.418209999999817, 993.466689999999289 ] } },
{ "type": "Feature", "properties": { "OBJECTID": 239, "Created": null, "ModifiedLa": "2005/07/16 16:25:06.000", "ModifiedBy": null, "pt_id": 1090, "easting": 1098.47482, "northing": 993.35147, "elev": 18.9309, "smp_num": 38, "smp_code": "SMPCH04SR0038", "smp_type": "FLOTATION", "date_": "2004/07/21 00:00:00.000", "source": "CH04", "comments": null, "sample_no": 38, "sample_cod": "SMPCH04SR0038", "descriptio": "flot sample rm 29", "date_1": "2004/07/21 00:00:00.000", "sample_typ": "Flotation", "cxt_cd": "CH04SR0364", "cxt_num": 364 }, "geometry": { "type": "Point", "coordinates": [ 1098.474819999999454, 993.351469999999608 ] } },
{ "type": "Feature", "properties": { "OBJECTID": 240, "Created": null, "ModifiedLa": "2005/07/16 16:25:06.000", "ModifiedBy": null, "pt_id": 1152, "easting": 1101.47873, "northing": 994.81493, "elev": 18.3878, "smp_num": 46, "smp_code": "SMPCH04SR0046", "smp_type": "FLOTATION", "date_": "2004/07/21 00:00:00.000", "source": "CH04", "comments": null, "sample_no": 46, "sample_cod": "SMPCH04SR0046", "descriptio": "flot room 36", "date_1": "2004/07/21 00:00:00.000", "sample_typ": "Flotation", "cxt_cd": "CH04SR0450", "cxt_num": 450 }, "geometry": { "type": "Point", "coordinates": [ 1101.478730000000724, 994.814930000000459 ] } },
{ "type": "Feature", "properties": { "OBJECTID": 241, "Created": null, "ModifiedLa": "2005/07/16 16:25:06.000", "ModifiedBy": null, "pt_id": 1161, "easting": 1105.28706, "northing": 990.4693, "elev": 18.9263, "smp_num": 48, "smp_code": "SMPCH04SR0048", "smp_type": "ORGANIC", "date_": "2004/07/21 00:00:00.000", "source": "CH04", "comments": null, "sample_no": 48, "sample_cod": "SMPCH04SR0048", "descriptio": "Residue analysis ( room 33, pithos 1)", "date_1": "2004/07/21 00:00:00.000", "sample_typ": "Residue Analysis", "cxt_cd": "CH04SR0456", "cxt_num": 456 }, "geometry": { "type": "Point", "coordinates": [ 1105.287060000000565, 990.469300000000658 ] } },
{ "type": "Feature", "properties": { "OBJECTID": 242, "Created": null, "ModifiedLa": "2005/07/16 16:25:06.000", "ModifiedBy": null, "pt_id": 1162, "easting": 1108.76926, "northing": 992.95142, "elev": 18.7699, "smp_num": 36, "smp_code": "SMPCH04SR0036", "smp_type": "FLOTATION", "date_": "2004/07/21 00:00:00.000", "source": "CH04", "comments": null, "sample_no": 36, "sample_cod": "SMPCH04SR0036", "descriptio": "flot sample room 33 east corner", "date_1": "2004/07/21 00:00:00.000", "sample_typ": "Flotation", "cxt_cd": "CH04SR0438", "cxt_num": 438 }, "geometry": { "type": "Point", "coordinates": [ 1108.769259999999122, 992.951419999999416 ] } },
{ "type": "Feature", "properties": { "OBJECTID": 243, "Created": null, "ModifiedLa": "2005/07/16 16:25:06.000", "ModifiedBy": null, "pt_id": 1044, "easting": 1106.74875, "northing": 992.0413, "elev": 18.6412, "smp_num": 62, "smp_code": "SMPCH04SR0062", "smp_type": "FLOTATION", "date_": "2004/07/22 00:00:00.000", "source": "CH04", "comments": null, "sample_no": 62, "sample_cod": "SMPCH04SR0062", "descriptio": "fot sample", "date_1": "2004/07/22 00:00:00.000", "sample_typ": "Flotation", "cxt_cd": "CH04SR0438", "cxt_num": 438 }, "geometry": { "type": "Point", "coordinates": [ 1106.748750000000655, 992.041300000000774 ] } },
{ "type": "Feature", "properties": { "OBJECTID": 244, "Created": null, "ModifiedLa": "2005/07/16 16:25:06.000", "ModifiedBy": null, "pt_id": 1048, "easting": 1101.2304, "northing": 993.87415, "elev": 18.4809, "smp_num": 61, "smp_code": "SMPCH04SR0061", "smp_type": "FLOTATION", "date_": "2004/07/22 00:00:00.000", "source": "CH04", "comments": null, "sample_no": 61, "sample_cod": "SMPCH04SR0061", "descriptio": "flot sample rm 36", "date_1": "2004/07/22 00:00:00.000", "sample_typ": "Flotation", "cxt_cd": "CH04SR0448", "cxt_num": 448 }, "geometry": { "type": "Point", "coordinates": [ 1101.230400000000373, 993.874149999999645 ] } },
{ "type": "Feature", "properties": { "OBJECTID": 245, "Created": null, "ModifiedLa": "2005/07/16 16:25:06.000", "ModifiedBy": null, "pt_id": 1052, "easting": 1101.73593, "northing": 995.37407, "elev": 18.4341, "smp_num": 64, "smp_code": "SMPCH04SR0064", "smp_type": "FLOTATION", "date_": "2004/07/22 00:00:00.000", "source": "CH04", "comments": null, "sample_no": 64, "sample_cod": "SMPCH04SR0064", "descriptio": "flot sample rm 36", "date_1": "2004/07/22 00:00:00.000", "sample_typ": "Flotation", "cxt_cd": "CH04SR0448", "cxt_num": 448 }, "geometry": { "type": "Point", "coordinates": [ 1101.735930000000735, 995.374069999999847 ] } },
{ "type": "Feature", "properties": { "OBJECTID": 246, "Created": null, "ModifiedLa": "2005/07/16 16:25:06.000", "ModifiedBy": null, "pt_id": 1082, "easting": 1098.31621, "northing": 993.09592, "elev": 18.9164, "smp_num": 65, "smp_code": "SMPCH04SR0065", "smp_type": "FLOTATION", "date_": "2004/07/22 00:00:00.000", "source": "CH04", "comments": null, "sample_no": 65, "sample_cod": "SMPCH04SR0065", "descriptio": "ground sample room 29", "date_1": "2004/07/22 00:00:00.000", "sample_typ": "Residue Analysis", "cxt_cd": "CH04SR0464", "cxt_num": 464 }, "geometry": { "type": "Point", "coordinates": [ 1098.316210000000865, 993.095919999999751 ] } },
{ "type": "Feature", "properties": { "OBJECTID": 247, "Created": null, "ModifiedLa": "2005/07/16 16:25:06.000", "ModifiedBy": null, "pt_id": 1088, "easting": 1105.90073, "northing": 991.31517, "elev": 18.6562, "smp_num": 67, "smp_code": "SMPCH04SR0067", "smp_type": "ORGANIC", "date_": "2004/07/22 00:00:00.000", "source": "CH04", "comments": null, "sample_no": 67, "sample_cod": "SMPCH04SR0067", "descriptio": "organic material, rm 33", "date_1": "2004/07/22 00:00:00.000", "sample_typ": "Organic Material", "cxt_cd": "CH04SR0456", "cxt_num": 456 }, "geometry": { "type": "Point", "coordinates": [ 1105.900729999999385, 991.315169999999853 ] } },
{ "type": "Feature", "properties": { "OBJECTID": 248, "Created": null, "ModifiedLa": "2005/07/16 16:25:06.000", "ModifiedBy": null, "pt_id": 1097, "easting": 1107.26182, "northing": 991.49768, "elev": 18.6666, "smp_num": 68, "smp_code": "SMPCH04SR0068", "smp_type": "ORGANIC", "date_": "2004/07/22 00:00:00.000", "source": "CH04", "comments": null, "sample_no": 68, "sample_cod": "SMPCH04SR0068", "descriptio": "organic material centre of rm 33", "date_1": "2004/07/22 00:00:00.000", "sample_typ": "Organic Material", "cxt_cd": "CH04SR0456", "cxt_num": 456 }, "geometry": { "type": "Point", "coordinates": [ 1107.261819999999716, 991.4976800000004 ] } },
{ "type": "Feature", "properties": { "OBJECTID": 249, "Created": null, "ModifiedLa": "2005/07/16 16:25:06.000", "ModifiedBy": null, "pt_id": 1106, "easting": 1098.15716, "northing": 992.6816, "elev": 18.963, "smp_num": 69, "smp_code": "SMPCH04SR0069", "smp_type": "FLOTATION", "date_": "2004/07/22 00:00:00.000", "source": "CH04", "comments": null, "sample_no": 69, "sample_cod": "SMPCH04SR0069", "descriptio": "flot sample  room 29", "date_1": "2004/07/22 00:00:00.000", "sample_typ": "Flotation", "cxt_cd": "CH04SR0452", "cxt_num": 452 }, "geometry": { "type": "Point", "coordinates": [ 1098.157160000000658, 992.681599999999889 ] } },
{ "type": "Feature", "properties": { "OBJECTID": 250, "Created": null, "ModifiedLa": "2005/07/16 16:25:06.000", "ModifiedBy": null, "pt_id": 1007, "easting": 1107.14843, "northing": 994.61134, "elev": 18.7983, "smp_num": 71, "smp_code": "SMPCH04SR0071", "smp_type": "ORGANIC", "date_": "2004/07/23 00:00:00.000", "source": "CH04", "comments": null, "sample_no": 71, "sample_cod": "SMPCH04SR0071", "descriptio": "Residue analysis sample, amphora, room 33", "date_1": "2004/07/22 00:00:00.000", "sample_typ": "Residue Analysis", "cxt_cd": "CH04SR0456", "cxt_num": 456 }, "geometry": { "type": "Point", "coordinates": [ 1107.14842999999928, 994.611339999999473 ] } },
{ "type": "Feature", "properties": { "OBJECTID": 251, "Created": null, "ModifiedLa": "2005/07/16 16:25:06.000", "ModifiedBy": null, "pt_id": 1008, "easting": 1104.65276, "northing": 990.68752, "elev": 18.7802, "smp_num": 73, "smp_code": "SMPCH04SR0073", "smp_type": "ORGANIC", "date_": "2004/07/23 00:00:00.000", "source": "CH04", "comments": null, "sample_no": 73, "sample_cod": "SMPCH04SR0073", "descriptio": "Wood sample room 33", "date_1": "2004/07/23 00:00:00.000", "sample_typ": "Carbonised Wood", "cxt_cd": "CH04SR0456", "cxt_num": 456 }, "geometry": { "type": "Point", "coordinates": [ 1104.652760000000853, 990.687519999999495 ] } },
{ "type": "Feature", "properties": { "OBJECTID": 252, "Created": null, "ModifiedLa": "2005/07/16 16:25:06.000", "ModifiedBy": null, "pt_id": 1023, "easting": 1104.83543, "northing": 991.24796, "elev": 18.6955, "smp_num": 74, "smp_code": "SMPCH04SR0074", "smp_type": "ORGANIC", "date_": "2004/07/23 00:00:00.000", "source": "CH04", "comments": null, "sample_no": 74, "sample_cod": "SMPCH04SR0074", "descriptio": "Wood sample room 33", "date_1": "2004/07/23 00:00:00.000", "sample_typ": "Carbonised Wood", "cxt_cd": "CH04SR0456", "cxt_num": 456 }, "geometry": { "type": "Point", "coordinates": [ 1104.835429999999178, 991.247960000000603 ] } },
{ "type": "Feature", "properties": { "OBJECTID": 253, "Created": null, "ModifiedLa": "2005/07/16 16:25:06.000", "ModifiedBy": null, "pt_id": 1032, "easting": 1098.04574, "northing": 991.7486, "elev": 18.7962, "smp_num": 75, "smp_code": "SMPCH04SR0075", "smp_type": "FLOTATION", "date_": "2004/07/23 00:00:00.000", "source": "CH04", "comments": null, "sample_no": 75, "sample_cod": "SMPCH04SR0075", "descriptio": "Flotation sample room 29", "date_1": "2004/07/23 00:00:00.000", "sample_typ": "Flotation", "cxt_cd": "CH04SR0454", "cxt_num": 454 }, "geometry": { "type": "Point", "coordinates": [ 1098.045739999999569, 991.748600000000806 ] } },
{ "type": "Feature", "properties": { "OBJECTID": 254, "Created": null, "ModifiedLa": "2005/07/16 16:25:06.000", "ModifiedBy": null, "pt_id": 1035, "easting": 1100.2135, "northing": 991.35966, "elev": 18.9962, "smp_num": 76, "smp_code": "SMPCH04SR0076", "smp_type": "FLOTATION", "date_": "2004/07/23 00:00:00.000", "source": "CH04", "comments": null, "sample_no": 76, "sample_cod": "SMPCH04SR0076", "descriptio": "Flotation sample room 32", "date_1": "2004/07/23 00:00:00.000", "sample_typ": "Flotation", "cxt_cd": "CH04SR0461", "cxt_num": 461 }, "geometry": { "type": "Point", "coordinates": [ 1100.21349999999984, 991.35966 ] } },
{ "type": "Feature", "properties": { "OBJECTID": 255, "Created": null, "ModifiedLa": "2005/07/16 16:25:06.000", "ModifiedBy": null, "pt_id": 1036, "easting": 1099.16282, "northing": 991.16062, "elev": 19.0337, "smp_num": 77, "smp_code": "SMPCH04SR0077", "smp_type": "FLOTATION", "date_": "2004/07/23 00:00:00.000", "source": "CH04", "comments": null, "sample_no": 77, "sample_cod": "SMPCH04SR0077", "descriptio": "Flotation sample room 32", "date_1": "2004/07/23 00:00:00.000", "sample_typ": "Flotation", "cxt_cd": "CH04SR0461", "cxt_num": 461 }, "geometry": { "type": "Point", "coordinates": [ 1099.162819999999556, 991.160620000000563 ] } },
{ "type": "Feature", "properties": { "OBJECTID": 256, "Created": null, "ModifiedLa": "2005/07/16 16:25:06.000", "ModifiedBy": null, "pt_id": 1037, "easting": 1099.88693, "northing": 990.62627, "elev": 19.0296, "smp_num": 78, "smp_code": "SMPCH04SR0078", "smp_type": "FLOTATION", "date_": "2004/07/23 00:00:00.000", "source": "CH04", "comments": null, "sample_no": 78, "sample_cod": "SMPCH04SR0078", "descriptio": "Flotation sample room 32", "date_1": "2004/07/23 00:00:00.000", "sample_typ": "Flotation", "cxt_cd": "CH04SR0461", "cxt_num": 461 }, "geometry": { "type": "Point", "coordinates": [ 1099.886930000000575, 990.626270000000659 ] } },
{ "type": "Feature", "properties": { "OBJECTID": 257, "Created": null, "ModifiedLa": "2005/07/16 16:25:06.000", "ModifiedBy": null, "pt_id": 1053, "easting": 1107.77278, "northing": 992.46082, "elev": 18.7025, "smp_num": 79, "smp_code": "SMPCH04SR0079", "smp_type": "ORGANIC", "date_": "2004/07/23 00:00:00.000", "source": "CH04", "comments": null, "sample_no": 79, "sample_cod": "SMPCH04SR0079", "descriptio": "Wood sample center of room 33", "date_1": "2004/07/23 00:00:00.000", "sample_typ": "Carbonised Wood", "cxt_cd": "CH04SR0456", "cxt_num": 456 }, "geometry": { "type": "Point", "coordinates": [ 1107.772779999999329, 992.46082000000024 ] } },
{ "type": "Feature", "properties": { "OBJECTID": 258, "Created": null, "ModifiedLa": "2005/07/16 16:25:06.000", "ModifiedBy": null, "pt_id": 1113, "easting": 1105.41943, "northing": 991.08398, "elev": 18.6374, "smp_num": 84, "smp_code": "SMPCH04SR0084", "smp_type": "ORGANIC", "date_": "2004/07/23 00:00:00.000", "source": "CH04", "comments": null, "sample_no": 84, "sample_cod": "SMPCH04SR0084", "descriptio": "Wood sample room 33", "date_1": "2004/07/23 00:00:00.000", "sample_typ": "Carbonised Wood", "cxt_cd": "CH04SR0456", "cxt_num": 456 }, "geometry": { "type": "Point", "coordinates": [ 1105.41943, 991.083979999999428 ] } },
{ "type": "Feature", "properties": { "OBJECTID": 259, "Created": null, "ModifiedLa": "2005/07/16 16:25:06.000", "ModifiedBy": null, "pt_id": 1117, "easting": 1100.16914, "northing": 990.57658, "elev": 18.7066, "smp_num": 85, "smp_code": "SMPCH04SR0085", "smp_type": "FLOTATION", "date_": "2004/07/23 00:00:00.000", "source": "CH04", "comments": null, "sample_no": 85, "sample_cod": "SMPCH04SR0085", "descriptio": "Flotation sample", "date_1": "2004/07/24 00:00:00.000", "sample_typ": "Flotation", "cxt_cd": "CH04SR0472", "cxt_num": 472 }, "geometry": { "type": "Point", "coordinates": [ 1100.16914, 990.576580000000831 ] } },
{ "type": "Feature", "properties": { "OBJECTID": 260, "Created": null, "ModifiedLa": "2005/07/16 16:25:06.000", "ModifiedBy": null, "pt_id": 1118, "easting": 1100.41228, "northing": 992.49505, "elev": 18.7298, "smp_num": 80, "smp_code": "SMPCH04SR0080", "smp_type": "FLOTATION", "date_": "2004/07/23 00:00:00.000", "source": "CH04", "comments": null, "sample_no": 80, "sample_cod": "SMPCH04SR0080", "descriptio": "Flotation sample room 29", "date_1": "2004/07/23 00:00:00.000", "sample_typ": "Flotation", "cxt_cd": "CH04SR0461", "cxt_num": 461 }, "geometry": { "type": "Point", "coordinates": [ 1100.412280000000464, 992.495049999999537 ] } },
{ "type": "Feature", "properties": { "OBJECTID": 261, "Created": null, "ModifiedLa": "2005/07/16 16:25:06.000", "ModifiedBy": null, "pt_id": 1384, "easting": 1105.06393, "northing": 991.68859, "elev": 18.6571, "smp_num": 86, "smp_code": "SMPCH04SR0086", "smp_type": "ORGANIC", "date_": "2004/07/24 00:00:00.000", "source": "CH04", "comments": null, "sample_no": 86, "sample_cod": "SMPCH04SR0086", "descriptio": "Organic material room 33", "date_1": "2004/07/24 00:00:00.000", "sample_typ": "Organic Material", "cxt_cd": "CH04SR0487", "cxt_num": 487 }, "geometry": { "type": "Point", "coordinates": [ 1105.063930000000255, 991.688589999999749 ] } },
{ "type": "Feature", "properties": { "OBJECTID": 262, "Created": null, "ModifiedLa": "2005/07/16 16:25:06.000", "ModifiedBy": null, "pt_id": 1118, "easting": 1100.41228, "northing": 992.49505, "elev": 18.7298, "smp_num": 81, "smp_code": "SMPCH04SR0081", "smp_type": "FLOTATION", "date_": "2004/07/23 00:00:00.000", "source": "CH04", "comments": null, "sample_no": 81, "sample_cod": "SMPCH04SR0081", "descriptio": "Flotation sample room 29", "date_1": "2004/07/23 00:00:00.000", "sample_typ": "Flotation", "cxt_cd": "CH04SR0461", "cxt_num": 461 }, "geometry": { "type": "Point", "coordinates": [ 1100.412280000000464, 992.495049999999537 ] } },
{ "type": "Feature", "properties": { "OBJECTID": 263, "Created": null, "ModifiedLa": "2005/07/16 16:25:06.000", "ModifiedBy": null, "pt_id": 1118, "easting": 1100.41228, "northing": 992.49505, "elev": 18.7298, "smp_num": 82, "smp_code": "SMPCH04SR0082", "smp_type": "FLOTATION", "date_": "2004/07/23 00:00:00.000", "source": "CH04", "comments": null, "sample_no": 82, "sample_cod": "SMPCH04SR0082", "descriptio": "Flotation sample room 29", "date_1": "2004/07/23 00:00:00.000", "sample_typ": "Flotation", "cxt_cd": "CH04SR0461", "cxt_num": 461 }, "geometry": { "type": "Point", "coordinates": [ 1100.412280000000464, 992.495049999999537 ] } },
{ "type": "Feature", "properties": { "OBJECTID": 264, "Created": null, "ModifiedLa": "2005/07/16 16:25:06.000", "ModifiedBy": null, "pt_id": 1118, "easting": 1100.41228, "northing": 992.49505, "elev": 18.7298, "smp_num": 83, "smp_code": "SMPCH04SR0083", "smp_type": "FLOTATION", "date_": "2004/07/23 00:00:00.000", "source": "CH04", "comments": null, "sample_no": 83, "sample_cod": "SMPCH04SR0083", "descriptio": "Flotation sample room 29", "date_1": "2004/07/23 00:00:00.000", "sample_typ": "Flotation", "cxt_cd": "CH04SR0461", "cxt_num": 461 }, "geometry": { "type": "Point", "coordinates": [ 1100.412280000000464, 992.495049999999537 ] } },
{ "type": "Feature", "properties": { "OBJECTID": 265, "Created": null, "ModifiedLa": "2005/07/23 08:39:45.000", "ModifiedBy": null, "pt_id": 74, "easting": 1093.3167, "northing": 988.5485, "elev": 20.0764, "smp_num": 143, "smp_code": "SMPCH05SR0143", "smp_type": "METALLURGICAL", "date_": "2005/07/04 00:00:00.000", "source": "04JULY05A2", "comments": null, "sample_no": 143, "sample_cod": "SMPCH05SR0143", "descriptio": "Metallurgical sample from courtyard", "date_1": "2005/07/04 00:00:00.000", "sample_typ": "Metallurgical", "cxt_cd": "CH05SR0509", "cxt_num": 509 }, "geometry": { "type": "Point", "coordinates": [ 1093.31675, 988.54853 ] } },
{ "type": "Feature", "properties": { "OBJECTID": 266, "Created": null, "ModifiedLa": "2005/07/23 08:39:45.000", "ModifiedBy": null, "pt_id": 75, "easting": 1093.6115, "northing": 988.9441, "elev": 20.1028, "smp_num": 144, "smp_code": "SMPCH05SR0144", "smp_type": "METALLURGICAL", "date_": "2005/07/04 00:00:00.000", "source": "04JULY05A2", "comments": null, "sample_no": 144, "sample_cod": "SMPCH05SR0144", "descriptio": "Metallurgical sample from courtyard", "date_1": "2005/07/04 00:00:00.000", "sample_typ": "Metallurgical", "cxt_cd": "CH05SR0509", "cxt_num": 509 }, "geometry": { "type": "Point", "coordinates": [ 1093.61146, 988.94405 ] } },
{ "type": "Feature", "properties": { "OBJECTID": 267, "Created": null, "ModifiedLa": "2005/07/23 08:39:45.000", "ModifiedBy": null, "pt_id": 76, "easting": 1093.9577, "northing": 989.3913, "elev": 20.078, "smp_num": 145, "smp_code": "SMPCH05SR0145", "smp_type": "METALLURGICAL", "date_": "2005/07/04 00:00:00.000", "source": "04JULY05A2", "comments": null, "sample_no": 145, "sample_cod": "SMPCH05SR0145", "descriptio": "Metallurgical sample from courtyard", "date_1": "2005/07/04 00:00:00.000", "sample_typ": "Metallurgical", "cxt_cd": "CH05SR0509", "cxt_num": 509 }, "geometry": { "type": "Point", "coordinates": [ 1093.95773, 989.391310000000885 ] } },
{ "type": "Feature", "properties": { "OBJECTID": 268, "Created": null, "ModifiedLa": "2005/07/23 08:39:45.000", "ModifiedBy": null, "pt_id": 77, "easting": 1094.2346, "northing": 989.75, "elev": 20.0703, "smp_num": 146, "smp_code": "SMPCH05SR0146", "smp_type": "METALLURGICAL", "date_": "2005/07/04 00:00:00.000", "source": "04JULY05A2", "comments": null, "sample_no": 146, "sample_cod": "SMPCH05SR0146", "descriptio": "Metallurgical sample from courtyard", "date_1": "2005/07/04 00:00:00.000", "sample_typ": "Metallurgical", "cxt_cd": "CH05SR0509", "cxt_num": 509 }, "geometry": { "type": "Point", "coordinates": [ 1094.23459, 989.750019999999495 ] } },
{ "type": "Feature", "properties": { "OBJECTID": 269, "Created": null, "ModifiedLa": "2005/07/23 08:39:45.000", "ModifiedBy": null, "pt_id": 78, "easting": 1094.5067, "northing": 990.1335, "elev": 20.0573, "smp_num": 147, "smp_code": "SMPCH05SR0147", "smp_type": "METALLURGICAL", "date_": "2005/07/04 00:00:00.000", "source": "04JULY05A2", "comments": null, "sample_no": 147, "sample_cod": "SMPCH05SR0147", "descriptio": "Metallurgical sample from courtyard", "date_1": "2005/07/04 00:00:00.000", "sample_typ": "Metallurgical", "cxt_cd": "CH05SR0509", "cxt_num": 509 }, "geometry": { "type": "Point", "coordinates": [ 1094.506719999999405, 990.13350999999966 ] } },
{ "type": "Feature", "properties": { "OBJECTID": 270, "Created": null, "ModifiedLa": "2005/07/23 08:39:45.000", "ModifiedBy": null, "pt_id": 79, "easting": 1094.8235, "northing": 990.5397, "elev": 20.0575, "smp_num": 148, "smp_code": "SMPCH05SR0148", "smp_type": "METALLURGICAL", "date_": "2005/07/04 00:00:00.000", "source": "04JULY05A2", "comments": null, "sample_no": 148, "sample_cod": "SMPCH05SR0148", "descriptio": "Metallurgical sample from courtyard", "date_1": "2005/07/04 00:00:00.000", "sample_typ": "Metallurgical", "cxt_cd": "CH05SR0509", "cxt_num": 509 }, "geometry": { "type": "Point", "coordinates": [ 1094.823479999999108, 990.539740000000165 ] } },
{ "type": "Feature", "properties": { "OBJECTID": 271, "Created": null, "ModifiedLa": "2005/07/23 08:39:45.000", "ModifiedBy": null, "pt_id": 80, "easting": 1095.122, "northing": 990.9646, "elev": 20.0815, "smp_num": 149, "smp_code": "SMPCH05SR0149", "smp_type": "METALLURGICAL", "date_": "2005/07/04 00:00:00.000", "source": "04JULY05A2", "comments": null, "sample_no": 149, "sample_cod": "SMPCH05SR0149", "descriptio": "Metallurgical sample from courtyard", "date_1": "2005/07/04 00:00:00.000", "sample_typ": "Metallurgical", "cxt_cd": "CH05SR0509", "cxt_num": 509 }, "geometry": { "type": "Point", "coordinates": [ 1095.121999999999389, 990.964610000000903 ] } },
{ "type": "Feature", "properties": { "OBJECTID": 272, "Created": null, "ModifiedLa": "2005/07/23 08:39:45.000", "ModifiedBy": null, "pt_id": 81, "easting": 1095.4313, "northing": 991.3479, "elev": 20.0698, "smp_num": 150, "smp_code": "SMPCH05SR0150", "smp_type": "METALLURGICAL", "date_": "2005/07/04 00:00:00.000", "source": "04JULY05A2", "comments": null, "sample_no": 150, "sample_cod": "SMPCH05SR0150", "descriptio": "Metallurgical sample from courtyard", "date_1": "2005/07/04 00:00:00.000", "sample_typ": "Metallurgical", "cxt_cd": "CH05SR0509", "cxt_num": 509 }, "geometry": { "type": "Point", "coordinates": [ 1095.431290000000445, 991.347889999999097 ] } },
{ "type": "Feature", "properties": { "OBJECTID": 273, "Created": null, "ModifiedLa": "2005/07/23 08:39:45.000", "ModifiedBy": null, "pt_id": 82, "easting": 1095.733, "northing": 991.7417, "elev": 20.0577, "smp_num": 151, "smp_code": "SMPCH05SR0151", "smp_type": "METALLURGICAL", "date_": "2005/07/04 00:00:00.000", "source": "04JULY05A2", "comments": null, "sample_no": 151, "sample_cod": "SMPCH05SR0151", "descriptio": "Metallurgical sample from courtyard", "date_1": "2005/07/04 00:00:00.000", "sample_typ": "Metallurgical", "cxt_cd": "CH05SR0509", "cxt_num": 509 }, "geometry": { "type": "Point", "coordinates": [ 1095.733029999999417, 991.741669999999431 ] } },
{ "type": "Feature", "properties": { "OBJECTID": 274, "Created": null, "ModifiedLa": "2005/07/23 08:39:45.000", "ModifiedBy": null, "pt_id": 92, "easting": 1093.7258, "northing": 988.2591, "elev": 20.1216, "smp_num": 152, "smp_code": "SMPCH05SR0152", "smp_type": "METALLURGICAL", "date_": "2005/07/04 00:00:00.000", "source": "04JULY05A2", "comments": null, "sample_no": 152, "sample_cod": "SMPCH05SR0152", "descriptio": "Metallurgical sample from courtyard", "date_1": "2005/07/04 00:00:00.000", "sample_typ": "Metallurgical", "cxt_cd": "CH05SR0509", "cxt_num": 509 }, "geometry": { "type": "Point", "coordinates": [ 1093.725790000000416, 988.259149999999863 ] } },
{ "type": "Feature", "properties": { "OBJECTID": 275, "Created": null, "ModifiedLa": "2005/07/23 08:39:45.000", "ModifiedBy": null, "pt_id": 93, "easting": 1094.0419, "northing": 988.6284, "elev": 20.1359, "smp_num": 153, "smp_code": "SMPCH05SR0153", "smp_type": "METALLURGICAL", "date_": "2005/07/04 00:00:00.000", "source": "04JULY05A2", "comments": null, "sample_no": 153, "sample_cod": "SMPCH05SR0153", "descriptio": "Metallurgical sample from courtyard", "date_1": "2005/07/04 00:00:00.000", "sample_typ": "Metallurgical", "cxt_cd": "CH05SR0509", "cxt_num": 509 }, "geometry": { "type": "Point", "coordinates": [ 1094.04185999999936, 988.628380000000107 ] } },
{ "type": "Feature", "properties": { "OBJECTID": 276, "Created": null, "ModifiedLa": "2005/07/23 08:39:45.000", "ModifiedBy": null, "pt_id": 94, "easting": 1094.3289, "northing": 989.0547, "elev": 20.1492, "smp_num": 154, "smp_code": "SMPCH05SR0154", "smp_type": "METALLURGICAL", "date_": "2005/07/04 00:00:00.000", "source": "04JULY05A2", "comments": null, "sample_no": 154, "sample_cod": "SMPCH05SR0154", "descriptio": "Metallurgical sample from courtyard", "date_1": "2005/07/04 00:00:00.000", "sample_typ": "Metallurgical", "cxt_cd": "CH05SR0509", "cxt_num": 509 }, "geometry": { "type": "Point", "coordinates": [ 1094.328949999999168, 989.05472 ] } },
{ "type": "Feature", "properties": { "OBJECTID": 277, "Created": null, "ModifiedLa": "2005/07/23 08:39:45.000", "ModifiedBy": null, "pt_id": 95, "easting": 1094.6322, "northing": 989.4488, "elev": 20.1142, "smp_num": 155, "smp_code": "SMPCH05SR0155", "smp_type": "METALLURGICAL", "date_": "2005/07/04 00:00:00.000", "source": "04JULY05A2", "comments": null, "sample_no": 155, "sample_cod": "SMPCH05SR0155", "descriptio": "Metallurgical sample from courtyard", "date_1": "2005/07/04 00:00:00.000", "sample_typ": "Metallurgical", "cxt_cd": "CH05SR0509", "cxt_num": 509 }, "geometry": { "type": "Point", "coordinates": [ 1094.63224000000082, 989.448839999999109 ] } },
{ "type": "Feature", "properties": { "OBJECTID": 278, "Created": null, "ModifiedLa": "2005/07/23 08:39:45.000", "ModifiedBy": null, "pt_id": 96, "easting": 1094.9373, "northing": 989.8352, "elev": 20.0674, "smp_num": 156, "smp_code": "SMPCH05SR0156", "smp_type": "METALLURGICAL", "date_": "2005/07/04 00:00:00.000", "source": "04JULY05A2", "comments": null, "sample_no": 156, "sample_cod": "SMPCH05SR0156", "descriptio": "Metallurgical sample from courtyard", "date_1": "2005/07/04 00:00:00.000", "sample_typ": "Metallurgical", "cxt_cd": "CH05SR0509", "cxt_num": 509 }, "geometry": { "type": "Point", "coordinates": [ 1094.937320000000909, 989.835220000000845 ] } },
{ "type": "Feature", "properties": { "OBJECTID": 279, "Created": null, "ModifiedLa": "2005/07/23 08:39:45.000", "ModifiedBy": null, "pt_id": 97, "easting": 1095.239, "northing": 990.2507, "elev": 20.0559, "smp_num": 157, "smp_code": "SMPCH05SR0157", "smp_type": "METALLURGICAL", "date_": "2005/07/04 00:00:00.000", "source": "04JULY05A2", "comments": null, "sample_no": 157, "sample_cod": "SMPCH05SR0157", "descriptio": "Metallurgical sample from courtyard", "date_1": "2005/07/04 00:00:00.000", "sample_typ": "Metallurgical", "cxt_cd": "CH05SR0509", "cxt_num": 509 }, "geometry": { "type": "Point", "coordinates": [ 1095.239030000000639, 990.250729999999749 ] } },
{ "type": "Feature", "properties": { "OBJECTID": 280, "Created": null, "ModifiedLa": "2005/07/23 08:39:45.000", "ModifiedBy": null, "pt_id": 98, "easting": 1095.5349, "northing": 990.6573, "elev": 20.0835, "smp_num": 158, "smp_code": "SMPCH05SR0158", "smp_type": "METALLURGICAL", "date_": "2005/07/04 00:00:00.000", "source": "04JULY05A2", "comments": null, "sample_no": 158, "sample_cod": "SMPCH05SR0158", "descriptio": "Metallurgical sample from courtyard", "date_1": "2005/07/04 00:00:00.000", "sample_typ": "Metallurgical", "cxt_cd": "CH05SR0509", "cxt_num": 509 }, "geometry": { "type": "Point", "coordinates": [ 1095.534859999999753, 990.657289999999193 ] } },
{ "type": "Feature", "properties": { "OBJECTID": 281, "Created": null, "ModifiedLa": "2005/07/23 08:39:45.000", "ModifiedBy": "Jessica Trelogan", "pt_id": 99, "easting": 1095.8344, "northing": 991.0382, "elev": 20.0993, "smp_num": 159, "smp_code": "SMPCH05SR0159", "smp_type": "METALLURGICAL", "date_": "2005/07/04 00:00:00.000", "source": "04JULY05A2", "comments": null, "sample_no": 159, "sample_cod": "SMPCH05SR0159", "descriptio": "Metallurgical sample from courtyard", "date_1": "2005/07/04 00:00:00.000", "sample_typ": "Metallurgical", "cxt_cd": "CH05SR0509", "cxt_num": 509 }, "geometry": { "type": "Point", "coordinates": [ 1095.834440000000541, 991.038220000000365 ] } },
{ "type": "Feature", "properties": { "OBJECTID": 282, "Created": null, "ModifiedLa": "2005/07/23 08:39:45.000", "ModifiedBy": null, "pt_id": 100, "easting": 1096.1394, "northing": 991.4428, "elev": 20.0681, "smp_num": 160, "smp_code": "SMPCH05SR0160", "smp_type": "METALLURGICAL", "date_": "2005/07/04 00:00:00.000", "source": "04JULY05A2", "comments": null, "sample_no": 160, "sample_cod": "SMPCH05SR0160", "descriptio": "Metallurgical sample from courtyard", "date_1": "2005/07/04 00:00:00.000", "sample_typ": "Metallurgical", "cxt_cd": "CH05SR0509", "cxt_num": 509 }, "geometry": { "type": "Point", "coordinates": [ 1096.139370000000781, 991.442769999999655 ] } },
{ "type": "Feature", "properties": { "OBJECTID": 283, "Created": null, "ModifiedLa": "2005/07/31 15:19:03.000", "ModifiedBy": null, "pt_id": 133, "easting": 1106.8374, "northing": 990.2245, "elev": 18.808, "smp_num": 188, "smp_code": "SMPCH05SR0188", "smp_type": "PALEOBOTANICAL", "date_": "2005/07/04 00:00:00.000", "source": "04JULY05A2", "comments": null, "sample_no": 188, "sample_cod": "SMPCH05SR0188", "descriptio": "Palaeobotanical Sample", "date_1": "2005/07/04 00:00:00.000", "sample_typ": "Palaeobotanical", "cxt_cd": "CH05SR0451", "cxt_num": 451 }, "geometry": { "type": "Point", "coordinates": [ 1106.837359999999535, 990.224469999999201 ] } },
{ "type": "Feature", "properties": { "OBJECTID": 284, "Created": null, "ModifiedLa": "2005/07/31 15:19:03.000", "ModifiedBy": null, "pt_id": 134, "easting": 1105.9517, "northing": 990.7967, "elev": 18.7454, "smp_num": 189, "smp_code": "SMPCH05SR0189", "smp_type": "PALEOBOTANICAL", "date_": "2005/07/04 00:00:00.000", "source": "04JULY05A2", "comments": null, "sample_no": 189, "sample_cod": "SMPCH05SR0189", "descriptio": "Palaeobotanical Sample", "date_1": "2005/07/04 00:00:00.000", "sample_typ": "Palaeobotanical", "cxt_cd": "CH05SR0451", "cxt_num": 451 }, "geometry": { "type": "Point", "coordinates": [ 1105.951709999999366, 990.79671000000053 ] } },
{ "type": "Feature", "properties": { "OBJECTID": 285, "Created": null, "ModifiedLa": "2005/07/31 15:19:03.000", "ModifiedBy": null, "pt_id": 135, "easting": 1105.16, "northing": 991.4106, "elev": 18.733, "smp_num": 190, "smp_code": "SMPCH05SR0190", "smp_type": "PALEOBOTANICAL", "date_": "2005/07/04 00:00:00.000", "source": "04JULY05A2", "comments": null, "sample_no": 190, "sample_cod": "SMPCH05SR0190", "descriptio": "Palaeobotanical Sample", "date_1": "2005/07/04 00:00:00.000", "sample_typ": "Palaeobotanical", "cxt_cd": "CH05SR0451", "cxt_num": 451 }, "geometry": { "type": "Point", "coordinates": [ 1105.159999999999854, 991.410610000000815 ] } },
{ "type": "Feature", "properties": { "OBJECTID": 286, "Created": null, "ModifiedLa": "2005/07/23 08:39:45.000", "ModifiedBy": null, "pt_id": 136, "easting": 1094.1176, "northing": 987.9681, "elev": 20.0966, "smp_num": 161, "smp_code": "SMPCH05SR0161", "smp_type": "METALLURGICAL", "date_": "2005/07/04 00:00:00.000", "source": "04JULY05A2", "comments": null, "sample_no": 161, "sample_cod": "SMPCH05SR0161", "descriptio": "Metallurgical sample from courtyard", "date_1": "2005/07/04 00:00:00.000", "sample_typ": "Metallurgical", "cxt_cd": "CH05SR0509", "cxt_num": 509 }, "geometry": { "type": "Point", "coordinates": [ 1094.117620000000898, 987.968140000000858 ] } },
{ "type": "Feature", "properties": { "OBJECTID": 287, "Created": null, "ModifiedLa": "2005/07/23 08:39:45.000", "ModifiedBy": null, "pt_id": 153, "easting": 1094.7364, "northing": 988.7637, "elev": 20.1148, "smp_num": 163, "smp_code": "SMPCH05SR0163", "smp_type": "METALLURGICAL", "date_": "2005/07/04 00:00:00.000", "source": "04JULY05A2", "comments": null, "sample_no": 163, "sample_cod": "SMPCH05SR0163", "descriptio": "Metallurgical sample from courtyard", "date_1": "2005/07/04 00:00:00.000", "sample_typ": "Metallurgical", "cxt_cd": "CH05SR0509", "cxt_num": 509 }, "geometry": { "type": "Point", "coordinates": [ 1094.736370000000534, 988.763699999999517 ] } },
{ "type": "Feature", "properties": { "OBJECTID": 288, "Created": null, "ModifiedLa": "2005/07/23 08:39:45.000", "ModifiedBy": null, "pt_id": 154, "easting": 1095.041, "northing": 989.1435, "elev": 20.0917, "smp_num": 164, "smp_code": "SMPCH05SR0164", "smp_type": "METALLURGICAL", "date_": "2005/07/04 00:00:00.000", "source": "04JULY05A2", "comments": null, "sample_no": 164, "sample_cod": "SMPCH05SR0164", "descriptio": "Metallurgical sample from courtyard", "date_1": "2005/07/04 00:00:00.000", "sample_typ": "Metallurgical", "cxt_cd": "CH05SR0509", "cxt_num": 509 }, "geometry": { "type": "Point", "coordinates": [ 1095.04097, 989.143519999999626 ] } },
{ "type": "Feature", "properties": { "OBJECTID": 289, "Created": null, "ModifiedLa": "2005/07/23 08:39:45.000", "ModifiedBy": null, "pt_id": 155, "easting": 1095.3355, "northing": 989.5457, "elev": 20.0738, "smp_num": 165, "smp_code": "SMPCH05SR0165", "smp_type": "METALLURGICAL", "date_": "2005/07/04 00:00:00.000", "source": "04JULY05A2", "comments": null, "sample_no": 165, "sample_cod": "SMPCH05SR0165", "descriptio": "Metallurgical sample from courtyard", "date_1": "2005/07/04 00:00:00.000", "sample_typ": "Metallurgical", "cxt_cd": "CH05SR0509", "cxt_num": 509 }, "geometry": { "type": "Point", "coordinates": [ 1095.335499999999229, 989.54565 ] } },
{ "type": "Feature", "properties": { "OBJECTID": 290, "Created": null, "ModifiedLa": "2005/07/23 08:39:45.000", "ModifiedBy": null, "pt_id": 156, "easting": 1095.6412, "northing": 989.937, "elev": 20.0145, "smp_num": 166, "smp_code": "SMPCH05SR0166", "smp_type": "METALLURGICAL", "date_": "2005/07/04 00:00:00.000", "source": "04JULY05A2", "comments": null, "sample_no": 166, "sample_cod": "SMPCH05SR0166", "descriptio": "Metallurgical sample from courtyard", "date_1": "2005/07/04 00:00:00.000", "sample_typ": "Metallurgical", "cxt_cd": "CH05SR0509", "cxt_num": 509 }, "geometry": { "type": "Point", "coordinates": [ 1095.641170000000784, 989.936980000000403 ] } },
{ "type": "Feature", "properties": { "OBJECTID": 291, "Created": null, "ModifiedLa": "2005/07/23 08:39:45.000", "ModifiedBy": null, "pt_id": 157, "easting": 1095.9351, "northing": 990.3336, "elev": 20.0573, "smp_num": 167, "smp_code": "SMPCH05SR0167", "smp_type": "METALLURGICAL", "date_": "2005/07/04 00:00:00.000", "source": "04JULY05A2", "comments": null, "sample_no": 167, "sample_cod": "SMPCH05SR0167", "descriptio": "Metallurgical sample from courtyard", "date_1": "2005/07/04 00:00:00.000", "sample_typ": "Metallurgical", "cxt_cd": "CH05SR0509", "cxt_num": 509 }, "geometry": { "type": "Point", "coordinates": [ 1095.93505, 990.3336 ] } },
{ "type": "Feature", "properties": { "OBJECTID": 292, "Created": null, "ModifiedLa": "2005/07/23 08:39:45.000", "ModifiedBy": null, "pt_id": 158, "easting": 1096.2405, "northing": 990.7458, "elev": 20.0575, "smp_num": 168, "smp_code": "SMPCH05SR0168", "smp_type": "METALLURGICAL", "date_": "2005/07/04 00:00:00.000", "source": "04JULY05A2", "comments": null, "sample_no": 168, "sample_cod": "SMPCH05SR0168", "descriptio": "Metallurgical sample from courtyard", "date_1": "2005/07/04 00:00:00.000", "sample_typ": "Metallurgical", "cxt_cd": "CH05SR0509", "cxt_num": 509 }, "geometry": { "type": "Point", "coordinates": [ 1096.240540000000692, 990.745829999999842 ] } },
{ "type": "Feature", "properties": { "OBJECTID": 293, "Created": null, "ModifiedLa": "2005/07/23 08:39:45.000", "ModifiedBy": null, "pt_id": 159, "easting": 1096.5328, "northing": 991.1621, "elev": 20.0175, "smp_num": 169, "smp_code": "SMPCH05SR0169", "smp_type": "METALLURGICAL", "date_": "2005/07/04 00:00:00.000", "source": "04JULY05A2", "comments": null, "sample_no": 169, "sample_cod": "SMPCH05SR0169", "descriptio": "Metallurgical sample from courtyard", "date_1": "2005/07/04 00:00:00.000", "sample_typ": "Metallurgical", "cxt_cd": "CH05SR0509", "cxt_num": 509 }, "geometry": { "type": "Point", "coordinates": [ 1096.532779999999548, 991.162130000000616 ] } },
{ "type": "Feature", "properties": { "OBJECTID": 294, "Created": null, "ModifiedLa": "2005/07/23 08:39:45.000", "ModifiedBy": null, "pt_id": 160, "easting": 1094.5158, "northing": 987.6507, "elev": 20.0859, "smp_num": 170, "smp_code": "SMPCH05SR0170", "smp_type": "METALLURGICAL", "date_": "2005/07/04 00:00:00.000", "source": "04JULY05A2", "comments": null, "sample_no": 170, "sample_cod": "SMPCH05SR0170", "descriptio": "Metallurgical sample from courtyard", "date_1": "2005/07/04 00:00:00.000", "sample_typ": "Metallurgical", "cxt_cd": "CH05SR0509", "cxt_num": 509 }, "geometry": { "type": "Point", "coordinates": [ 1094.515849999999773, 987.650680000000648 ] } },
{ "type": "Feature", "properties": { "OBJECTID": 295, "Created": null, "ModifiedLa": "2005/07/23 08:39:45.000", "ModifiedBy": null, "pt_id": 161, "easting": 1094.8074, "northing": 988.0751, "elev": 20.0069, "smp_num": 171, "smp_code": "SMPCH05SR0171", "smp_type": "METALLURGICAL", "date_": "2005/07/04 00:00:00.000", "source": "04JULY05A2", "comments": null, "sample_no": 171, "sample_cod": "SMPCH05SR0171", "descriptio": "Metallurgical sample from courtyard", "date_1": "2005/07/04 00:00:00.000", "sample_typ": "Metallurgical", "cxt_cd": "CH05SR0509", "cxt_num": 509 }, "geometry": { "type": "Point", "coordinates": [ 1094.807419999999183, 988.075070000000778 ] } },
{ "type": "Feature", "properties": { "OBJECTID": 296, "Created": null, "ModifiedLa": "2005/07/23 08:39:45.000", "ModifiedBy": null, "pt_id": 163, "easting": 1095.4255, "northing": 988.8279, "elev": 20.0504, "smp_num": 173, "smp_code": "SMPCH05SR0173", "smp_type": "METALLURGICAL", "date_": "2005/07/04 00:00:00.000", "source": "04JULY05A2", "comments": null, "sample_no": 173, "sample_cod": "SMPCH05SR0173", "descriptio": "Metallurgical sample from courtyard", "date_1": "2005/07/04 00:00:00.000", "sample_typ": "Metallurgical", "cxt_cd": "CH05SR0509", "cxt_num": 509 }, "geometry": { "type": "Point", "coordinates": [ 1095.425489999999627, 988.827869999999166 ] } },
{ "type": "Feature", "properties": { "OBJECTID": 297, "Created": null, "ModifiedLa": "2005/07/23 08:39:45.000", "ModifiedBy": null, "pt_id": 164, "easting": 1095.8013, "northing": 989.213, "elev": 20.0248, "smp_num": 174, "smp_code": "SMPCH05SR0174", "smp_type": "METALLURGICAL", "date_": "2005/07/04 00:00:00.000", "source": "04JULY05A2", "comments": null, "sample_no": 174, "sample_cod": "SMPCH05SR0174", "descriptio": "Metallurgical sample from courtyard", "date_1": "2005/07/04 00:00:00.000", "sample_typ": "Metallurgical", "cxt_cd": "CH05SR0509", "cxt_num": 509 }, "geometry": { "type": "Point", "coordinates": [ 1095.801320000000487, 989.212980000000243 ] } },
{ "type": "Feature", "properties": { "OBJECTID": 298, "Created": null, "ModifiedLa": "2005/07/23 08:39:45.000", "ModifiedBy": null, "pt_id": 165, "easting": 1096.034, "northing": 989.6467, "elev": 20.0136, "smp_num": 175, "smp_code": "SMPCH05SR0175", "smp_type": "METALLURGICAL", "date_": "2005/07/04 00:00:00.000", "source": "04JULY05A2", "comments": null, "sample_no": 175, "sample_cod": "SMPCH05SR0175", "descriptio": "Metallurgical sample from courtyard", "date_1": "2005/07/04 00:00:00.000", "sample_typ": "Metallurgical", "cxt_cd": "CH05SR0509", "cxt_num": 509 }, "geometry": { "type": "Point", "coordinates": [ 1096.033960000000661, 989.646650000000591 ] } },
{ "type": "Feature", "properties": { "OBJECTID": 299, "Created": null, "ModifiedLa": "2005/07/23 08:39:45.000", "ModifiedBy": null, "pt_id": 166, "easting": 1096.3199, "northing": 990.0502, "elev": 20.0368, "smp_num": 176, "smp_code": "SMPCH05SR0176", "smp_type": "METALLURGICAL", "date_": "2005/07/04 00:00:00.000", "source": "04JULY05A2", "comments": null, "sample_no": 176, "sample_cod": "SMPCH05SR0176", "descriptio": "Metallurgical sample from courtyard", "date_1": "2005/07/04 00:00:00.000", "sample_typ": "Metallurgical", "cxt_cd": "CH05SR0509", "cxt_num": 509 }, "geometry": { "type": "Point", "coordinates": [ 1096.319900000000416, 990.050149999999121 ] } },
{ "type": "Feature", "properties": { "OBJECTID": 300, "Created": null, "ModifiedLa": "2005/07/16 16:25:06.000", "ModifiedBy": null, "pt_id": 1233, "easting": 1100.05676, "northing": 997.00311, "elev": 18.4292, "smp_num": 14, "smp_code": "SMPCH04SR0014", "smp_type": "ORGANIC", "date_": "2004/07/16 00:00:00.000", "source": "CH04", "comments": null, "sample_no": null, "sample_cod": null, "descriptio": null, "date_1": null, "sample_typ": null, "cxt_cd": null, "cxt_num": null }, "geometry": { "type": "Point", "coordinates": [ 1100.056759999999485, 997.003109999999651 ] } },
{ "type": "Feature", "properties": { "OBJECTID": 301, "Created": null, "ModifiedLa": "2005/07/16 16:25:06.000", "ModifiedBy": null, "pt_id": 1049, "easting": 1102.51447, "northing": 994.89813, "elev": 18.4136, "smp_num": 17, "smp_code": "SMPCH04SR0017", "smp_type": "ORGANIC", "date_": "2004/07/17 00:00:00.000", "source": "CH04", "comments": null, "sample_no": null, "sample_cod": null, "descriptio": null, "date_1": null, "sample_typ": null, "cxt_cd": null, "cxt_num": null }, "geometry": { "type": "Point", "coordinates": [ 1102.51447, 994.898129999999583 ] } },
{ "type": "Feature", "properties": { "OBJECTID": 302, "Created": null, "ModifiedLa": "2005/07/16 16:25:06.000", "ModifiedBy": null, "pt_id": 1145, "easting": 1108.48829, "northing": 992.01991, "elev": 18.6816, "smp_num": 25, "smp_code": "SMPCH04SR0025", "smp_type": "ORGANIC", "date_": "2004/07/20 00:00:00.000", "source": "CH04", "comments": null, "sample_no": null, "sample_cod": null, "descriptio": null, "date_1": null, "sample_typ": null, "cxt_cd": null, "cxt_num": null }, "geometry": { "type": "Point", "coordinates": [ 1108.488289999999324, 992.019910000000891 ] } },
{ "type": "Feature", "properties": { "OBJECTID": 303, "Created": null, "ModifiedLa": "2005/07/25 19:30:02.000", "ModifiedBy": null, "pt_id": 65, "easting": 1108.5977, "northing": 992.534, "elev": 18.6653, "smp_num": 284, "smp_code": "SMPCH05SR0284", "smp_type": "METALLURGICAL", "date_": "2005/07/06 00:00:00.000", "source": "06JULY05B", "comments": null, "sample_no": 284, "sample_cod": "SMPCH05SR0284", "descriptio": "Metallurgical Sample", "date_1": "2005/07/06 00:00:00.000", "sample_typ": "Metallurgical", "cxt_cd": "CH05SR0519", "cxt_num": 519 }, "geometry": { "type": "Point", "coordinates": [ 1108.597659999999451, 992.533970000000409 ] } },
{ "type": "Feature", "properties": { "OBJECTID": 304, "Created": null, "ModifiedLa": "2005/07/25 19:30:02.000", "ModifiedBy": null, "pt_id": 66, "easting": 1108.9131, "northing": 992.9372, "elev": 18.6508, "smp_num": 285, "smp_code": "SMPCH05SR0285", "smp_type": "METALLURGICAL", "date_": "2005/07/06 00:00:00.000", "source": "06JULY05B", "comments": null, "sample_no": 285, "sample_cod": "SMPCH05SR0285", "descriptio": "Metallurgical Sample", "date_1": "2005/07/06 00:00:00.000", "sample_typ": "Metallurgical", "cxt_cd": "CH05SR0519", "cxt_num": 519 }, "geometry": { "type": "Point", "coordinates": [ 1108.913140000000567, 992.937200000000303 ] } },
{ "type": "Feature", "properties": { "OBJECTID": 305, "Created": null, "ModifiedLa": "2005/07/25 19:30:02.000", "ModifiedBy": null, "pt_id": 67, "easting": 1108.3541, "northing": 991.4643, "elev": 18.6201, "smp_num": 286, "smp_code": "SMPCH05SR0286", "smp_type": "METALLURGICAL", "date_": "2005/07/06 00:00:00.000", "source": "06JULY05B", "comments": null, "sample_no": 286, "sample_cod": "SMPCH05SR0286", "descriptio": "Metallurgical Sample", "date_1": "2005/07/06 00:00:00.000", "sample_typ": "Metallurgical", "cxt_cd": "CH05SR0519", "cxt_num": 519 }, "geometry": { "type": "Point", "coordinates": [ 1108.35412, 991.464289999999892 ] } },
{ "type": "Feature", "properties": { "OBJECTID": 306, "Created": null, "ModifiedLa": "2005/07/25 19:30:02.000", "ModifiedBy": null, "pt_id": 68, "easting": 1108.6184, "northing": 991.8007, "elev": 18.6228, "smp_num": 287, "smp_code": "SMPCH05SR0287", "smp_type": "METALLURGICAL", "date_": "2005/07/06 00:00:00.000", "source": "06JULY05B", "comments": null, "sample_no": 287, "sample_cod": "SMPCH05SR0287", "descriptio": "Metallurgical Sample", "date_1": "2005/07/06 00:00:00.000", "sample_typ": "Metallurgical", "cxt_cd": "CH05SR0519", "cxt_num": 519 }, "geometry": { "type": "Point", "coordinates": [ 1108.618360000000393, 991.800709999999526 ] } },
{ "type": "Feature", "properties": { "OBJECTID": 307, "Created": null, "ModifiedLa": "2005/07/25 19:30:02.000", "ModifiedBy": null, "pt_id": 69, "easting": 1109.0062, "northing": 992.2405, "elev": 18.6496, "smp_num": 288, "smp_code": "SMPCH05SR0288", "smp_type": "METALLURGICAL", "date_": "2005/07/06 00:00:00.000", "source": "06JULY05B", "comments": null, "sample_no": 288, "sample_cod": "SMPCH05SR0288", "descriptio": "Metallurgical Sample", "date_1": "2005/07/06 00:00:00.000", "sample_typ": "Metallurgical", "cxt_cd": "CH05SR0519", "cxt_num": 519 }, "geometry": { "type": "Point", "coordinates": [ 1109.006199999999808, 992.240490000000136 ] } },
{ "type": "Feature", "properties": { "OBJECTID": 308, "Created": null, "ModifiedLa": "2005/07/25 19:30:02.000", "ModifiedBy": null, "pt_id": 70, "easting": 1109.3249, "northing": 992.6551, "elev": 18.6384, "smp_num": 289, "smp_code": "SMPCH05SR0289", "smp_type": "METALLURGICAL", "date_": "2005/07/06 00:00:00.000", "source": "06JULY05B", "comments": null, "sample_no": 289, "sample_cod": "SMPCH05SR0289", "descriptio": "Metallurgical Sample", "date_1": "2005/07/06 00:00:00.000", "sample_typ": "Metallurgical", "cxt_cd": "CH05SR0519", "cxt_num": 519 }, "geometry": { "type": "Point", "coordinates": [ 1109.324889999999868, 992.6551 ] } },
{ "type": "Feature", "properties": { "OBJECTID": 309, "Created": null, "ModifiedLa": "2005/07/25 19:30:02.000", "ModifiedBy": null, "pt_id": 79, "easting": 1101.6262, "northing": 991.5862, "elev": 18.9527, "smp_num": 290, "smp_code": "SMPCH05SR0290", "smp_type": "METALLURGICAL", "date_": "2005/07/06 00:00:00.000", "source": "06JULY05B", "comments": null, "sample_no": 290, "sample_cod": "SMPCH05SR0290", "descriptio": "Metallurgical Sample", "date_1": "2005/07/06 00:00:00.000", "sample_typ": "Metallurgical", "cxt_cd": "CH05SR0354", "cxt_num": 354 }, "geometry": { "type": "Point", "coordinates": [ 1101.6261599999998, 991.58621999999923 ] } },
{ "type": "Feature", "properties": { "OBJECTID": 310, "Created": null, "ModifiedLa": "2005/07/25 19:30:02.000", "ModifiedBy": null, "pt_id": 80, "easting": 1102.0339, "northing": 991.2648, "elev": 18.9611, "smp_num": 291, "smp_code": "SMPCH05SR0291", "smp_type": "METALLURGICAL", "date_": "2005/07/06 00:00:00.000", "source": "06JULY05B", "comments": null, "sample_no": 291, "sample_cod": "SMPCH05SR0291", "descriptio": "Metallurgical Sample", "date_1": "2005/07/06 00:00:00.000", "sample_typ": "Metallurgical", "cxt_cd": "CH05SR0354", "cxt_num": 354 }, "geometry": { "type": "Point", "coordinates": [ 1102.033939999999347, 991.26483 ] } },
{ "type": "Feature", "properties": { "OBJECTID": 311, "Created": null, "ModifiedLa": "2005/07/25 19:30:02.000", "ModifiedBy": null, "pt_id": 81, "easting": 1102.5911, "northing": 990.9605, "elev": 18.9295, "smp_num": 292, "smp_code": "SMPCH05SR0292", "smp_type": "METALLURGICAL", "date_": "2005/07/06 00:00:00.000", "source": "06JULY05B", "comments": null, "sample_no": 292, "sample_cod": "SMPCH05SR0292", "descriptio": "Metallurgical Sample", "date_1": "2005/07/06 00:00:00.000", "sample_typ": "Metallurgical", "cxt_cd": "CH05SR0354", "cxt_num": 354 }, "geometry": { "type": "Point", "coordinates": [ 1102.591140000000451, 990.96054 ] } },
{ "type": "Feature", "properties": { "OBJECTID": 312, "Created": null, "ModifiedLa": "2005/07/25 19:30:02.000", "ModifiedBy": null, "pt_id": 82, "easting": 1100.4691, "northing": 990.1678, "elev": 18.9692, "smp_num": 293, "smp_code": "SMPCH05SR0293", "smp_type": "METALLURGICAL", "date_": "2005/07/06 00:00:00.000", "source": "06JULY05B", "comments": null, "sample_no": 293, "sample_cod": "SMPCH05SR0293", "descriptio": "Metallurgical Sample", "date_1": "2005/07/06 00:00:00.000", "sample_typ": "Metallurgical", "cxt_cd": "CH05SR0354", "cxt_num": 354 }, "geometry": { "type": "Point", "coordinates": [ 1100.469069999999192, 990.16777 ] } },
{ "type": "Feature", "properties": { "OBJECTID": 313, "Created": null, "ModifiedLa": "2005/07/25 19:30:02.000", "ModifiedBy": null, "pt_id": 83, "easting": 1100.8069, "northing": 990.5292, "elev": 18.92, "smp_num": 294, "smp_code": "SMPCH05SR0294", "smp_type": "METALLURGICAL", "date_": "2005/07/06 00:00:00.000", "source": "06JULY05B", "comments": null, "sample_no": 294, "sample_cod": "SMPCH05SR0294", "descriptio": "Metallurgical Sample", "date_1": "2005/07/06 00:00:00.000", "sample_typ": "Metallurgical", "cxt_cd": "CH05SR0354", "cxt_num": 354 }, "geometry": { "type": "Point", "coordinates": [ 1100.80688, 990.52923 ] } },
{ "type": "Feature", "properties": { "OBJECTID": 314, "Created": null, "ModifiedLa": "2005/07/25 19:30:02.000", "ModifiedBy": null, "pt_id": 84, "easting": 1100.8395, "northing": 989.8328, "elev": 18.9876, "smp_num": 295, "smp_code": "SMPCH05SR0295", "smp_type": "METALLURGICAL", "date_": "2005/07/06 00:00:00.000", "source": "06JULY05B", "comments": null, "sample_no": 295, "sample_cod": "SMPCH05SR0295", "descriptio": "Metallurgical Sample", "date_1": "2005/07/06 00:00:00.000", "sample_typ": "Metallurgical", "cxt_cd": "CH05SR0354", "cxt_num": 354 }, "geometry": { "type": "Point", "coordinates": [ 1100.839459999999235, 989.832790000000386 ] } },
{ "type": "Feature", "properties": { "OBJECTID": 315, "Created": null, "ModifiedLa": "2005/07/25 19:30:02.000", "ModifiedBy": null, "pt_id": 85, "easting": 1101.1647, "northing": 990.2326, "elev": 18.8786, "smp_num": 296, "smp_code": "SMPCH05SR0296", "smp_type": "METALLURGICAL", "date_": "2005/07/06 00:00:00.000", "source": "06JULY05B", "comments": null, "sample_no": 296, "sample_cod": "SMPCH05SR0296", "descriptio": "Metallurgical Sample", "date_1": "2005/07/06 00:00:00.000", "sample_typ": "Metallurgical", "cxt_cd": "CH05SR0354", "cxt_num": 354 }, "geometry": { "type": "Point", "coordinates": [ 1101.164670000000115, 990.232609999999113 ] } },
{ "type": "Feature", "properties": { "OBJECTID": 316, "Created": null, "ModifiedLa": "2005/07/25 19:30:02.000", "ModifiedBy": null, "pt_id": 86, "easting": 1101.2665, "northing": 989.5451, "elev": 19.0012, "smp_num": 297, "smp_code": "SMPCH05SR0297", "smp_type": "METALLURGICAL", "date_": "2005/07/06 00:00:00.000", "source": "06JULY05B", "comments": null, "sample_no": 297, "sample_cod": "SMPCH05SR0297", "descriptio": "Metallurgical Sample", "date_1": "2005/07/06 00:00:00.000", "sample_typ": "Metallurgical", "cxt_cd": "CH05SR0354", "cxt_num": 354 }, "geometry": { "type": "Point", "coordinates": [ 1101.266550000000279, 989.545109999999113 ] } },
{ "type": "Feature", "properties": { "OBJECTID": 317, "Created": null, "ModifiedLa": "2005/07/25 19:30:02.000", "ModifiedBy": null, "pt_id": 87, "easting": 1101.5274, "northing": 989.9698, "elev": 18.8795, "smp_num": 298, "smp_code": "SMPCH05SR0298", "smp_type": "METALLURGICAL", "date_": "2005/07/06 00:00:00.000", "source": "06JULY05B", "comments": null, "sample_no": 298, "sample_cod": "SMPCH05SR0298", "descriptio": "Metallurgical Sample", "date_1": "2005/07/06 00:00:00.000", "sample_typ": "Metallurgical", "cxt_cd": "CH05SR0354", "cxt_num": 354 }, "geometry": { "type": "Point", "coordinates": [ 1101.527379999999539, 989.96976 ] } },
{ "type": "Feature", "properties": { "OBJECTID": 318, "Created": null, "ModifiedLa": "2005/07/23 08:39:45.000", "ModifiedBy": null, "pt_id": 3, "easting": 1104.6196, "northing": 988.0592, "elev": 18.8259, "smp_num": 87, "smp_code": "SMPCH05SR0087", "smp_type": "METALLURGICAL", "date_": "2005/06/30 00:00:00.000", "source": "30JUNE05A", "comments": null, "sample_no": 87, "sample_cod": "SMPCH05SR0087", "descriptio": "Metallurgical sample from room 28", "date_1": "2005/06/30 00:00:00.000", "sample_typ": "Metallurgical", "cxt_cd": "CH05SR0505", "cxt_num": 505 }, "geometry": { "type": "Point", "coordinates": [ 1104.6196400000008, 988.059160000000702 ] } },
{ "type": "Feature", "properties": { "OBJECTID": 319, "Created": null, "ModifiedLa": "2007/07/13 09:32:42.000", "ModifiedBy": null, "pt_id": 12, "easting": 1104.527, "northing": 988.2235, "elev": 18.8077, "smp_num": 88, "smp_code": "SMPCH05SR0088", "smp_type": "CHARCOAL", "date_": "2005/06/30 00:00:00.000", "source": "30JUNE05A", "comments": null, "sample_no": 88, "sample_cod": "SMPCH05SR0088", "descriptio": "Charcoal sample from room number 28", "date_1": "2005/06/30 00:00:00.000", "sample_typ": "Carbonised Wood", "cxt_cd": "CH05SR0505", "cxt_num": 505 }, "geometry": { "type": "Point", "coordinates": [ 1104.527040000000852, 988.223490000000311 ] } },
{ "type": "Feature", "properties": { "OBJECTID": 320, "Created": null, "ModifiedLa": "2005/07/23 08:39:45.000", "ModifiedBy": null, "pt_id": 59, "easting": 1095.8428, "northing": 988.9302, "elev": 19.7379, "smp_num": 327, "smp_code": "SMPCH05SR0327", "smp_type": "SOIL COMPOSITION", "date_": "2005/07/11 00:00:00.000", "source": "11JULY05A", "comments": null, "sample_no": 327, "sample_cod": "SMPCH05SR0327", "descriptio": "Soil sample", "date_1": "2005/07/11 00:00:00.000", "sample_typ": "Soil Composition", "cxt_cd": "CH05SR0525", "cxt_num": 525 }, "geometry": { "type": "Point", "coordinates": [ 1095.842800000000352, 988.930169999999634 ] } },
{ "type": "Feature", "properties": { "OBJECTID": 321, "Created": null, "ModifiedLa": "2005/07/23 08:39:45.000", "ModifiedBy": null, "pt_id": 112, "easting": 1095.4804, "northing": 987.372, "elev": 19.8861, "smp_num": 328, "smp_code": "SMPCH05SR0328", "smp_type": "METALLURGICAL", "date_": "2005/07/11 00:00:00.000", "source": "11JULY05A", "comments": null, "sample_no": 328, "sample_cod": "SMPCH05SR0328", "descriptio": "Metallurgical sample", "date_1": "2005/07/11 00:00:00.000", "sample_typ": "Metallurgical", "cxt_cd": "CH05SR0541", "cxt_num": 541 }, "geometry": { "type": "Point", "coordinates": [ 1095.480439999999362, 987.372009999999136 ] } },
{ "type": "Feature", "properties": { "OBJECTID": 322, "Created": null, "ModifiedLa": "2005/07/23 08:39:45.000", "ModifiedBy": null, "pt_id": 11, "easting": 1093.8442, "northing": 988.6716, "elev": 19.884, "smp_num": 323, "smp_code": "SMPCH05SR0323", "smp_type": "CHARCOAL", "date_": "2005/07/09 00:00:00.000", "source": "09JULY05A", "comments": null, "sample_no": 323, "sample_cod": "SMPCH05SR0323", "descriptio": "Carbonized wood sample", "date_1": "2005/07/09 00:00:00.000", "sample_typ": "Carbonised Wood", "cxt_cd": "CH05SR0524", "cxt_num": 524 }, "geometry": { "type": "Point", "coordinates": [ 1093.844199999999546, 988.67164000000048 ] } },
{ "type": "Feature", "properties": { "OBJECTID": 323, "Created": null, "ModifiedLa": "2005/07/31 15:19:03.000", "ModifiedBy": null, "pt_id": 15, "easting": 1101.5685, "northing": 989.7402, "elev": 18.9128, "smp_num": 324, "smp_code": "SMPCH05SR0324", "smp_type": "PALEOBOTANICAL", "date_": "2005/07/09 00:00:00.000", "source": "09JULY05A", "comments": null, "sample_no": 324, "sample_cod": "SMPCH05SR0324", "descriptio": "Palaeobotanical sample", "date_1": "2005/07/09 00:00:00.000", "sample_typ": "Palaeobotanical", "cxt_cd": "CH05SR0461", "cxt_num": 461 }, "geometry": { "type": "Point", "coordinates": [ 1101.568460000000414, 989.74021 ] } },
{ "type": "Feature", "properties": { "OBJECTID": 324, "Created": null, "ModifiedLa": "2005/07/31 15:19:03.000", "ModifiedBy": null, "pt_id": 16, "easting": 1100.7256, "northing": 990.178, "elev": 18.864, "smp_num": 325, "smp_code": "SMPCH05SR0325", "smp_type": "PALEOBOTANICAL", "date_": "2005/07/09 00:00:00.000", "source": "09JULY05A", "comments": null, "sample_no": 325, "sample_cod": "SMPCH05SR0325", "descriptio": "Palaeobotanical sample", "date_1": "2005/07/09 00:00:00.000", "sample_typ": "Palaeobotanical", "cxt_cd": "CH05SR0461", "cxt_num": 461 }, "geometry": { "type": "Point", "coordinates": [ 1100.725549999999203, 990.177999999999884 ] } },
{ "type": "Feature", "properties": { "OBJECTID": 325, "Created": null, "ModifiedLa": "2007/07/13 09:43:22.000", "ModifiedBy": null, "pt_id": 130, "easting": 1101.7446, "northing": 991.4664, "elev": 18.9903, "smp_num": 329, "smp_code": "SMPCH05SR0329", "smp_type": "PALEOBOTANICAL", "date_": "2005/07/11 00:00:00.000", "source": "10JULY05B", "comments": null, "sample_no": 329, "sample_cod": "SMPCH05SR0329", "descriptio": "Palaeobotanical sample", "date_1": "2005/07/11 00:00:00.000", "sample_typ": "Palaeobotanical", "cxt_cd": "CH05SR0461", "cxt_num": 461 }, "geometry": { "type": "Point", "coordinates": [ 1101.744570000000749, 991.4664300000004 ] } },
{ "type": "Feature", "properties": { "OBJECTID": 326, "Created": null, "ModifiedLa": "2007/07/13 09:44:19.000", "ModifiedBy": null, "pt_id": 137, "easting": 1095.8337, "northing": 989.0207, "elev": 19.635, "smp_num": 330, "smp_code": "SMPCH05SR0330", "smp_type": "CHARCOAL", "date_": "2005/07/11 00:00:00.000", "source": "10JULY05B", "comments": null, "sample_no": 330, "sample_cod": "SMPCH05SR0330", "descriptio": "Charcoal", "date_1": "2005/07/11 00:00:00.000", "sample_typ": "Carbonised Wood", "cxt_cd": "CH05SR0525", "cxt_num": 525 }, "geometry": { "type": "Point", "coordinates": [ 1095.83374, 989.020679999999629 ] } },
{ "type": "Feature", "properties": { "OBJECTID": 327, "Created": null, "ModifiedLa": "2007/07/13 09:44:19.000", "ModifiedBy": null, "pt_id": 173, "easting": 1096.2391, "northing": 982.956, "elev": 19.842, "smp_num": 331, "smp_code": "SMPCH05SR0331", "smp_type": "ARCHITECTURAL", "date_": "2005/07/11 00:00:00.000", "source": "10JULY05B", "comments": null, "sample_no": 331, "sample_cod": "SMPCH05SR0331", "descriptio": "Tomb 4 - mortar sample", "date_1": "2005/07/11 00:00:00.000", "sample_typ": "Mortar", "cxt_cd": "CH05SR0539", "cxt_num": 539 }, "geometry": { "type": "Point", "coordinates": [ 1096.239120000000185, 982.956029999999373 ] } },
{ "type": "Feature", "properties": { "OBJECTID": 328, "Created": null, "ModifiedLa": "2007/07/13 09:44:39.000", "ModifiedBy": null, "pt_id": 13, "easting": 1106.9166, "northing": 997.7538, "elev": 19.1327, "smp_num": 332, "smp_code": "SMPCH05SR0332", "smp_type": "CHARCOAL", "date_": "2005/07/12 00:00:00.000", "source": "12JULY05A", "comments": null, "sample_no": 332, "sample_cod": "SMPCH05SR0332", "descriptio": "Charcoal sample", "date_1": "2005/07/12 00:00:00.000", "sample_typ": "Carbonised Wood", "cxt_cd": "CH05SR0423", "cxt_num": 423 }, "geometry": { "type": "Point", "coordinates": [ 1106.916629999999714, 997.75382 ] } },
{ "type": "Feature", "properties": { "OBJECTID": 329, "Created": null, "ModifiedLa": "2007/07/13 09:44:39.000", "ModifiedBy": null, "pt_id": 16, "easting": 1100.6533, "northing": 989.9106, "elev": 18.8964, "smp_num": 333, "smp_code": "SMPCH05SR0333", "smp_type": "PALEOBOTANICAL", "date_": "2005/07/12 00:00:00.000", "source": "12JULY05A", "comments": null, "sample_no": 333, "sample_cod": "SMPCH05SR0333", "descriptio": "Paleobotanical sample", "date_1": "2005/07/12 00:00:00.000", "sample_typ": "Palaeobotanical", "cxt_cd": "CH05SR0461", "cxt_num": 461 }, "geometry": { "type": "Point", "coordinates": [ 1100.653309999999692, 989.91063000000031 ] } },
{ "type": "Feature", "properties": { "OBJECTID": 330, "Created": null, "ModifiedLa": "2007/07/13 09:44:39.000", "ModifiedBy": null, "pt_id": 17, "easting": 1101.7686, "northing": 991.5265, "elev": 18.7968, "smp_num": 334, "smp_code": "SMPCH05SR0334", "smp_type": "PALEOBOTANICAL", "date_": "2005/07/12 00:00:00.000", "source": "12JULY05A", "comments": null, "sample_no": 334, "sample_cod": "SMPCH05SR0334", "descriptio": "Paleobotanical Sample", "date_1": "2005/07/12 00:00:00.000", "sample_typ": "Palaeobotanical", "cxt_cd": "CH05SR0461", "cxt_num": 461 }, "geometry": { "type": "Point", "coordinates": [ 1101.768560000000434, 991.52654000000075 ] } },
{ "type": "Feature", "properties": { "OBJECTID": 331, "Created": null, "ModifiedLa": "2007/07/13 09:44:39.000", "ModifiedBy": null, "pt_id": 219, "easting": 1108.8158, "northing": 988.7081, "elev": 18.7637, "smp_num": 336, "smp_code": "SMPCH05SR0336", "smp_type": "CHARCOAL", "date_": "2005/07/12 00:00:00.000", "source": "12JULY05A", "comments": null, "sample_no": 336, "sample_cod": "SMPCH05SR0336", "descriptio": "Charcoal Sample", "date_1": "2005/07/12 00:00:00.000", "sample_typ": "Carbonised Wood", "cxt_cd": "CH05SR0516", "cxt_num": 516 }, "geometry": { "type": "Point", "coordinates": [ 1108.815800000000309, 988.708099999999831 ] } },
{ "type": "Feature", "properties": { "OBJECTID": 332, "Created": null, "ModifiedLa": "2005/07/23 08:39:45.000", "ModifiedBy": null, "pt_id": 66, "easting": 1101.4943, "northing": 990.5592, "elev": 18.8452, "smp_num": 337, "smp_code": "SMPCH05SR0337", "smp_type": "METALLURGICAL", "date_": "2005/07/13 00:00:00.000", "source": "13JULY05A", "comments": null, "sample_no": 337, "sample_cod": "SMPCH05SR0337", "descriptio": "Metallurgical sample", "date_1": "2005/07/13 00:00:00.000", "sample_typ": "Metallurgical", "cxt_cd": "CH05SR0540", "cxt_num": 540 }, "geometry": { "type": "Point", "coordinates": [ 1101.494259999999485, 990.559170000000449 ] } },
{ "type": "Feature", "properties": { "OBJECTID": 333, "Created": null, "ModifiedLa": "2005/07/23 08:39:45.000", "ModifiedBy": null, "pt_id": 67, "easting": 1109.0142, "northing": 988.2132, "elev": 18.739, "smp_num": 336, "smp_code": "SMPCH05SR0336", "smp_type": "CHARCOAL", "date_": "2005/07/13 00:00:00.000", "source": "13JULY05A", "comments": null, "sample_no": 336, "sample_cod": "SMPCH05SR0336", "descriptio": "Charcoal Sample", "date_1": "2005/07/12 00:00:00.000", "sample_typ": "Carbonised Wood", "cxt_cd": "CH05SR0516", "cxt_num": 516 }, "geometry": { "type": "Point", "coordinates": [ 1109.014170000000377, 988.213180000000648 ] } },
{ "type": "Feature", "properties": { "OBJECTID": 334, "Created": null, "ModifiedLa": "2005/07/31 15:19:03.000", "ModifiedBy": null, "pt_id": 91, "easting": 1108.2162, "northing": 992.8003, "elev": 18.6313, "smp_num": 338, "smp_code": "SMPCH05SR0338", "smp_type": "PALEOBOTANICAL", "date_": "2005/07/13 00:00:00.000", "source": "13JULY05A", "comments": null, "sample_no": 338, "sample_cod": "SMPCH05SR0338", "descriptio": "Palaeobotanical sample", "date_1": "2005/07/13 00:00:00.000", "sample_typ": "Palaeobotanical", "cxt_cd": "CH05SR0508", "cxt_num": 508 }, "geometry": { "type": "Point", "coordinates": [ 1108.21623, 992.800310000000536 ] } },
{ "type": "Feature", "properties": { "OBJECTID": 335, "Created": null, "ModifiedLa": "2005/07/23 08:39:45.000", "ModifiedBy": null, "pt_id": 98, "easting": 1096.2662, "northing": 1001.7224, "elev": 18.7831, "smp_num": 340, "smp_code": "SMPCH05SR0340", "smp_type": "CHARCOAL", "date_": "2005/07/14 00:00:00.000", "source": "14JULY05A", "comments": null, "sample_no": 340, "sample_cod": "SMPCH05SR0340", "descriptio": "charcoal sample from room 38", "date_1": "2005/07/14 00:00:00.000", "sample_typ": "Carbonised Wood", "cxt_cd": "CH05SR0535", "cxt_num": 535 }, "geometry": { "type": "Point", "coordinates": [ 1096.2662, 1001.72242 ] } },
{ "type": "Feature", "properties": { "OBJECTID": 336, "Created": null, "ModifiedLa": "2005/07/16 14:14:52.000", "ModifiedBy": null, "pt_id": 20, "easting": 1096.6327, "northing": 987.7198, "elev": 19.7596, "smp_num": 341, "smp_code": "SMPCH05SR0341", "smp_type": "ARCHITECTURAL", "date_": "2005/07/14 00:00:00.000", "source": "15JULY05B", "comments": null, "sample_no": 341, "sample_cod": "SMPCH05SR0341", "descriptio": "plaster sample", "date_1": "2005/07/15 00:00:00.000", "sample_typ": "Mortar", "cxt_cd": "CH05SR0564", "cxt_num": 564 }, "geometry": { "type": "Point", "coordinates": [ 1096.632690000000366, 987.71980000000076 ] } },
{ "type": "Feature", "properties": { "OBJECTID": 337, "Created": null, "ModifiedLa": "2005/07/31 15:52:57.000", "ModifiedBy": null, "pt_id": 65, "easting": 1089.1728, "northing": 998.1247, "elev": 19.3536, "smp_num": 342, "smp_code": "SMPCH05SR0342", "smp_type": "PALEOBOTANICAL", "date_": "2005/07/14 00:00:00.000", "source": "15JULY05B", "comments": null, "sample_no": 342, "sample_cod": "SMPCH05SR0342", "descriptio": "PALEOBOTANICEL SAMPLE(RM31)", "date_1": "2005/07/15 00:00:00.000", "sample_typ": "Palaeobotanical", "cxt_cd": "CH05SR0367", "cxt_num": 367 }, "geometry": { "type": "Point", "coordinates": [ 1089.172759999999471, 998.12471 ] } },
{ "type": "Feature", "properties": { "OBJECTID": 492, "Created": null, "ModifiedLa": "2005/07/31 15:19:03.000", "ModifiedBy": null, "pt_id": 5, "easting": 1102.1702, "northing": 991.1591, "elev": 18.9649, "smp_num": 300, "smp_code": "SMPCH05SR0300", "smp_type": "PALEOBOTANICAL", "date_": "2005/07/08 00:00:00.000", "source": "08JULY05A", "comments": null, "sample_no": 300, "sample_cod": "SMPCH05SR0300", "descriptio": "Palaeobotanical sample", "date_1": "2005/07/08 00:00:00.000", "sample_typ": "Palaeobotanical", "cxt_cd": "CH05SR0460", "cxt_num": 460 }, "geometry": { "type": "Point", "coordinates": [ 1102.170229999999719, 991.159069999999701 ] } },
{ "type": "Feature", "properties": { "OBJECTID": 493, "Created": null, "ModifiedLa": "2005/07/31 15:19:03.000", "ModifiedBy": null, "pt_id": 6, "easting": 1100.9799, "northing": 989.9525, "elev": 18.9525, "smp_num": 299, "smp_code": "SMPCH05SR0299", "smp_type": "PALEOBOTANICAL", "date_": "2005/07/08 00:00:00.000", "source": "08JULY05A", "comments": null, "sample_no": 299, "sample_cod": "SMPCH05SR0299", "descriptio": "Palaeobotanical sample", "date_1": "2005/07/08 00:00:00.000", "sample_typ": "Palaeobotanical", "cxt_cd": "CH05SR0460", "cxt_num": 460 }, "geometry": { "type": "Point", "coordinates": [ 1100.979900000000271, 989.952470000000176 ] } },
{ "type": "Feature", "properties": { "OBJECTID": 494, "Created": null, "ModifiedLa": "2005/07/27 11:49:01.000", "ModifiedBy": null, "pt_id": 15, "easting": 1093.715, "northing": 988.5112, "elev": 19.9559, "smp_num": 301, "smp_code": "SMPCH05SR0301", "smp_type": "METALLURGICAL", "date_": "2005/07/08 00:00:00.000", "source": "08JULY05A", "comments": null, "sample_no": 301, "sample_cod": "SMPCH05SR0301", "descriptio": "Metallurgical sample", "date_1": "2005/07/08 00:00:00.000", "sample_typ": "Metallurgical", "cxt_cd": "CH05SR0524", "cxt_num": 524 }, "geometry": { "type": "Point", "coordinates": [ 1093.714990000000398, 988.51118999999926 ] } },
{ "type": "Feature", "properties": { "OBJECTID": 495, "Created": null, "ModifiedLa": "2005/07/27 11:49:01.000", "ModifiedBy": null, "pt_id": 16, "easting": 1095.1596, "northing": 989.343, "elev": 19.9285, "smp_num": 302, "smp_code": "SMPCH05SR0302", "smp_type": "METALLURGICAL", "date_": "2005/07/08 00:00:00.000", "source": "08JULY05A", "comments": null, "sample_no": 302, "sample_cod": "SMPCH05SR0302", "descriptio": "Metallurgical sample", "date_1": "2005/07/08 00:00:00.000", "sample_typ": "Metallurgical", "cxt_cd": "CH05SR0525", "cxt_num": 525 }, "geometry": { "type": "Point", "coordinates": [ 1095.159620000000359, 989.343020000000251 ] } },
{ "type": "Feature", "properties": { "OBJECTID": 496, "Created": null, "ModifiedLa": "2005/07/27 11:49:01.000", "ModifiedBy": null, "pt_id": 17, "easting": 1095.4675, "northing": 989.7211, "elev": 19.935, "smp_num": 303, "smp_code": "SMPCH05SR0303", "smp_type": "METALLURGICAL", "date_": "2005/07/08 00:00:00.000", "source": "08JULY05A", "comments": null, "sample_no": 303, "sample_cod": "SMPCH05SR0303", "descriptio": "Metallurgical sample", "date_1": "2005/07/08 00:00:00.000", "sample_typ": "Metallurgical", "cxt_cd": "CH05SR0525", "cxt_num": 525 }, "geometry": { "type": "Point", "coordinates": [ 1095.467459999999846, 989.721089999999094 ] } },
{ "type": "Feature", "properties": { "OBJECTID": 497, "Created": null, "ModifiedLa": "2005/07/27 11:49:01.000", "ModifiedBy": null, "pt_id": 18, "easting": 1095.3913, "northing": 988.8073, "elev": 19.8984, "smp_num": 304, "smp_code": "SMPCH05SR0304", "smp_type": "METALLURGICAL", "date_": "2005/07/08 00:00:00.000", "source": "08JULY05A", "comments": null, "sample_no": 304, "sample_cod": "SMPCH05SR0304", "descriptio": "Metallurgical sample", "date_1": "2005/07/08 00:00:00.000", "sample_typ": "Metallurgical", "cxt_cd": "CH05SR0525", "cxt_num": 525 }, "geometry": { "type": "Point", "coordinates": [ 1095.39127, 988.80724999999984 ] } },
{ "type": "Feature", "properties": { "OBJECTID": 498, "Created": null, "ModifiedLa": "2005/07/27 11:49:01.000", "ModifiedBy": null, "pt_id": 19, "easting": 1095.7016, "northing": 989.1954, "elev": 19.9203, "smp_num": 305, "smp_code": "SMPCH05SR0305", "smp_type": "METALLURGICAL", "date_": "2005/07/08 00:00:00.000", "source": "08JULY05A", "comments": null, "sample_no": 305, "sample_cod": "SMPCH05SR0305", "descriptio": "Metallurgical sample", "date_1": "2005/07/08 00:00:00.000", "sample_typ": "Metallurgical", "cxt_cd": "CH05SR0525", "cxt_num": 525 }, "geometry": { "type": "Point", "coordinates": [ 1095.701569999999265, 989.195410000000265 ] } },
{ "type": "Feature", "properties": { "OBJECTID": 499, "Created": null, "ModifiedLa": "2005/07/27 11:49:01.000", "ModifiedBy": null, "pt_id": 20, "easting": 1096.0232, "northing": 989.5772, "elev": 19.9499, "smp_num": 306, "smp_code": "SMPCH05SR0306", "smp_type": "METALLURGICAL", "date_": "2005/07/08 00:00:00.000", "source": "08JULY05A", "comments": null, "sample_no": 306, "sample_cod": "SMPCH05SR0306", "descriptio": "Metallurgical sample", "date_1": "2005/07/08 00:00:00.000", "sample_typ": "Metallurgical", "cxt_cd": "CH05SR0525", "cxt_num": 525 }, "geometry": { "type": "Point", "coordinates": [ 1096.023180000000139, 989.577209999999468 ] } },
{ "type": "Feature", "properties": { "OBJECTID": 500, "Created": null, "ModifiedLa": "2005/07/27 11:49:01.000", "ModifiedBy": null, "pt_id": 21, "easting": 1095.9396, "northing": 988.6727, "elev": 19.9354, "smp_num": 307, "smp_code": "SMPCH05SR0307", "smp_type": "METALLURGICAL", "date_": "2005/07/08 00:00:00.000", "source": "08JULY05A", "comments": null, "sample_no": 307, "sample_cod": "SMPCH05SR0307", "descriptio": "Metallurgical sample", "date_1": "2005/07/08 00:00:00.000", "sample_typ": "Metallurgical", "cxt_cd": "CH05SR0525", "cxt_num": 525 }, "geometry": { "type": "Point", "coordinates": [ 1095.939650000000256, 988.672720000000481 ] } },
{ "type": "Feature", "properties": { "OBJECTID": 501, "Created": null, "ModifiedLa": "2005/07/27 11:49:01.000", "ModifiedBy": null, "pt_id": 23, "easting": 1097.1136, "northing": 989.1766, "elev": 19.9645, "smp_num": 309, "smp_code": "SMPCH05SR0309", "smp_type": "METALLURGICAL", "date_": "2005/07/08 00:00:00.000", "source": "08JULY05A", "comments": null, "sample_no": 309, "sample_cod": "SMPCH05SR0309", "descriptio": "Metallurgical sample", "date_1": "2005/07/08 00:00:00.000", "sample_typ": "Metallurgical", "cxt_cd": "CH05SR0526", "cxt_num": 526 }, "geometry": { "type": "Point", "coordinates": [ 1097.113639999999577, 989.17660000000069 ] } },
{ "type": "Feature", "properties": { "OBJECTID": 502, "Created": null, "ModifiedLa": "2005/07/27 11:49:01.000", "ModifiedBy": null, "pt_id": 24, "easting": 1098.5203, "northing": 988.7299, "elev": 19.9525, "smp_num": 310, "smp_code": "SMPCH05SR0310", "smp_type": "METALLURGICAL", "date_": "2005/07/08 00:00:00.000", "source": "08JULY05A", "comments": null, "sample_no": 310, "sample_cod": "SMPCH05SR0310", "descriptio": "Metallurgical sample", "date_1": "2005/07/08 00:00:00.000", "sample_typ": "Metallurgical", "cxt_cd": "CH05SR0527", "cxt_num": 527 }, "geometry": { "type": "Point", "coordinates": [ 1098.520280000000639, 988.729900000000271 ] } },
{ "type": "Feature", "properties": { "OBJECTID": 503, "Created": null, "ModifiedLa": "2005/07/27 11:49:01.000", "ModifiedBy": null, "pt_id": 25, "easting": 1098.2308, "northing": 987.3475, "elev": 19.8865, "smp_num": 311, "smp_code": "SMPCH05SR0311", "smp_type": "METALLURGICAL", "date_": "2005/07/08 00:00:00.000", "source": "08JULY05A", "comments": null, "sample_no": 311, "sample_cod": "SMPCH05SR0311", "descriptio": "Metallurgical sample", "date_1": "2005/07/08 00:00:00.000", "sample_typ": "Metallurgical", "cxt_cd": "CH05SR0522", "cxt_num": 522 }, "geometry": { "type": "Point", "coordinates": [ 1098.230760000000373, 987.347509999999602 ] } },
{ "type": "Feature", "properties": { "OBJECTID": 504, "Created": null, "ModifiedLa": "2005/07/27 11:49:01.000", "ModifiedBy": null, "pt_id": 26, "easting": 1098.4736, "northing": 987.0561, "elev": 19.9364, "smp_num": 312, "smp_code": "SMPCH05SR0312", "smp_type": "METALLURGICAL", "date_": "2005/07/08 00:00:00.000", "source": "08JULY05A", "comments": null, "sample_no": 312, "sample_cod": "SMPCH05SR0312", "descriptio": "Metallurgical sample", "date_1": "2005/07/08 00:00:00.000", "sample_typ": "Metallurgical", "cxt_cd": "CH05SR0522", "cxt_num": 522 }, "geometry": { "type": "Point", "coordinates": [ 1098.473609999999098, 987.056119999999282 ] } },
{ "type": "Feature", "properties": { "OBJECTID": 505, "Created": null, "ModifiedLa": "2005/07/27 11:49:01.000", "ModifiedBy": null, "pt_id": 27, "easting": 1098.5631, "northing": 987.3652, "elev": 19.9232, "smp_num": 313, "smp_code": "SMPCH05SR0313", "smp_type": "METALLURGICAL", "date_": "2005/07/08 00:00:00.000", "source": "08JULY05A", "comments": null, "sample_no": 313, "sample_cod": "SMPCH05SR0313", "descriptio": "Metallurgical sample", "date_1": "2005/07/08 00:00:00.000", "sample_typ": "Metallurgical", "cxt_cd": "CH05SR0522", "cxt_num": 522 }, "geometry": { "type": "Point", "coordinates": [ 1098.563109999999142, 987.365219999999681 ] } },
{ "type": "Feature", "properties": { "OBJECTID": 506, "Created": null, "ModifiedLa": "2005/07/31 15:19:03.000", "ModifiedBy": null, "pt_id": 28, "easting": 1102.4228, "northing": 991.1559, "elev": 18.9923, "smp_num": 314, "smp_code": "SMPCH05SR0314", "smp_type": "PALEOBOTANICAL", "date_": "2005/07/08 00:00:00.000", "source": "08JULY05A", "comments": null, "sample_no": 314, "sample_cod": "SMPCH05SR0314", "descriptio": "Palaeobotanical sample", "date_1": "2005/07/08 00:00:00.000", "sample_typ": "Palaeobotanical", "cxt_cd": "CH05SR0354", "cxt_num": 354 }, "geometry": { "type": "Point", "coordinates": [ 1102.422769999999218, 991.155860000000757 ] } },
{ "type": "Feature", "properties": { "OBJECTID": 507, "Created": null, "ModifiedLa": "2005/07/27 11:49:01.000", "ModifiedBy": null, "pt_id": 40, "easting": 1095.2271, "northing": 990.8286, "elev": 19.9313, "smp_num": 315, "smp_code": "SMPCH05SR0315", "smp_type": "METALLURGICAL", "date_": "2005/07/08 00:00:00.000", "source": "08JULY05A", "comments": null, "sample_no": 315, "sample_cod": "SMPCH05SR0315", "descriptio": "Metallurgical sample", "date_1": "2005/07/08 00:00:00.000", "sample_typ": "Metallurgical", "cxt_cd": "CH05SR0530", "cxt_num": 530 }, "geometry": { "type": "Point", "coordinates": [ 1095.227070000000822, 990.828589999999167 ] } },
{ "type": "Feature", "properties": { "OBJECTID": 508, "Created": null, "ModifiedLa": "2005/07/27 11:49:01.000", "ModifiedBy": null, "pt_id": 41, "easting": 1096.1729, "northing": 988.1438, "elev": 19.9254, "smp_num": 316, "smp_code": "SMPCH05SR0316", "smp_type": "METALLURGICAL", "date_": "2005/07/08 00:00:00.000", "source": "08JULY05A", "comments": null, "sample_no": 316, "sample_cod": "SMPCH05SR0316", "descriptio": "Metallurgical sample", "date_1": "2005/07/08 00:00:00.000", "sample_typ": "Metallurgical", "cxt_cd": "CH05SR0525", "cxt_num": 525 }, "geometry": { "type": "Point", "coordinates": [ 1096.172920000000886, 988.143819999999323 ] } },
{ "type": "Feature", "properties": { "OBJECTID": 509, "Created": null, "ModifiedLa": "2005/07/27 11:49:01.000", "ModifiedBy": null, "pt_id": 42, "easting": 1096.4707, "northing": 988.5397, "elev": 19.9201, "smp_num": 317, "smp_code": "SMPCH05SR0317", "smp_type": "METALLURGICAL", "date_": "2005/07/08 00:00:00.000", "source": "08JULY05A", "comments": null, "sample_no": 317, "sample_cod": "SMPCH05SR0317", "descriptio": "Metallurgical sample", "date_1": "2005/07/08 00:00:00.000", "sample_typ": "Metallurgical", "cxt_cd": "CH05SR0525", "cxt_num": 525 }, "geometry": { "type": "Point", "coordinates": [ 1096.470670000000609, 988.539720000000671 ] } },
{ "type": "Feature", "properties": { "OBJECTID": 510, "Created": null, "ModifiedLa": "2005/07/27 11:49:01.000", "ModifiedBy": null, "pt_id": 43, "easting": 1096.7696, "northing": 988.9416, "elev": 19.902, "smp_num": 318, "smp_code": "SMPCH05SR0318", "smp_type": "METALLURGICAL", "date_": "2005/07/08 00:00:00.000", "source": "08JULY05A", "comments": null, "sample_no": 318, "sample_cod": "SMPCH05SR0318", "descriptio": "Metallurgical sample", "date_1": "2005/07/08 00:00:00.000", "sample_typ": "Metallurgical", "cxt_cd": "CH05SR0525", "cxt_num": 525 }, "geometry": { "type": "Point", "coordinates": [ 1096.769630000000689, 988.941570000000866 ] } },
{ "type": "Feature", "properties": { "OBJECTID": 511, "Created": null, "ModifiedLa": "2005/07/27 11:49:01.000", "ModifiedBy": null, "pt_id": 44, "easting": 1096.7225, "northing": 988.0434, "elev": 19.9024, "smp_num": 319, "smp_code": "SMPCH05SR0319", "smp_type": "METALLURGICAL", "date_": "2005/07/08 00:00:00.000", "source": "08JULY05A", "comments": null, "sample_no": 319, "sample_cod": "SMPCH05SR0319", "descriptio": "Metallurgical sample", "date_1": "2005/07/08 00:00:00.000", "sample_typ": "Metallurgical", "cxt_cd": "CH05SR0525", "cxt_num": 525 }, "geometry": { "type": "Point", "coordinates": [ 1096.722509999999602, 988.04335 ] } },
{ "type": "Feature", "properties": { "OBJECTID": 512, "Created": null, "ModifiedLa": "2005/07/27 11:49:01.000", "ModifiedBy": null, "pt_id": 45, "easting": 1097.0339, "northing": 988.4379, "elev": 19.9535, "smp_num": 320, "smp_code": "SMPCH05SR0320", "smp_type": "METALLURGICAL", "date_": "2005/07/08 00:00:00.000", "source": "08JULY05A", "comments": null, "sample_no": 320, "sample_cod": "SMPCH05SR0320", "descriptio": "Metallurgical sample", "date_1": "2005/07/08 00:00:00.000", "sample_typ": "Metallurgical", "cxt_cd": "CH05SR0525", "cxt_num": 525 }, "geometry": { "type": "Point", "coordinates": [ 1097.033880000000863, 988.437900000000809 ] } },
{ "type": "Feature", "properties": { "OBJECTID": 513, "Created": null, "ModifiedLa": "2006/07/27 10:10:09.000", "ModifiedBy": null, "pt_id": 1020, "easting": 1095.4563, "northing": 1003.0286, "elev": 18.2194, "smp_num": 511, "smp_code": "SMPCH06SR0511", "smp_type": "CHARCOAL", "date_": "2006/06/22 00:00:00.000", "source": "23JUN06B", "comments": null, "sample_no": 511, "sample_cod": "SMPCH06SR0511", "descriptio": "Charcoal sample from room 38", "date_1": "2006/06/23 00:00:00.000", "sample_typ": "Carbonised Wood", "cxt_cd": "CH06SR0712", "cxt_num": 712 }, "geometry": { "type": "Point", "coordinates": [ 1095.456270000000586, 1003.028589999999895 ] } },
{ "type": "Feature", "properties": { "OBJECTID": 514, "Created": null, "ModifiedLa": "2006/07/12 15:53:41.000", "ModifiedBy": null, "pt_id": 1092, "easting": 1105.0606, "northing": 982.0373, "elev": 19.0975, "smp_num": 512, "smp_code": "SMPCH06SR0512", "smp_type": "METALLURGICAL", "date_": "2006/06/22 00:00:00.000", "source": "23JUN06B", "comments": null, "sample_no": 512, "sample_cod": "SMPCH06SR0512", "descriptio": "Metallurgical sample from the Main street", "date_1": "2006/06/23 00:00:00.000", "sample_typ": "Metallurgical", "cxt_cd": "CH06SR0001", "cxt_num": 1 }, "geometry": { "type": "Point", "coordinates": [ 1105.060649999999441, 982.037280000000464 ] } },
{ "type": "Feature", "properties": { "OBJECTID": 515, "Created": null, "ModifiedLa": "2006/07/12 15:53:56.000", "ModifiedBy": null, "pt_id": 1106, "easting": 1093.1922, "northing": 997.6666, "elev": 19.0435, "smp_num": 513, "smp_code": "SMPCH06SR0513", "smp_type": "METALLURGICAL", "date_": "2006/06/22 00:00:00.000", "source": "23JUN06B", "comments": null, "sample_no": 513, "sample_cod": "SMPCH06SR0513", "descriptio": "Metallurgical sample from room 31", "date_1": "2006/06/23 00:00:00.000", "sample_typ": "Metallurgical", "cxt_cd": "CH06SR0713", "cxt_num": 713 }, "geometry": { "type": "Point", "coordinates": [ 1093.19218, 997.66656999999941 ] } },
{ "type": "Feature", "properties": { "OBJECTID": 516, "Created": null, "ModifiedLa": "2006/07/12 15:54:48.000", "ModifiedBy": null, "pt_id": 1107, "easting": 1092.3154, "northing": 998.82, "elev": 19.0141, "smp_num": 514, "smp_code": "SMPCH06SR0514", "smp_type": "METALLURGICAL", "date_": "2006/06/22 00:00:00.000", "source": "23JUN06B", "comments": null, "sample_no": 514, "sample_cod": "SMPCH06SR0514", "descriptio": "Metallurgical sample from room 31", "date_1": "2006/06/23 00:00:00.000", "sample_typ": "Metallurgical", "cxt_cd": "CH06SR0713", "cxt_num": 713 }, "geometry": { "type": "Point", "coordinates": [ 1092.315389999999752, 998.820019999999204 ] } },
{ "type": "Feature", "properties": { "OBJECTID": 517, "Created": null, "ModifiedLa": "2006/07/12 15:55:08.000", "ModifiedBy": null, "pt_id": 1108, "easting": 1091.5518, "northing": 999.2554, "elev": 18.9237, "smp_num": 515, "smp_code": "SMPCH06SR0515", "smp_type": "METALLURGICAL", "date_": "2006/06/22 00:00:00.000", "source": "23JUN06B", "comments": null, "sample_no": 515, "sample_cod": "SMPCH06SR0515", "descriptio": "Metallurgical sample from room 31", "date_1": "2006/06/23 00:00:00.000", "sample_typ": "Metallurgical", "cxt_cd": "CH06SR0713", "cxt_num": 713 }, "geometry": { "type": "Point", "coordinates": [ 1091.551820000000589, 999.255390000000261 ] } },
{ "type": "Feature", "properties": { "OBJECTID": 518, "Created": null, "ModifiedLa": "2006/06/26 15:31:14.000", "ModifiedBy": null, "pt_id": 1091, "easting": 1095.1518, "northing": 1002.9372, "elev": 17.8739, "smp_num": 518, "smp_code": "SMPCH06SR0518", "smp_type": "ARCHITECTURAL", "date_": "2006/06/25 00:00:00.000", "source": "26JUN06B", "comments": null, "sample_no": 518, "sample_cod": "SMPCH06SR0518", "descriptio": "Architectural sample from room 38", "date_1": "2006/06/26 00:00:00.000", "sample_typ": "Architectural Sample", "cxt_cd": "CH06SR0754", "cxt_num": 754 }, "geometry": { "type": "Point", "coordinates": [ 1095.151819999999134, 1002.937200000000303 ] } },
{ "type": "Feature", "properties": { "OBJECTID": 519, "Created": null, "ModifiedLa": "2006/07/12 15:56:06.000", "ModifiedBy": null, "pt_id": 1008, "easting": 1092.9254, "northing": 997.8293, "elev": 18.7407, "smp_num": 519, "smp_code": "SMPCH06SR0519", "smp_type": "SOIL COMPOSITION", "date_": "2006/06/26 00:00:00.000", "source": "27JUN06B", "comments": null, "sample_no": 519, "sample_cod": "SMPCH06SR0519", "descriptio": "Soil sample from Room 31", "date_1": "2006/06/27 00:00:00.000", "sample_typ": "Soil Composition", "cxt_cd": "CH06SR0756", "cxt_num": 756 }, "geometry": { "type": "Point", "coordinates": [ 1092.925409999999829, 997.829289999999673 ] } },
{ "type": "Feature", "properties": { "OBJECTID": 520, "Created": null, "ModifiedLa": "2006/07/12 15:58:01.000", "ModifiedBy": null, "pt_id": 1063, "easting": 1089.6113, "northing": 999.693, "elev": 19.0688, "smp_num": 521, "smp_code": "SMPCH06SR0521", "smp_type": "ARCHITECTURAL", "date_": "2006/06/26 00:00:00.000", "source": "27JUN06B", "comments": null, "sample_no": 521, "sample_cod": "SMPCH06SR0521", "descriptio": "Architectural sample from W wing of room 31", "date_1": "2006/06/27 00:00:00.000", "sample_typ": "Architectural Sample", "cxt_cd": "CH06SR0617", "cxt_num": 617 }, "geometry": { "type": "Point", "coordinates": [ 1089.61134999999922, 999.69304000000011 ] } },
{ "type": "Feature", "properties": { "OBJECTID": 521, "Created": null, "ModifiedLa": "2006/07/12 15:57:44.000", "ModifiedBy": null, "pt_id": 1064, "easting": 1089.3888, "northing": 1000.1272, "elev": 19.016, "smp_num": 520, "smp_code": "SMPCH06SR0520", "smp_type": "SOIL COMPOSITION", "date_": "2006/06/26 00:00:00.000", "source": "27JUN06B", "comments": null, "sample_no": 520, "sample_cod": "SMPCH06SR0520", "descriptio": "Soil sample from room 31", "date_1": "2006/06/27 00:00:00.000", "sample_typ": "Soil Composition", "cxt_cd": "CH06SR0617", "cxt_num": 617 }, "geometry": { "type": "Point", "coordinates": [ 1089.388790000000881, 1000.127189999999246 ] } },
{ "type": "Feature", "properties": { "OBJECTID": 522, "Created": null, "ModifiedLa": "2006/07/12 15:58:18.000", "ModifiedBy": null, "pt_id": 1100, "easting": 1092.7165, "northing": 997.6845, "elev": 18.6909, "smp_num": 522, "smp_code": "SMPCH06SR0522", "smp_type": "ARCHITECTURAL", "date_": "2006/06/27 00:00:00.000", "source": "28JUN06B", "comments": null, "sample_no": 522, "sample_cod": "SMPCH06SR0522", "descriptio": "Architectural sample from E wing of room 31", "date_1": "2006/06/28 00:00:00.000", "sample_typ": "Architectural Sample", "cxt_cd": "CH06SR0764", "cxt_num": 764 }, "geometry": { "type": "Point", "coordinates": [ 1092.716510000000198, 997.684489999999641 ] } },
{ "type": "Feature", "properties": { "OBJECTID": 523, "Created": null, "ModifiedLa": "2006/07/12 15:58:36.000", "ModifiedBy": null, "pt_id": 1104, "easting": 1088.0991, "northing": 991.3896, "elev": 19.3605, "smp_num": 523, "smp_code": "SMPCH06SR0523", "smp_type": "PALEOBOTANICAL", "date_": "2006/06/27 00:00:00.000", "source": "28JUN06B", "comments": null, "sample_no": 523, "sample_cod": "SMPCH06SR0523", "descriptio": "Palaeobotanical sample from Courtyard", "date_1": "2006/06/28 00:00:00.000", "sample_typ": "Palaeobotanical", "cxt_cd": "CH06SR0770", "cxt_num": 770 }, "geometry": { "type": "Point", "coordinates": [ 1088.099130000000514, 991.389569999999367 ] } },
{ "type": "Feature", "properties": { "OBJECTID": 524, "Created": null, "ModifiedLa": "2006/07/12 15:58:51.000", "ModifiedBy": null, "pt_id": 1014, "easting": 1088.4334, "northing": 991.2208, "elev": 19.1952, "smp_num": 524, "smp_code": "SMPCH06SR0524", "smp_type": "PALEOBOTANICAL", "date_": "2006/06/29 00:00:00.000", "source": "29JUN06B", "comments": null, "sample_no": 524, "sample_cod": "SMPCH06SR0524", "descriptio": "Palaeobotanical sample from Courtyard", "date_1": "2006/06/28 00:00:00.000", "sample_typ": "Palaeobotanical", "cxt_cd": "CH06SR0770", "cxt_num": 770 }, "geometry": { "type": "Point", "coordinates": [ 1088.433429999999134, 991.220789999999397 ] } },
{ "type": "Feature", "properties": { "OBJECTID": 525, "Created": null, "ModifiedLa": "2006/07/12 15:59:52.000", "ModifiedBy": null, "pt_id": 1019, "easting": 1087.0977, "northing": 995.3391, "elev": 19.2054, "smp_num": 528, "smp_code": "SMPCH06SR0528", "smp_type": "PALEOBOTANICAL", "date_": "2006/06/30 00:00:00.000", "source": "30JUN06B", "comments": null, "sample_no": 528, "sample_cod": "SMPCH06SR0528", "descriptio": "Palaeobotanical sample from room 31a", "date_1": "2006/06/30 00:00:00.000", "sample_typ": "Palaeobotanical", "cxt_cd": "CH06SR0405", "cxt_num": 405 }, "geometry": { "type": "Point", "coordinates": [ 1087.097669999999198, 995.339089999999487 ] } },
{ "type": "Feature", "properties": { "OBJECTID": 526, "Created": null, "ModifiedLa": "2006/07/12 16:00:12.000", "ModifiedBy": null, "pt_id": 1020, "easting": 1087.4069, "northing": 995.9443, "elev": 19.1962, "smp_num": 529, "smp_code": "SMPCH06SR0529", "smp_type": "PALEOBOTANICAL", "date_": "2006/06/30 00:00:00.000", "source": "30JUN06B", "comments": null, "sample_no": 529, "sample_cod": "SMPCH06SR0529", "descriptio": "Palaeobotanical sample from room 31a", "date_1": "2006/06/30 00:00:00.000", "sample_typ": "Palaeobotanical", "cxt_cd": "CH06SR0405", "cxt_num": 405 }, "geometry": { "type": "Point", "coordinates": [ 1087.406919999999445, 995.944250000000466 ] } },
{ "type": "Feature", "properties": { "OBJECTID": 527, "Created": null, "ModifiedLa": "2006/07/12 16:00:34.000", "ModifiedBy": null, "pt_id": 1021, "easting": 1086.6464, "northing": 996.6251, "elev": 19.1883, "smp_num": 530, "smp_code": "SMPCH06SR0530", "smp_type": "PALEOBOTANICAL", "date_": "2006/06/30 00:00:00.000", "source": "30JUN06B", "comments": null, "sample_no": 530, "sample_cod": "SMPCH06SR0530", "descriptio": "Palaeobotanical sample from room 31a", "date_1": "2006/06/30 00:00:00.000", "sample_typ": "Palaeobotanical", "cxt_cd": "CH06SR0405", "cxt_num": 405 }, "geometry": { "type": "Point", "coordinates": [ 1086.646430000000692, 996.625050000000556 ] } },
{ "type": "Feature", "properties": { "OBJECTID": 528, "Created": null, "ModifiedLa": "2006/07/12 16:00:52.000", "ModifiedBy": null, "pt_id": 1101, "easting": 1102.4427, "northing": 1001.112, "elev": 18.7725, "smp_num": 531, "smp_code": "SMPCH06SR0531", "smp_type": "PALEOBOTANICAL", "date_": "2006/06/30 00:00:00.000", "source": "30JUN06B", "comments": null, "sample_no": 531, "sample_cod": "SMPCH06SR0531", "descriptio": "Palaeobotanical sample, fill of a drain in Stenopos, 1st portion", "date_1": "2006/06/30 00:00:00.000", "sample_typ": "Palaeobotanical", "cxt_cd": "CH06SR0791", "cxt_num": 791 }, "geometry": { "type": "Point", "coordinates": [ 1102.442680000000109, 1001.111979999999676 ] } },
{ "type": "Feature", "properties": { "OBJECTID": 529, "Created": "2006/06/30 15:50:46.000", "ModifiedLa": "2007/07/13 09:40:43.000", "ModifiedBy": null, "pt_id": 1002, "easting": 1095.6594, "northing": 1002.7396, "elev": 18.158, "smp_num": 527, "smp_code": "SMPCH06SR0527", "smp_type": "PALEOBOTANICAL", "date_": "2006/06/30 00:00:00.000", "source": "30JUN06B", "comments": null, "sample_no": 527, "sample_cod": "SMPCH06SR0527", "descriptio": "Palaeobotanical sample from room 38", "date_1": "2006/06/30 00:00:00.000", "sample_typ": "Palaeobotanical", "cxt_cd": "CH06SR0785", "cxt_num": 785 }, "geometry": { "type": "Point", "coordinates": [ 1095.659369999999399, 1002.739550000000236 ] } },
{ "type": "Feature", "properties": { "OBJECTID": 530, "Created": "2006/06/30 15:58:49.000", "ModifiedLa": "2006/06/30 16:01:44.000", "ModifiedBy": null, "pt_id": 1001, "easting": 1094.6365, "northing": 1001.5739, "elev": 18.075, "smp_num": 526, "smp_code": "SMPCH06SR0526", "smp_type": "PALEOBOTANICAL", "date_": "2006/06/30 00:00:00.000", "source": "30JUN06B", "comments": null, "sample_no": 526, "sample_cod": "SMPCH06SR0526", "descriptio": "Palaeobotanical sample from room 38", "date_1": "2006/06/30 00:00:00.000", "sample_typ": "Palaeobotanical", "cxt_cd": "CH06SR0785", "cxt_num": 785 }, "geometry": { "type": "Point", "coordinates": [ 1094.63647999999921, 1001.57388 ] } },
{ "type": "Feature", "properties": { "OBJECTID": 531, "Created": null, "ModifiedLa": "2007/07/13 09:47:42.000", "ModifiedBy": null, "pt_id": 1013, "easting": 1092.9814, "northing": 1003.2157, "elev": 18.3755, "smp_num": 600, "smp_code": "SMPCH06SR0600", "smp_type": "PALEOBOTANICAL", "date_": "2006/07/11 00:00:00.000", "source": "12JUL06B", "comments": null, "sample_no": 600, "sample_cod": "SMPCH06SR0600", "descriptio": "Palaeobotanical sample, NW part of room 38", "date_1": "2006/07/12 00:00:00.000", "sample_typ": "Palaeobotanical", "cxt_cd": "CH06SR0839", "cxt_num": 839 }, "geometry": { "type": "Point", "coordinates": [ 1092.981369999999515, 1003.215669999999591 ] } },
{ "type": "Feature", "properties": { "OBJECTID": 532, "Created": null, "ModifiedLa": "2007/07/13 09:47:42.000", "ModifiedBy": null, "pt_id": 1033, "easting": 1092.1175, "northing": 1003.4857, "elev": 17.9475, "smp_num": 634, "smp_code": "SMPCH06SR0634", "smp_type": "METALLURGICAL", "date_": "2006/07/11 00:00:00.000", "source": "12JUL06B", "comments": null, "sample_no": 634, "sample_cod": "SMPCH06SR0634", "descriptio": "Metallurgical sample, NW part of room 38", "date_1": "2006/07/12 00:00:00.000", "sample_typ": "Metallurgical", "cxt_cd": "CH06SR0668", "cxt_num": 668 }, "geometry": { "type": "Point", "coordinates": [ 1092.117500000000291, 1003.48567 ] } },
{ "type": "Feature", "properties": { "OBJECTID": 533, "Created": null, "ModifiedLa": "2007/07/13 09:47:42.000", "ModifiedBy": null, "pt_id": 1066, "easting": 1093.7756, "northing": 1004.5515, "elev": 18.3027, "smp_num": 635, "smp_code": "SMPCH06SR0635", "smp_type": "RESIDUE ANALYSIS", "date_": "2006/07/11 00:00:00.000", "source": "12JUL06B", "comments": null, "sample_no": 635, "sample_cod": "SMPCH06SR0635", "descriptio": "Material found inside amphora", "date_1": "2006/07/12 00:00:00.000", "sample_typ": "Residue Analysis", "cxt_cd": "CH06SR0840", "cxt_num": 840 }, "geometry": { "type": "Point", "coordinates": [ 1093.77560000000085, 1004.551489999999831 ] } },
{ "type": "Feature", "properties": { "OBJECTID": 534, "Created": null, "ModifiedLa": "2006/07/13 14:07:06.000", "ModifiedBy": null, "pt_id": 1051, "easting": 1089.9288, "northing": 990.2688, "elev": 19.3796, "smp_num": 636, "smp_code": "SMPCH06SR0636", "smp_type": "PALEOBOTANICAL", "date_": "2006/07/13 00:00:00.000", "source": "13JUL06B", "comments": null, "sample_no": 636, "sample_cod": "SMPCH06SR0636", "descriptio": "Palaeobotanical sample from the courtyard", "date_1": "2006/07/13 00:00:00.000", "sample_typ": "Palaeobotanical", "cxt_cd": "CH06SR0859", "cxt_num": 859 }, "geometry": { "type": "Point", "coordinates": [ 1089.928780000000188, 990.268770000000586 ] } },
{ "type": "Feature", "properties": { "OBJECTID": 535, "Created": null, "ModifiedLa": "2007/07/13 09:47:02.000", "ModifiedBy": null, "pt_id": 1012, "easting": 1093.3192, "northing": 997.9384, "elev": 18.297, "smp_num": 578, "smp_code": "SMPCH06SR0578", "smp_type": "PALEOBOTANICAL", "date_": "2006/07/08 00:00:00.000", "source": "08JUL06B", "comments": null, "sample_no": 578, "sample_cod": "SMPCH06SR0578", "descriptio": "Palaeobotanical sample, Room 31, East wing", "date_1": "2006/07/08 00:00:00.000", "sample_typ": "Palaeobotanical", "cxt_cd": "CH06SR0825", "cxt_num": 825 }, "geometry": { "type": "Point", "coordinates": [ 1093.319190000000162, 997.938379999999597 ] } },
{ "type": "Feature", "properties": { "OBJECTID": 536, "Created": null, "ModifiedLa": "2007/07/13 09:47:02.000", "ModifiedBy": null, "pt_id": 1013, "easting": 1091.9853, "northing": 998.608, "elev": 18.3203, "smp_num": 579, "smp_code": "SMPCH06SR0579", "smp_type": "METALLURGICAL", "date_": "2006/07/08 00:00:00.000", "source": "08JUL06B", "comments": null, "sample_no": 579, "sample_cod": "SMPCH06SR0579", "descriptio": "Metallurgical sample, Room 31, East Wing", "date_1": "2006/07/08 00:00:00.000", "sample_typ": "Metallurgical", "cxt_cd": "CH06SR0829", "cxt_num": 829 }, "geometry": { "type": "Point", "coordinates": [ 1091.985319999999774, 998.607969999999113 ] } },
{ "type": "Feature", "properties": { "OBJECTID": 537, "Created": null, "ModifiedLa": "2007/07/13 09:47:02.000", "ModifiedBy": null, "pt_id": 1014, "easting": 1101.3697, "northing": 983.7732, "elev": 19.8024, "smp_num": 580, "smp_code": "SMPCH06SR0580", "smp_type": "METALLURGICAL", "date_": "2006/07/08 00:00:00.000", "source": "08JUL06B", "comments": null, "sample_no": 580, "sample_cod": "SMPCH06SR0580", "descriptio": "Metallurgical sample,church cpoe", "date_1": "2006/07/08 00:00:00.000", "sample_typ": "Metallurgical", "cxt_cd": "CH06SR0798", "cxt_num": 798 }, "geometry": { "type": "Point", "coordinates": [ 1101.369679999999789, 983.773209999999381 ] } },
{ "type": "Feature", "properties": { "OBJECTID": 538, "Created": null, "ModifiedLa": "2007/07/13 09:47:02.000", "ModifiedBy": null, "pt_id": 1092, "easting": 1093.7406, "northing": 1004.3439, "elev": 18.6391, "smp_num": 581, "smp_code": "SMPCH06SR0581", "smp_type": "METALLURGICAL", "date_": "2006/07/08 00:00:00.000", "source": "08JUL06B", "comments": null, "sample_no": 581, "sample_cod": "SMPCH06SR0581", "descriptio": "Metallurgical sample, NW portion of room 38", "date_1": "2006/07/08 00:00:00.000", "sample_typ": "Metallurgical", "cxt_cd": "CH06SR0831", "cxt_num": 831 }, "geometry": { "type": "Point", "coordinates": [ 1093.740589999999429, 1004.343899999999849 ] } },
{ "type": "Feature", "properties": { "OBJECTID": 539, "Created": null, "ModifiedLa": "2007/07/13 09:47:02.000", "ModifiedBy": null, "pt_id": 1093, "easting": 1093.5031, "northing": 1003.8062, "elev": 18.6918, "smp_num": 582, "smp_code": "SMPCH06SR0582", "smp_type": "METALLURGICAL", "date_": "2006/07/08 00:00:00.000", "source": "08JUL06B", "comments": null, "sample_no": 582, "sample_cod": "SMPCH06SR0582", "descriptio": "Metallurgical sample, NW portion of Room 38", "date_1": "2006/07/08 00:00:00.000", "sample_typ": "Metallurgical", "cxt_cd": "CH06SR0831", "cxt_num": 831 }, "geometry": { "type": "Point", "coordinates": [ 1093.503059999999095, 1003.80616 ] } },
{ "type": "Feature", "properties": { "OBJECTID": 540, "Created": null, "ModifiedLa": "2007/07/13 09:47:02.000", "ModifiedBy": null, "pt_id": 1094, "easting": 1093.3828, "northing": 1004.4983, "elev": 18.6413, "smp_num": 583, "smp_code": "SMPCH06SR0583", "smp_type": "METALLURGICAL", "date_": "2006/07/08 00:00:00.000", "source": "08JUL06B", "comments": null, "sample_no": 583, "sample_cod": "SMPCH06SR0583", "descriptio": "Metallurgical sample, NW portion of Room 38", "date_1": "2006/07/08 00:00:00.000", "sample_typ": "Metallurgical", "cxt_cd": "CH06SR0831", "cxt_num": 831 }, "geometry": { "type": "Point", "coordinates": [ 1093.382809999999154, 1004.498310000000856 ] } },
{ "type": "Feature", "properties": { "OBJECTID": 541, "Created": null, "ModifiedLa": "2007/07/13 09:47:02.000", "ModifiedBy": null, "pt_id": 1095, "easting": 1093.3294, "northing": 1004.1233, "elev": 18.6626, "smp_num": 584, "smp_code": "SMPCH06SR0584", "smp_type": "PALEOBOTANICAL", "date_": "2006/07/08 00:00:00.000", "source": "08JUL06B", "comments": null, "sample_no": 584, "sample_cod": "SMPCH06SR0584", "descriptio": "Palaeobotanical sample, NW portion  of Room 38", "date_1": "2006/07/08 00:00:00.000", "sample_typ": "Palaeobotanical", "cxt_cd": "CH06SR0831", "cxt_num": 831 }, "geometry": { "type": "Point", "coordinates": [ 1093.329449999999269, 1004.123320000000604 ] } },
{ "type": "Feature", "properties": { "OBJECTID": 542, "Created": null, "ModifiedLa": "2007/07/13 09:47:18.000", "ModifiedBy": null, "pt_id": 1030, "easting": 1093.5993, "northing": 1004.4044, "elev": 18.5995, "smp_num": 585, "smp_code": "SMPCH06SR0585", "smp_type": "METALLURGICAL", "date_": "2006/07/10 00:00:00.000", "source": "10JUL06B", "comments": null, "sample_no": 585, "sample_cod": "SMPCH06SR0585", "descriptio": "Metallurgical sample, NW portion of Room 38.", "date_1": "2006/07/08 00:00:00.000", "sample_typ": "Metallurgical", "cxt_cd": "CH06SR0831", "cxt_num": 831 }, "geometry": { "type": "Point", "coordinates": [ 1093.599249999999302, 1004.40444000000025 ] } },
{ "type": "Feature", "properties": { "OBJECTID": 543, "Created": null, "ModifiedLa": "2007/07/13 09:47:18.000", "ModifiedBy": null, "pt_id": 1031, "easting": 1092.7333, "northing": 1005.1485, "elev": 18.5553, "smp_num": 586, "smp_code": "SMPCH06SR0586", "smp_type": "PALEOBOTANICAL", "date_": "2006/07/10 00:00:00.000", "source": "10JUL06B", "comments": null, "sample_no": 586, "sample_cod": "SMPCH06SR0586", "descriptio": "Palaeobotanical sample, NW part of room 38", "date_1": "2006/07/10 00:00:00.000", "sample_typ": "Palaeobotanical", "cxt_cd": "CH06SR0827", "cxt_num": 827 }, "geometry": { "type": "Point", "coordinates": [ 1092.733309999999619, 1005.148510000000897 ] } },
{ "type": "Feature", "properties": { "OBJECTID": 544, "Created": null, "ModifiedLa": "2007/07/13 09:47:18.000", "ModifiedBy": null, "pt_id": 1032, "easting": 1093.5943, "northing": 1004.3843, "elev": 18.6207, "smp_num": 587, "smp_code": "SMPCH06SR0587", "smp_type": "PALEOBOTANICAL", "date_": "2006/07/10 00:00:00.000", "source": "10JUL06B", "comments": null, "sample_no": 587, "sample_cod": "SMPCH06SR0587", "descriptio": "Palaeobotanical sample, NW part of room 38", "date_1": "2006/07/10 00:00:00.000", "sample_typ": "Palaeobotanical", "cxt_cd": "CH06SR0827", "cxt_num": 827 }, "geometry": { "type": "Point", "coordinates": [ 1093.594300000000658, 1004.384249999999156 ] } },
{ "type": "Feature", "properties": { "OBJECTID": 545, "Created": null, "ModifiedLa": "2007/07/13 09:47:18.000", "ModifiedBy": null, "pt_id": 1033, "easting": 1091.5548, "northing": 1002.3866, "elev": 18.6249, "smp_num": 588, "smp_code": "SMPCH06SR0588", "smp_type": "PALEOBOTANICAL", "date_": "2006/07/10 00:00:00.000", "source": "10JUL06B", "comments": null, "sample_no": 588, "sample_cod": "SMPCH06SR0588", "descriptio": "Palaeobotanical sample, NW part of room 38", "date_1": "2006/07/10 00:00:00.000", "sample_typ": "Palaeobotanical", "cxt_cd": "CH06SR0827", "cxt_num": 827 }, "geometry": { "type": "Point", "coordinates": [ 1091.554809999999634, 1002.386549999999261 ] } },
{ "type": "Feature", "properties": { "OBJECTID": 546, "Created": null, "ModifiedLa": "2007/07/13 09:47:18.000", "ModifiedBy": null, "pt_id": 1056, "easting": 1092.42, "northing": 1004.9177, "elev": 18.5265, "smp_num": 589, "smp_code": "SMPCH06SR0589", "smp_type": "ARCHITECTUAL DETAIL", "date_": "2006/07/10 00:00:00.000", "source": "10JUL06B", "comments": null, "sample_no": 589, "sample_cod": "SMPCH06SR0589", "descriptio": "Architectural sample, NW part of room 38", "date_1": "2006/07/10 00:00:00.000", "sample_typ": "Architectural Sample", "cxt_cd": "CH06SR0827", "cxt_num": 827 }, "geometry": { "type": "Point", "coordinates": [ 1092.42, 1004.91772999999921 ] } },
{ "type": "Feature", "properties": { "OBJECTID": 547, "Created": null, "ModifiedLa": "2007/07/13 09:47:18.000", "ModifiedBy": null, "pt_id": 1059, "easting": 1092.3557, "northing": 1004.8985, "elev": 18.5332, "smp_num": 590, "smp_code": "SMPCH06SR0590", "smp_type": "PALEOBOTANICAL", "date_": "2006/07/10 00:00:00.000", "source": "10JUL06B", "comments": null, "sample_no": 590, "sample_cod": "SMPCH06SR0590", "descriptio": "Palaeobotanical sample, NW part of room 38 (from shell)", "date_1": "2006/07/10 00:00:00.000", "sample_typ": "Palaeobotanical", "cxt_cd": "CH06SR0827", "cxt_num": 827 }, "geometry": { "type": "Point", "coordinates": [ 1092.355729999999312, 1004.898499999999331 ] } },
{ "type": "Feature", "properties": { "OBJECTID": 548, "Created": null, "ModifiedLa": "2007/07/13 09:47:42.000", "ModifiedBy": null, "pt_id": 1040, "easting": 1091.8151, "northing": 998.9505, "elev": 18.3749, "smp_num": 591, "smp_code": "SMPCH06SR0591", "smp_type": "ARCHITECTURAL", "date_": "2006/07/11 00:00:00.000", "source": "11JUL06B", "comments": null, "sample_no": 591, "sample_cod": "SMPCH06SR0591", "descriptio": "Architectural sample, room 31, E. wing", "date_1": "2006/07/11 00:00:00.000", "sample_typ": "Architectural Sample", "cxt_cd": "CH06SR0835", "cxt_num": 835 }, "geometry": { "type": "Point", "coordinates": [ 1091.815060000000813, 998.950450000000274 ] } },
{ "type": "Feature", "properties": { "OBJECTID": 549, "Created": null, "ModifiedLa": "2007/07/13 09:47:42.000", "ModifiedBy": null, "pt_id": 1041, "easting": 1092.5581, "northing": 998.4487, "elev": 18.2749, "smp_num": 595, "smp_code": "SMPCH06SR0595", "smp_type": "PALEOBOTANICAL", "date_": "2006/07/11 00:00:00.000", "source": "11JUL06B", "comments": null, "sample_no": 595, "sample_cod": "SMPCH06SR0595", "descriptio": "Palaeobotanical sample, room 31, E. wing", "date_1": "2006/07/11 00:00:00.000", "sample_typ": "Palaeobotanical", "cxt_cd": "CH06SR0835", "cxt_num": 835 }, "geometry": { "type": "Point", "coordinates": [ 1092.55811, 998.448700000000827 ] } },
{ "type": "Feature", "properties": { "OBJECTID": 550, "Created": null, "ModifiedLa": "2007/07/13 09:47:42.000", "ModifiedBy": null, "pt_id": 1042, "easting": 1092.7716, "northing": 998.0998, "elev": 18.273, "smp_num": 594, "smp_code": "SMPCH06SR0594", "smp_type": "PALEOBOTANICAL", "date_": "2006/07/11 00:00:00.000", "source": "11JUL06B", "comments": null, "sample_no": 594, "sample_cod": "SMPCH06SR0594", "descriptio": "Palaeobotanical sample, room 31, E. wing", "date_1": "2006/07/11 00:00:00.000", "sample_typ": "Palaeobotanical", "cxt_cd": "CH06SR0835", "cxt_num": 835 }, "geometry": { "type": "Point", "coordinates": [ 1092.771570000000793, 998.099850000000515 ] } },
{ "type": "Feature", "properties": { "OBJECTID": 551, "Created": null, "ModifiedLa": "2007/07/13 09:47:42.000", "ModifiedBy": null, "pt_id": 1043, "easting": 1093.0774, "northing": 998.2329, "elev": 18.2819, "smp_num": 592, "smp_code": "SMPCH06SR0592", "smp_type": "ARCHITECTURAL", "date_": "2006/07/11 00:00:00.000", "source": "11JUL06B", "comments": null, "sample_no": 592, "sample_cod": "SMPCH06SR0592", "descriptio": "Architectural sample, room 31, E. wing", "date_1": "2006/07/11 00:00:00.000", "sample_typ": "Architectural Sample", "cxt_cd": "CH06SR0835", "cxt_num": 835 }, "geometry": { "type": "Point", "coordinates": [ 1093.077429999999367, 998.232879999999568 ] } },
{ "type": "Feature", "properties": { "OBJECTID": 552, "Created": null, "ModifiedLa": "2007/07/13 09:47:42.000", "ModifiedBy": null, "pt_id": 1044, "easting": 1093.5342, "northing": 997.9181, "elev": 18.281, "smp_num": 593, "smp_code": "SMPCH06SR0593", "smp_type": "ARCHITECTURAL", "date_": "2006/07/11 00:00:00.000", "source": "11JUL06B", "comments": null, "sample_no": 593, "sample_cod": "SMPCH06SR0593", "descriptio": "Architectural sample, room 31, E. wing", "date_1": "2006/07/11 00:00:00.000", "sample_typ": "Architectural Sample", "cxt_cd": "CH06SR0835", "cxt_num": 835 }, "geometry": { "type": "Point", "coordinates": [ 1093.534190000000308, 997.91806 ] } },
{ "type": "Feature", "properties": { "OBJECTID": 553, "Created": null, "ModifiedLa": "2007/07/13 09:47:42.000", "ModifiedBy": null, "pt_id": 1051, "easting": 1088.7924, "northing": 998.7591, "elev": 18.3925, "smp_num": 596, "smp_code": "SMPCH06SR0596", "smp_type": "PALEOBOTANICAL", "date_": "2006/07/11 00:00:00.000", "source": "11JUL06B", "comments": null, "sample_no": 596, "sample_cod": "SMPCH06SR0596", "descriptio": "Palaeobotanical sample, room 31,W. wing", "date_1": "2006/07/11 00:00:00.000", "sample_typ": "Palaeobotanical", "cxt_cd": "CH06SR0828", "cxt_num": 828 }, "geometry": { "type": "Point", "coordinates": [ 1088.79241, 998.759149999999863 ] } },
{ "type": "Feature", "properties": { "OBJECTID": 554, "Created": null, "ModifiedLa": "2007/07/13 09:47:42.000", "ModifiedBy": null, "pt_id": 1052, "easting": 1089.3057, "northing": 999.4503, "elev": 18.3383, "smp_num": 597, "smp_code": "SMPCH06SR0597", "smp_type": "PALEOBOTANICAL", "date_": "2006/07/11 00:00:00.000", "source": "11JUL06B", "comments": null, "sample_no": 597, "sample_cod": "SMPCH06SR0597", "descriptio": "Palaeobotanical sample, room 31, W. wing", "date_1": "2006/07/11 00:00:00.000", "sample_typ": "Palaeobotanical", "cxt_cd": "CH06SR0828", "cxt_num": 828 }, "geometry": { "type": "Point", "coordinates": [ 1089.305710000000545, 999.450279999999111 ] } },
{ "type": "Feature", "properties": { "OBJECTID": 555, "Created": null, "ModifiedLa": "2007/07/13 09:47:42.000", "ModifiedBy": null, "pt_id": 1053, "easting": 1089.7041, "northing": 1000.2869, "elev": 18.3198, "smp_num": 598, "smp_code": "SMPCH06SR0598", "smp_type": "PALEOBOTANICAL", "date_": "2006/07/11 00:00:00.000", "source": "11JUL06B", "comments": null, "sample_no": 598, "sample_cod": "SMPCH06SR0598", "descriptio": "Palaeobotanical sample, room 31, W. wing", "date_1": "2006/07/11 00:00:00.000", "sample_typ": "Palaeobotanical", "cxt_cd": "CH06SR0828", "cxt_num": 828 }, "geometry": { "type": "Point", "coordinates": [ 1089.70413, 1000.286920000000464 ] } },
{ "type": "Feature", "properties": { "OBJECTID": 556, "Created": null, "ModifiedLa": "2007/07/13 09:47:42.000", "ModifiedBy": null, "pt_id": 1087, "easting": 1091.9109, "northing": 989.3126, "elev": 19.6261, "smp_num": 599, "smp_code": "SMPCH06SR0599", "smp_type": "CHARCOAL", "date_": "2006/07/11 00:00:00.000", "source": "11JUL06B", "comments": null, "sample_no": 599, "sample_cod": "SMPCH06SR0599", "descriptio": "Carbonized wood, charcoal sample", "date_1": "2006/07/11 00:00:00.000", "sample_typ": "Carbonised Wood", "cxt_cd": "CH06SR0762", "cxt_num": 762 }, "geometry": { "type": "Point", "coordinates": [ 1091.910889999999199, 989.312589999999545 ] } },
{ "type": "Feature", "properties": { "OBJECTID": 557, "Created": "2006/07/11 14:51:41.000", "ModifiedLa": "2006/07/11 14:55:43.000", "ModifiedBy": null, "pt_id": 1007, "easting": 1093.5847, "northing": 997.9007, "elev": 18.9741, "smp_num": 516, "smp_code": "SMPCH06SR0516", "smp_type": "PALEOBOTANICAL", "date_": "2006/06/25 00:00:00.000", "source": "26JUN06B", "comments": "Taken from topo pt 1007 surface 2", "sample_no": 516, "sample_cod": "SMPCH06SR0516", "descriptio": "Palaeobotanical sample from room 31 point taken from topo_p, surf_num 2 (27jun06b, pt_id 1007)", "date_1": "2006/06/26 00:00:00.000", "sample_typ": "Palaeobotanical", "cxt_cd": "CH06SR0747", "cxt_num": 747 }, "geometry": { "type": "Point", "coordinates": [ 1093.58468, 997.900659999999334 ] } },
{ "type": "Feature", "properties": { "OBJECTID": 558, "Created": null, "ModifiedLa": "2007/07/13 09:48:02.000", "ModifiedBy": null, "pt_id": 1000, "easting": 1094.532, "northing": 984.4148, "elev": 19.9525, "smp_num": 601, "smp_code": "SMPCH06SR0601", "smp_type": "METALLURGICAL", "date_": "2006/07/12 00:00:00.000", "source": "12JUL06A", "comments": null, "sample_no": 601, "sample_cod": "SMPCH06SR0601", "descriptio": "Metallurgical sample, courtyard, 3rd section", "date_1": "2006/07/12 00:00:00.000", "sample_typ": "Metallurgical", "cxt_cd": "CH06SR0509", "cxt_num": 509 }, "geometry": { "type": "Point", "coordinates": [ 1094.531989999999496, 984.414800000000469 ] } },
{ "type": "Feature", "properties": { "OBJECTID": 559, "Created": null, "ModifiedLa": "2007/07/13 09:48:02.000", "ModifiedBy": null, "pt_id": 1001, "easting": 1094.2518, "northing": 984.6737, "elev": 20.0556, "smp_num": 602, "smp_code": "SMPCH06SR0602", "smp_type": "METALLURGICAL", "date_": "2006/07/12 00:00:00.000", "source": "12JUL06A", "comments": null, "sample_no": 602, "sample_cod": "SMPCH06SR0602", "descriptio": "Metallurgical sample, courtyard, 3rd section", "date_1": "2006/07/12 00:00:00.000", "sample_typ": "Metallurgical", "cxt_cd": "CH06SR0509", "cxt_num": 509 }, "geometry": { "type": "Point", "coordinates": [ 1094.25180999999975, 984.673730000000432 ] } },
{ "type": "Feature", "properties": { "OBJECTID": 560, "Created": null, "ModifiedLa": "2007/07/13 09:48:02.000", "ModifiedBy": null, "pt_id": 1002, "easting": 1094.5985, "northing": 985.0194, "elev": 20.0405, "smp_num": 603, "smp_code": "SMPCH06SR0603", "smp_type": "METALLURGICAL", "date_": "2006/07/12 00:00:00.000", "source": "12JUL06A", "comments": null, "sample_no": 603, "sample_cod": "SMPCH06SR0603", "descriptio": "Metallurgical sample, courtyard, 3rd section", "date_1": "2006/07/12 00:00:00.000", "sample_typ": "Metallurgical", "cxt_cd": "CH06SR0509", "cxt_num": 509 }, "geometry": { "type": "Point", "coordinates": [ 1094.598480000000563, 985.019350000000486 ] } },
{ "type": "Feature", "properties": { "OBJECTID": 561, "Created": null, "ModifiedLa": "2007/07/13 09:48:02.000", "ModifiedBy": null, "pt_id": 1003, "easting": 1093.8648, "northing": 985.0245, "elev": 20.0715, "smp_num": 604, "smp_code": "SMPCH06SR0604", "smp_type": "METALLURGICAL", "date_": "2006/07/12 00:00:00.000", "source": "12JUL06A", "comments": null, "sample_no": 604, "sample_cod": "SMPCH06SR0604", "descriptio": "Metallurgical sample, courtyard, 3rd section", "date_1": "2006/07/12 00:00:00.000", "sample_typ": "Metallurgical", "cxt_cd": "CH06SR0509", "cxt_num": 509 }, "geometry": { "type": "Point", "coordinates": [ 1093.864840000000186, 985.024450000000797 ] } },
{ "type": "Feature", "properties": { "OBJECTID": 562, "Created": null, "ModifiedLa": "2007/07/13 09:48:02.000", "ModifiedBy": null, "pt_id": 1004, "easting": 1094.1974, "northing": 985.3964, "elev": 20.0686, "smp_num": 605, "smp_code": "SMPCH06SR0605", "smp_type": "METALLURGICAL", "date_": "2006/07/12 00:00:00.000", "source": "12JUL06A", "comments": null, "sample_no": 605, "sample_cod": "SMPCH06SR0605", "descriptio": "Metallurgical sample, courtyard, 3rd section", "date_1": "2006/07/12 00:00:00.000", "sample_typ": "Metallurgical", "cxt_cd": "CH06SR0509", "cxt_num": 509 }, "geometry": { "type": "Point", "coordinates": [ 1094.197360000000117, 985.396450000000186 ] } },
{ "type": "Feature", "properties": { "OBJECTID": 563, "Created": null, "ModifiedLa": "2007/07/13 09:48:02.000", "ModifiedBy": null, "pt_id": 1005, "easting": 1094.5247, "northing": 985.7631, "elev": 20.0535, "smp_num": 606, "smp_code": "SMPCH06SR0606", "smp_type": "METALLURGICAL", "date_": "2006/07/12 00:00:00.000", "source": "12JUL06A", "comments": null, "sample_no": 606, "sample_cod": "SMPCH06SR0606", "descriptio": "Metallurgical sample, courtyard, 3rd section", "date_1": "2006/07/12 00:00:00.000", "sample_typ": "Metallurgical", "cxt_cd": "CH06SR0509", "cxt_num": 509 }, "geometry": { "type": "Point", "coordinates": [ 1094.52465999999913, 985.76310999999987 ] } },
{ "type": "Feature", "properties": { "OBJECTID": 564, "Created": null, "ModifiedLa": "2007/07/13 09:48:02.000", "ModifiedBy": null, "pt_id": 1006, "easting": 1094.8703, "northing": 986.1225, "elev": 20.0361, "smp_num": 607, "smp_code": "SMPCH06SR0607", "smp_type": "METALLURGICAL", "date_": "2006/07/12 00:00:00.000", "source": "12JUL06A", "comments": null, "sample_no": 607, "sample_cod": "SMPCH06SR0607", "descriptio": "Metallurgical sample, courtyard, 3rd section", "date_1": "2006/07/12 00:00:00.000", "sample_typ": "Metallurgical", "cxt_cd": "CH06SR0509", "cxt_num": 509 }, "geometry": { "type": "Point", "coordinates": [ 1094.87025, 986.122470000000249 ] } },
{ "type": "Feature", "properties": { "OBJECTID": 565, "Created": null, "ModifiedLa": "2007/07/13 09:48:02.000", "ModifiedBy": null, "pt_id": 1007, "easting": 1095.2009, "northing": 986.4858, "elev": 20.0035, "smp_num": 608, "smp_code": "SMPCH06SR0608", "smp_type": "METALLURGICAL", "date_": "2006/07/12 00:00:00.000", "source": "12JUL06A", "comments": null, "sample_no": 608, "sample_cod": "SMPCH06SR0608", "descriptio": "Metallurgical sample, courtyard, 3rd section", "date_1": "2006/07/12 00:00:00.000", "sample_typ": "Metallurgical", "cxt_cd": "CH06SR0509", "cxt_num": 509 }, "geometry": { "type": "Point", "coordinates": [ 1095.200880000000325, 986.485819999999876 ] } },
{ "type": "Feature", "properties": { "OBJECTID": 566, "Created": null, "ModifiedLa": "2007/07/13 09:48:02.000", "ModifiedBy": null, "pt_id": 1008, "easting": 1095.5608, "northing": 986.1869, "elev": 19.9842, "smp_num": 609, "smp_code": "SMPCH06SR0609", "smp_type": "METALLURGICAL", "date_": "2006/07/12 00:00:00.000", "source": "12JUL06A", "comments": null, "sample_no": 609, "sample_cod": "SMPCH06SR0609", "descriptio": "Metallurgical sample, courtyard, 3rd section", "date_1": "2006/07/12 00:00:00.000", "sample_typ": "Metallurgical", "cxt_cd": "CH06SR0509", "cxt_num": 509 }, "geometry": { "type": "Point", "coordinates": [ 1095.56084, 986.186879999999292 ] } },
{ "type": "Feature", "properties": { "OBJECTID": 567, "Created": null, "ModifiedLa": "2007/07/13 09:48:02.000", "ModifiedBy": null, "pt_id": 1009, "easting": 1093.1177, "northing": 984.9353, "elev": 20.1148, "smp_num": 610, "smp_code": "SMPCH06SR0610", "smp_type": "METALLURGICAL", "date_": "2006/07/12 00:00:00.000", "source": "12JUL06A", "comments": null, "sample_no": 610, "sample_cod": "SMPCH06SR0610", "descriptio": "Metallurgical sample, courtyard, 3rd section", "date_1": "2006/07/12 00:00:00.000", "sample_typ": "Metallurgical", "cxt_cd": "CH06SR0509", "cxt_num": 509 }, "geometry": { "type": "Point", "coordinates": [ 1093.11765000000014, 984.935279999999693 ] } },
{ "type": "Feature", "properties": { "OBJECTID": 568, "Created": null, "ModifiedLa": "2007/07/13 09:48:02.000", "ModifiedBy": null, "pt_id": 1010, "easting": 1093.4689, "northing": 985.3367, "elev": 20.0949, "smp_num": 611, "smp_code": "SMPCH06SR0611", "smp_type": "METALLURGICAL", "date_": "2006/07/12 00:00:00.000", "source": "12JUL06A", "comments": null, "sample_no": 611, "sample_cod": "SMPCH06SR0611", "descriptio": "Metallurgical sample, courtyard, 3rd section", "date_1": "2006/07/12 00:00:00.000", "sample_typ": "Metallurgical", "cxt_cd": "CH06SR0509", "cxt_num": 509 }, "geometry": { "type": "Point", "coordinates": [ 1093.468909999999596, 985.33669 ] } },
{ "type": "Feature", "properties": { "OBJECTID": 338, "Created": null, "ModifiedLa": "2005/07/31 15:52:57.000", "ModifiedBy": null, "pt_id": 66, "easting": 1088.2821, "northing": 998.7503, "elev": 19.2483, "smp_num": 343, "smp_code": "SMPCH05SR0343", "smp_type": "PALEOBOTANICAL", "date_": "2005/07/14 00:00:00.000", "source": "15JULY05B", "comments": null, "sample_no": 343, "sample_cod": "SMPCH05SR0343", "descriptio": "Paleobotanical sample", "date_1": "2005/07/15 00:00:00.000", "sample_typ": "Palaeobotanical", "cxt_cd": "CH05SR0367", "cxt_num": 367 }, "geometry": { "type": "Point", "coordinates": [ 1088.282090000000608, 998.750330000000758 ] } },
{ "type": "Feature", "properties": { "OBJECTID": 339, "Created": null, "ModifiedLa": "2005/07/31 15:19:03.000", "ModifiedBy": null, "pt_id": 67, "easting": 1087.6132, "northing": 999.3933, "elev": 19.3062, "smp_num": 344, "smp_code": "SMPCH05SR0344", "smp_type": "PALEOBOTANICAL", "date_": "2005/07/14 00:00:00.000", "source": "15JULY05B", "comments": null, "sample_no": 344, "sample_cod": "SMPCH05SR0344", "descriptio": "Paleobotanical sample", "date_1": "2005/07/15 00:00:00.000", "sample_typ": "Palaeobotanical", "cxt_cd": "CH05SR0367", "cxt_num": 367 }, "geometry": { "type": "Point", "coordinates": [ 1087.613149999999223, 999.393260000000737 ] } },
{ "type": "Feature", "properties": { "OBJECTID": 340, "Created": null, "ModifiedLa": "2005/07/31 15:19:03.000", "ModifiedBy": null, "pt_id": 68, "easting": 1089.8759, "northing": 998.6014, "elev": 19.3833, "smp_num": 345, "smp_code": "SMPCH05SR0345", "smp_type": "PALEOBOTANICAL", "date_": "2005/07/14 00:00:00.000", "source": "15JULY05B", "comments": null, "sample_no": 345, "sample_cod": "SMPCH05SR0345", "descriptio": "Paleobotanical sample", "date_1": "2005/07/15 00:00:00.000", "sample_typ": "Palaeobotanical", "cxt_cd": "CH05SR0367", "cxt_num": 367 }, "geometry": { "type": "Point", "coordinates": [ 1089.875949999999648, 998.601409999999305 ] } },
{ "type": "Feature", "properties": { "OBJECTID": 341, "Created": null, "ModifiedLa": "2005/07/31 15:19:03.000", "ModifiedBy": null, "pt_id": 69, "easting": 1089.2322, "northing": 999.2974, "elev": 19.2726, "smp_num": 346, "smp_code": "SMPCH05SR0346", "smp_type": "PALEOBOTANICAL", "date_": "2005/07/14 00:00:00.000", "source": "15JULY05B", "comments": null, "sample_no": 346, "sample_cod": "SMPCH05SR0346", "descriptio": "Paleobotanical sample", "date_1": "2005/07/15 00:00:00.000", "sample_typ": "Palaeobotanical", "cxt_cd": "CH05SR0367", "cxt_num": 367 }, "geometry": { "type": "Point", "coordinates": [ 1089.232239999999365, 999.297420000000784 ] } },
{ "type": "Feature", "properties": { "OBJECTID": 342, "Created": null, "ModifiedLa": "2005/07/31 15:19:03.000", "ModifiedBy": null, "pt_id": 70, "easting": 1088.3538, "northing": 1000.0577, "elev": 19.285, "smp_num": 347, "smp_code": "SMPCH05SR0347", "smp_type": "PALEOBOTANICAL", "date_": "2005/07/14 00:00:00.000", "source": "15JULY05B", "comments": null, "sample_no": 347, "sample_cod": "SMPCH05SR0347", "descriptio": "Paleobotanical sample", "date_1": "2005/07/15 00:00:00.000", "sample_typ": "Palaeobotanical", "cxt_cd": "CH05SR0367", "cxt_num": 367 }, "geometry": { "type": "Point", "coordinates": [ 1088.353800000000774, 1000.057740000000194 ] } },
{ "type": "Feature", "properties": { "OBJECTID": 343, "Created": null, "ModifiedLa": "2005/07/31 15:19:03.000", "ModifiedBy": null, "pt_id": 71, "easting": 1090.2255, "northing": 999.5218, "elev": 19.3845, "smp_num": 348, "smp_code": "SMPCH05SR0348", "smp_type": "PALEOBOTANICAL", "date_": "2005/07/14 00:00:00.000", "source": "15JULY05B", "comments": null, "sample_no": 348, "sample_cod": "SMPCH05SR0348", "descriptio": "Paleobotanical sample", "date_1": "2005/07/15 00:00:00.000", "sample_typ": "Palaeobotanical", "cxt_cd": "CH05SR0367", "cxt_num": 367 }, "geometry": { "type": "Point", "coordinates": [ 1090.225510000000213, 999.521800000000439 ] } },
{ "type": "Feature", "properties": { "OBJECTID": 344, "Created": null, "ModifiedLa": "2005/07/31 15:19:03.000", "ModifiedBy": null, "pt_id": 72, "easting": 1089.2981, "northing": 1000.4212, "elev": 19.364, "smp_num": 349, "smp_code": "SMPCH05SR0349", "smp_type": "PALEOBOTANICAL", "date_": "2005/07/14 00:00:00.000", "source": "15JULY05B", "comments": null, "sample_no": 349, "sample_cod": "SMPCH05SR0349", "descriptio": "Paleobotanical sample", "date_1": "2005/07/15 00:00:00.000", "sample_typ": "Palaeobotanical", "cxt_cd": "CH05SR0367", "cxt_num": 367 }, "geometry": { "type": "Point", "coordinates": [ 1089.298119999999471, 1000.421179999999367 ] } },
{ "type": "Feature", "properties": { "OBJECTID": 345, "Created": null, "ModifiedLa": "2005/07/16 17:26:07.000", "ModifiedBy": null, "pt_id": 14, "easting": 1107.7513, "northing": 998.493, "elev": 18.9704, "smp_num": 353, "smp_code": "SMPCH05SR0353", "smp_type": "CHARCOAL", "date_": "2005/07/15 00:00:00.000", "source": "16JULY05B", "comments": null, "sample_no": 353, "sample_cod": "SMPCH05SR0353", "descriptio": "Charcoal sample (used to be called Wood Sample (bark) - but AS same this was a mistake)", "date_1": "2005/07/16 00:00:00.000", "sample_typ": "Carbonised Wood", "cxt_cd": "CH05SR0434", "cxt_num": 434 }, "geometry": { "type": "Point", "coordinates": [ 1107.751319999999396, 998.493019999999888 ] } },
{ "type": "Feature", "properties": { "OBJECTID": 346, "Created": null, "ModifiedLa": "2005/07/31 15:19:03.000", "ModifiedBy": null, "pt_id": 95, "easting": 1107.3559, "northing": 993.3891, "elev": 18.6018, "smp_num": 354, "smp_code": "SMPCH05SR0354", "smp_type": "PALEOBOTANICAL", "date_": "2005/07/15 00:00:00.000", "source": "16JULY05B", "comments": null, "sample_no": 354, "sample_cod": "SMPCH05SR0354", "descriptio": "Paleobotanical Sample", "date_1": "2005/07/16 00:00:00.000", "sample_typ": "Palaeobotanical", "cxt_cd": "CH05SR0519", "cxt_num": 519 }, "geometry": { "type": "Point", "coordinates": [ 1107.355939999999464, 993.389069999999265 ] } },
{ "type": "Feature", "properties": { "OBJECTID": 347, "Created": null, "ModifiedLa": "2005/07/19 09:38:17.000", "ModifiedBy": null, "pt_id": 48, "easting": 1094.2786, "northing": 1000.8972, "elev": 18.8183, "smp_num": 356, "smp_code": "SMPCH05SR0356", "smp_type": "CHARCOAL", "date_": "2005/07/17 00:00:00.000", "source": "18JULY05B", "comments": null, "sample_no": 356, "sample_cod": "SMPCH05SR0356", "descriptio": "Charcoal sample", "date_1": "2005/07/18 00:00:00.000", "sample_typ": "Carbonised Wood", "cxt_cd": "CH05SR0569", "cxt_num": 569 }, "geometry": { "type": "Point", "coordinates": [ 1094.278630000000703, 1000.897189999999682 ] } },
{ "type": "Feature", "properties": { "OBJECTID": 348, "Created": null, "ModifiedLa": "2005/07/31 15:19:03.000", "ModifiedBy": null, "pt_id": 50, "easting": 1097.4176, "northing": 985.7271, "elev": 19.8585, "smp_num": 357, "smp_code": "SMPCH05SR0357", "smp_type": "PALEOBOTANICAL", "date_": "2005/07/18 00:00:00.000", "source": "18JULY05A", "comments": null, "sample_no": 357, "sample_cod": "SMPCH05SR0357", "descriptio": "Paleobotanical sample", "date_1": "2005/07/18 00:00:00.000", "sample_typ": "Palaeobotanical", "cxt_cd": "CH05SR0550", "cxt_num": 550 }, "geometry": { "type": "Point", "coordinates": [ 1097.417600000000675, 985.727059999999256 ] } },
{ "type": "Feature", "properties": { "OBJECTID": 349, "Created": null, "ModifiedLa": "2005/07/31 15:19:03.000", "ModifiedBy": null, "pt_id": 51, "easting": 1098.0538, "northing": 986.4884, "elev": 19.8559, "smp_num": 358, "smp_code": "SMPCH05SR0358", "smp_type": "PALEOBOTANICAL", "date_": "2005/07/18 00:00:00.000", "source": "18JULY05A", "comments": null, "sample_no": 358, "sample_cod": "SMPCH05SR0358", "descriptio": "Paleobotanical sample", "date_1": "2005/07/18 00:00:00.000", "sample_typ": "Palaeobotanical", "cxt_cd": "CH05SR0550", "cxt_num": 550 }, "geometry": { "type": "Point", "coordinates": [ 1098.053770000000441, 986.488390000000436 ] } },
{ "type": "Feature", "properties": { "OBJECTID": 350, "Created": null, "ModifiedLa": "2005/07/31 15:19:03.000", "ModifiedBy": null, "pt_id": 52, "easting": 1098.6659, "northing": 987.2886, "elev": 19.7774, "smp_num": 359, "smp_code": "SMPCH05SR0359", "smp_type": "PALEOBOTANICAL", "date_": "2005/07/18 00:00:00.000", "source": "18JULY05A", "comments": null, "sample_no": 359, "sample_cod": "SMPCH05SR0359", "descriptio": "Paleobotanical Sample", "date_1": "2005/07/18 00:00:00.000", "sample_typ": "Palaeobotanical", "cxt_cd": "CH05SR0550", "cxt_num": 550 }, "geometry": { "type": "Point", "coordinates": [ 1098.665859999999157, 987.288590000000113 ] } },
{ "type": "Feature", "properties": { "OBJECTID": 351, "Created": null, "ModifiedLa": "2005/07/31 15:19:03.000", "ModifiedBy": null, "pt_id": 53, "easting": 1097.8713, "northing": 987.8459, "elev": 19.8345, "smp_num": 360, "smp_code": "SMPCH05SR0360", "smp_type": "PALEOBOTANICAL", "date_": "2005/07/18 00:00:00.000", "source": "18JULY05A", "comments": null, "sample_no": 360, "sample_cod": "SMPCH05SR0360", "descriptio": "Paleobotanical Sample", "date_1": "2005/07/18 00:00:00.000", "sample_typ": "Palaeobotanical", "cxt_cd": "CH05SR0550", "cxt_num": 550 }, "geometry": { "type": "Point", "coordinates": [ 1097.871320000000196, 987.84591 ] } },
{ "type": "Feature", "properties": { "OBJECTID": 352, "Created": null, "ModifiedLa": "2005/07/31 15:19:03.000", "ModifiedBy": null, "pt_id": 54, "easting": 1097.0939, "northing": 988.4576, "elev": 19.7466, "smp_num": 361, "smp_code": "SMPCH05SR0361", "smp_type": "PALEOBOTANICAL", "date_": "2005/07/18 00:00:00.000", "source": "18JULY05A", "comments": null, "sample_no": 361, "sample_cod": "SMPCH05SR0361", "descriptio": "Paleobotanical Sample", "date_1": "2005/07/18 00:00:00.000", "sample_typ": "Palaeobotanical", "cxt_cd": "CH05SR0550", "cxt_num": 550 }, "geometry": { "type": "Point", "coordinates": [ 1097.093909999999596, 988.457650000000285 ] } },
{ "type": "Feature", "properties": { "OBJECTID": 353, "Created": null, "ModifiedLa": "2005/07/31 15:19:03.000", "ModifiedBy": null, "pt_id": 55, "easting": 1098.5098, "northing": 988.6242, "elev": 19.8724, "smp_num": 362, "smp_code": "SMPCH05SR0362", "smp_type": "PALEOBOTANICAL", "date_": "2005/07/18 00:00:00.000", "source": "18JULY05A", "comments": null, "sample_no": 362, "sample_cod": "SMPCH05SR0362", "descriptio": "Paleobotanical Sample", "date_1": "2005/07/18 00:00:00.000", "sample_typ": "Palaeobotanical", "cxt_cd": "CH05SR0550", "cxt_num": 550 }, "geometry": { "type": "Point", "coordinates": [ 1098.509799999999814, 988.62421 ] } },
{ "type": "Feature", "properties": { "OBJECTID": 354, "Created": null, "ModifiedLa": "2005/07/31 15:19:03.000", "ModifiedBy": null, "pt_id": 56, "easting": 1097.7392, "northing": 989.2246, "elev": 19.8853, "smp_num": 363, "smp_code": "SMPCH05SR0363", "smp_type": "PALEOBOTANICAL", "date_": "2005/07/18 00:00:00.000", "source": "18JULY05A", "comments": null, "sample_no": 363, "sample_cod": "SMPCH05SR0363", "descriptio": "Paleobotanical Sample", "date_1": "2005/07/18 00:00:00.000", "sample_typ": "Palaeobotanical", "cxt_cd": "CH05SR0550", "cxt_num": 550 }, "geometry": { "type": "Point", "coordinates": [ 1097.739229999999225, 989.224609999999302 ] } },
{ "type": "Feature", "properties": { "OBJECTID": 355, "Created": null, "ModifiedLa": "2005/07/31 15:19:03.000", "ModifiedBy": null, "pt_id": 57, "easting": 1096.9889, "northing": 989.8067, "elev": 19.8975, "smp_num": 364, "smp_code": "SMPCH05SR0364", "smp_type": "PALEOBOTANICAL", "date_": "2005/07/18 00:00:00.000", "source": "18JULY05A", "comments": null, "sample_no": 364, "sample_cod": "SMPCH05SR0364", "descriptio": "Paleobotanical Sample", "date_1": "2005/07/18 00:00:00.000", "sample_typ": "Palaeobotanical", "cxt_cd": "CH05SR0550", "cxt_num": 550 }, "geometry": { "type": "Point", "coordinates": [ 1096.98891999999978, 989.806699999999182 ] } },
{ "type": "Feature", "properties": { "OBJECTID": 356, "Created": null, "ModifiedLa": "2005/07/31 15:19:03.000", "ModifiedBy": null, "pt_id": 58, "easting": 1096.1634, "northing": 990.4267, "elev": 19.9506, "smp_num": 365, "smp_code": "SMPCH05SR0365", "smp_type": "PALEOBOTANICAL", "date_": "2005/07/18 00:00:00.000", "source": "18JULY05A", "comments": null, "sample_no": 365, "sample_cod": "SMPCH05SR0365", "descriptio": "Paleobotanical Sample", "date_1": "2005/07/18 00:00:00.000", "sample_typ": "Palaeobotanical", "cxt_cd": "CH05SR0550", "cxt_num": 550 }, "geometry": { "type": "Point", "coordinates": [ 1096.163350000000719, 990.42670999999973 ] } },
{ "type": "Feature", "properties": { "OBJECTID": 357, "Created": null, "ModifiedLa": "2005/07/19 10:36:42.000", "ModifiedBy": null, "pt_id": 71, "easting": 1087.1202, "northing": 992.7846, "elev": 20.0161, "smp_num": 366, "smp_code": "SMPCH05SR0366", "smp_type": "CHARCOAL", "date_": "2005/07/18 00:00:00.000", "source": "18JULY05A", "comments": null, "sample_no": 366, "sample_cod": "SMPCH05SR0366", "descriptio": "Paleobotanical Sample", "date_1": "2005/07/18 00:00:00.000", "sample_typ": "Palaeobotanical", "cxt_cd": "CH05SR0575", "cxt_num": 575 }, "geometry": { "type": "Point", "coordinates": [ 1087.120179999999891, 992.784649999999601 ] } },
{ "type": "Feature", "properties": { "OBJECTID": 358, "Created": null, "ModifiedLa": "2005/07/31 15:19:03.000", "ModifiedBy": null, "pt_id": 72, "easting": 1085.3058, "northing": 990.8243, "elev": 20.1288, "smp_num": 367, "smp_code": "SMPCH05SR0367", "smp_type": "PALEOBOTANICAL", "date_": "2005/07/18 00:00:00.000", "source": "18JULY05A", "comments": null, "sample_no": 367, "sample_cod": "SMPCH05SR0367", "descriptio": "Paleobotanical Sample", "date_1": "2005/07/18 00:00:00.000", "sample_typ": "Palaeobotanical", "cxt_cd": "CH05SR0575", "cxt_num": 575 }, "geometry": { "type": "Point", "coordinates": [ 1085.305819999999585, 990.82431 ] } },
{ "type": "Feature", "properties": { "OBJECTID": 359, "Created": null, "ModifiedLa": "2005/07/19 10:36:42.000", "ModifiedBy": null, "pt_id": 251, "easting": 1110.8127, "northing": 993.4951, "elev": 18.5335, "smp_num": 369, "smp_code": "SMPCH05SR0369", "smp_type": "ARCHITECTURAL", "date_": "2005/07/18 00:00:00.000", "source": "18JULY05A", "comments": null, "sample_no": 369, "sample_cod": "SMPCH05SR0369", "descriptio": "Poorly Baked Brick", "date_1": "2005/07/18 00:00:00.000", "sample_typ": "Architectural Sample", "cxt_cd": "CH05SR0434", "cxt_num": 434 }, "geometry": { "type": "Point", "coordinates": [ 1110.812679999999091, 993.495090000000346 ] } },
{ "type": "Feature", "properties": { "OBJECTID": 360, "Created": null, "ModifiedLa": "2005/07/31 15:19:03.000", "ModifiedBy": null, "pt_id": 32, "easting": 1092.0194, "northing": 996.0775, "elev": 18.8514, "smp_num": 370, "smp_code": "SMPCH05SR0370", "smp_type": "PALEOBOTANICAL", "date_": "2005/07/19 00:00:00.000", "source": "19JULY05A", "comments": null, "sample_no": 370, "sample_cod": "SMPCH05SR0370", "descriptio": "Palaeobotanical sample", "date_1": "2005/07/19 00:00:00.000", "sample_typ": "Palaeobotanical", "cxt_cd": "CH05SR0385", "cxt_num": 385 }, "geometry": { "type": "Point", "coordinates": [ 1092.019449999999779, 996.07755 ] } },
{ "type": "Feature", "properties": { "OBJECTID": 361, "Created": null, "ModifiedLa": "2005/07/31 15:19:03.000", "ModifiedBy": null, "pt_id": 119, "easting": 1107.6677, "northing": 991.4512, "elev": 18.5454, "smp_num": 378, "smp_code": "SMPCH05SR0378", "smp_type": "PALEOBOTANICAL", "date_": "2005/07/19 00:00:00.000", "source": "19JULY05A", "comments": null, "sample_no": 378, "sample_cod": "SMPCH05SR0378", "descriptio": "Palaeobotanical sample", "date_1": "2005/07/19 00:00:00.000", "sample_typ": "Palaeobotanical", "cxt_cd": "CH05SR0519", "cxt_num": 519 }, "geometry": { "type": "Point", "coordinates": [ 1107.667670000000726, 991.451199999999517 ] } },
{ "type": "Feature", "properties": { "OBJECTID": 362, "Created": null, "ModifiedLa": "2005/07/31 15:19:03.000", "ModifiedBy": null, "pt_id": 121, "easting": 1106.9419, "northing": 992.1345, "elev": 18.5359, "smp_num": 379, "smp_code": "SMPCH05SR0379", "smp_type": "PALEOBOTANICAL", "date_": "2005/07/19 00:00:00.000", "source": "19JULY05A", "comments": null, "sample_no": 379, "sample_cod": "SMPCH05SR0379", "descriptio": "Palaeobotanical sample", "date_1": "2005/07/19 00:00:00.000", "sample_typ": "Palaeobotanical", "cxt_cd": "CH05SR0519", "cxt_num": 519 }, "geometry": { "type": "Point", "coordinates": [ 1106.941849999999249, 992.134480000000622 ] } },
{ "type": "Feature", "properties": { "OBJECTID": 363, "Created": null, "ModifiedLa": "2005/07/31 15:19:03.000", "ModifiedBy": null, "pt_id": 122, "easting": 1106.2156, "northing": 992.8819, "elev": 18.4702, "smp_num": 380, "smp_code": "SMPCH05SR0380", "smp_type": "PALEOBOTANICAL", "date_": "2005/07/19 00:00:00.000", "source": "19JULY05A", "comments": null, "sample_no": 380, "sample_cod": "SMPCH05SR0380", "descriptio": "Palaeobotanical sample", "date_1": "2005/07/19 00:00:00.000", "sample_typ": "Palaeobotanical", "cxt_cd": "CH05SR0519", "cxt_num": 519 }, "geometry": { "type": "Point", "coordinates": [ 1106.215609999999288, 992.881929999999556 ] } },
{ "type": "Feature", "properties": { "OBJECTID": 364, "Created": null, "ModifiedLa": "2005/07/19 21:09:12.000", "ModifiedBy": null, "pt_id": 45, "easting": 1107.4593, "northing": 994.0742, "elev": 18.4692, "smp_num": 371, "smp_code": "SMPCH05SR0371", "smp_type": "ARCHITECTURAL", "date_": "2005/07/18 00:00:00.000", "source": "19JULY05B", "comments": null, "sample_no": 371, "sample_cod": "SMPCH05SR0371", "descriptio": "architectural plaster", "date_1": "2005/07/19 00:00:00.000", "sample_typ": "Architectural Sample", "cxt_cd": "CH05SR0519", "cxt_num": 519 }, "geometry": { "type": "Point", "coordinates": [ 1107.459279999999126, 994.07424 ] } },
{ "type": "Feature", "properties": { "OBJECTID": 365, "Created": null, "ModifiedLa": "2005/07/19 21:09:12.000", "ModifiedBy": null, "pt_id": 92, "easting": 1108.3563, "northing": 992.7678, "elev": 18.4957, "smp_num": 373, "smp_code": "SMPCH05SR0373", "smp_type": "METALLURGICAL", "date_": "2005/07/18 00:00:00.000", "source": "19JULY05B", "comments": null, "sample_no": 373, "sample_cod": "SMPCH05SR0373", "descriptio": "Metallurgical sample from room 33", "date_1": "2005/07/19 00:00:00.000", "sample_typ": "Metallurgical", "cxt_cd": "CH05SR0589", "cxt_num": 589 }, "geometry": { "type": "Point", "coordinates": [ 1108.35635, 992.767830000000686 ] } },
{ "type": "Feature", "properties": { "OBJECTID": 366, "Created": null, "ModifiedLa": "2005/07/19 21:09:12.000", "ModifiedBy": null, "pt_id": 110, "easting": 1108.9483, "northing": 990.433, "elev": 18.6907, "smp_num": 375, "smp_code": "SMPCH05SR0375", "smp_type": "CHARCOAL", "date_": "2005/07/18 00:00:00.000", "source": "19JULY05B", "comments": null, "sample_no": 375, "sample_cod": "SMPCH05SR0375", "descriptio": "charcoal sample", "date_1": "2005/07/19 00:00:00.000", "sample_typ": "Carbonised Wood", "cxt_cd": "CH05SR0579", "cxt_num": 579 }, "geometry": { "type": "Point", "coordinates": [ 1108.948340000000826, 990.433039999999892 ] } },
{ "type": "Feature", "properties": { "OBJECTID": 367, "Created": null, "ModifiedLa": "2005/07/31 15:19:03.000", "ModifiedBy": null, "pt_id": 111, "easting": 1109.5331, "northing": 991.287, "elev": 18.6629, "smp_num": 374, "smp_code": "SMPCH05SR0374", "smp_type": "PALEOBOTANICAL", "date_": "2005/07/18 00:00:00.000", "source": "19JULY05B", "comments": null, "sample_no": 374, "sample_cod": "SMPCH05SR0374", "descriptio": "Palaeobotanical sample", "date_1": "2005/07/19 00:00:00.000", "sample_typ": "Palaeobotanical", "cxt_cd": "CH05SR0579", "cxt_num": 579 }, "geometry": { "type": "Point", "coordinates": [ 1109.533100000000559, 991.286990000000515 ] } },
{ "type": "Feature", "properties": { "OBJECTID": 368, "Created": null, "ModifiedLa": "2005/07/31 15:19:03.000", "ModifiedBy": null, "pt_id": 118, "easting": 1093.8925, "northing": 988.9384, "elev": 19.7805, "smp_num": 377, "smp_code": "SMPCH05SR0377", "smp_type": "PALEOBOTANICAL", "date_": "2005/07/18 00:00:00.000", "source": "19JULY05B", "comments": null, "sample_no": 377, "sample_cod": "SMPCH05SR0377", "descriptio": "Palaeobotanical sample", "date_1": "2005/07/19 00:00:00.000", "sample_typ": "Palaeobotanical", "cxt_cd": "CH05SR0577", "cxt_num": 577 }, "geometry": { "type": "Point", "coordinates": [ 1093.892449999999371, 988.938399999999092 ] } },
{ "type": "Feature", "properties": { "OBJECTID": 369, "Created": null, "ModifiedLa": "2005/07/31 15:19:03.000", "ModifiedBy": null, "pt_id": 115, "easting": 1106.9203, "northing": 991.1998, "elev": 18.5847, "smp_num": 383, "smp_code": "SMPCH05SR0383", "smp_type": "PALEOBOTANICAL", "date_": "2005/07/19 00:00:00.000", "source": "20JULY05B", "comments": null, "sample_no": 383, "sample_cod": "SMPCH05SR0383", "descriptio": "paleobotanical", "date_1": "2005/07/20 00:00:00.000", "sample_typ": "Palaeobotanical", "cxt_cd": "CH05SR0519", "cxt_num": 519 }, "geometry": { "type": "Point", "coordinates": [ 1106.920319999999265, 991.199800000000323 ] } },
{ "type": "Feature", "properties": { "OBJECTID": 370, "Created": null, "ModifiedLa": "2005/07/31 15:19:03.000", "ModifiedBy": null, "pt_id": 116, "easting": 1106.1793, "northing": 991.8468, "elev": 18.577, "smp_num": 384, "smp_code": "SMPCH05SR0384", "smp_type": "PALEOBOTANICAL", "date_": "2005/07/19 00:00:00.000", "source": "20JULY05B", "comments": null, "sample_no": 384, "sample_cod": "SMPCH05SR0384", "descriptio": "Palaeobotanical", "date_1": "2005/07/20 00:00:00.000", "sample_typ": "Palaeobotanical", "cxt_cd": "CH05SR0519", "cxt_num": 519 }, "geometry": { "type": "Point", "coordinates": [ 1106.179260000000795, 991.846770000000106 ] } },
{ "type": "Feature", "properties": { "OBJECTID": 371, "Created": null, "ModifiedLa": "2005/07/21 06:51:08.000", "ModifiedBy": null, "pt_id": 130, "easting": 1094.2095, "northing": 1001.756, "elev": 18.6197, "smp_num": 385, "smp_code": "SMPCH05SR0385", "smp_type": "CHARCOAL", "date_": "2005/07/19 00:00:00.000", "source": "20JULY05B", "comments": null, "sample_no": 385, "sample_cod": "SMPCH05SR0385", "descriptio": "Charcoal Sample", "date_1": "2005/07/20 00:00:00.000", "sample_typ": "Carbonised Wood", "cxt_cd": "CH05SR0569", "cxt_num": 569 }, "geometry": { "type": "Point", "coordinates": [ 1094.209469999999783, 1001.75598 ] } },
{ "type": "Feature", "properties": { "OBJECTID": 372, "Created": null, "ModifiedLa": "2005/07/21 06:51:08.000", "ModifiedBy": null, "pt_id": 145, "easting": 1095.3335, "northing": 1000.9352, "elev": 18.7108, "smp_num": 386, "smp_code": "SMPCH05SR0386", "smp_type": "CHARCOAL", "date_": "2005/07/19 00:00:00.000", "source": "20JULY05B", "comments": null, "sample_no": 386, "sample_cod": "SMPCH05SR0386", "descriptio": "Charcoal Sample", "date_1": "2005/07/20 00:00:00.000", "sample_typ": "Carbonised Wood", "cxt_cd": "CH05SR0580", "cxt_num": 580 }, "geometry": { "type": "Point", "coordinates": [ 1095.33353999999963, 1000.935240000000704 ] } },
{ "type": "Feature", "properties": { "OBJECTID": 373, "Created": null, "ModifiedLa": "2005/07/21 16:42:00.000", "ModifiedBy": null, "pt_id": 2, "easting": 1095.9915, "northing": 1002.5908, "elev": 18.7221, "smp_num": 388, "smp_code": "SMPCH05SR0388", "smp_type": "CHARCOAL", "date_": "2005/07/20 00:00:00.000", "source": "21JULY05B", "comments": null, "sample_no": 388, "sample_cod": "SMPCH05SR0388", "descriptio": "Charcoal Sample-courtyard", "date_1": "2005/07/21 00:00:00.000", "sample_typ": "Carbonised Wood", "cxt_cd": "CH05SR0580", "cxt_num": 580 }, "geometry": { "type": "Point", "coordinates": [ 1095.991480000000593, 1002.590759999999136 ] } },
{ "type": "Feature", "properties": { "OBJECTID": 374, "Created": null, "ModifiedLa": "2005/07/31 15:19:03.000", "ModifiedBy": null, "pt_id": 31, "easting": 1098.9068, "northing": 987.6452, "elev": 19.7648, "smp_num": 389, "smp_code": "SMPCH05SR0389", "smp_type": "PALEOBOTANICAL", "date_": "2005/07/20 00:00:00.000", "source": "21JULY05B", "comments": null, "sample_no": 389, "sample_cod": "SMPCH05SR0389", "descriptio": null, "date_1": "2005/07/21 00:00:00.000", "sample_typ": "Palaeobotanical", "cxt_cd": "CH05SR0594", "cxt_num": 594 }, "geometry": { "type": "Point", "coordinates": [ 1098.906759999999849, 987.64516 ] } },
{ "type": "Feature", "properties": { "OBJECTID": 375, "Created": null, "ModifiedLa": "2005/07/31 15:19:03.000", "ModifiedBy": null, "pt_id": 43, "easting": 1092.9603, "northing": 995.6748, "elev": 18.8553, "smp_num": 390, "smp_code": "SMPCH05SR0390", "smp_type": "PALEOBOTANICAL", "date_": "2005/07/20 00:00:00.000", "source": "21JULY05B", "comments": null, "sample_no": 390, "sample_cod": "SMPCH05SR0390", "descriptio": "Paleobotanical sample from Room 30", "date_1": "2005/07/21 00:00:00.000", "sample_typ": "Palaeobotanical", "cxt_cd": "CH05SR0603", "cxt_num": 603 }, "geometry": { "type": "Point", "coordinates": [ 1092.960269999999582, 995.674769999999626 ] } },
{ "type": "Feature", "properties": { "OBJECTID": 376, "Created": null, "ModifiedLa": "2005/07/31 15:19:03.000", "ModifiedBy": null, "pt_id": 44, "easting": 1092.5418, "northing": 995.1588, "elev": 18.9362, "smp_num": 391, "smp_code": "SMPCH05SR0391", "smp_type": "PALEOBOTANICAL", "date_": "2005/07/20 00:00:00.000", "source": "21JULY05B", "comments": null, "sample_no": 391, "sample_cod": "SMPCH05SR0391", "descriptio": "Paleobotanical sample from Room 30", "date_1": "2005/07/21 00:00:00.000", "sample_typ": "Palaeobotanical", "cxt_cd": "CH05SR0603", "cxt_num": 603 }, "geometry": { "type": "Point", "coordinates": [ 1092.541820000000371, 995.158760000000257 ] } },
{ "type": "Feature", "properties": { "OBJECTID": 377, "Created": null, "ModifiedLa": "2005/07/31 15:19:03.000", "ModifiedBy": null, "pt_id": 45, "easting": 1090.9748, "northing": 994.0633, "elev": 18.9656, "smp_num": 392, "smp_code": "SMPCH05SR0392", "smp_type": "PALEOBOTANICAL", "date_": "2005/07/20 00:00:00.000", "source": "21JULY05B", "comments": null, "sample_no": 392, "sample_cod": "SMPCH05SR0392", "descriptio": "Paleobotanical sample from Room 30", "date_1": "2005/07/21 00:00:00.000", "sample_typ": "Palaeobotanical", "cxt_cd": "CH05SR0603", "cxt_num": 603 }, "geometry": { "type": "Point", "coordinates": [ 1090.974809999999707, 994.063350000000355 ] } },
{ "type": "Feature", "properties": { "OBJECTID": 378, "Created": null, "ModifiedLa": "2005/07/31 15:19:03.000", "ModifiedBy": null, "pt_id": 46, "easting": 1091.9645, "northing": 996.2798, "elev": 18.8197, "smp_num": 393, "smp_code": "SMPCH05SR0393", "smp_type": "PALEOBOTANICAL", "date_": "2005/07/20 00:00:00.000", "source": "21JULY05B", "comments": null, "sample_no": 393, "sample_cod": "SMPCH05SR0393", "descriptio": "Paleobotanical sample from Room 30", "date_1": "2005/07/21 00:00:00.000", "sample_typ": "Palaeobotanical", "cxt_cd": "CH05SR0603", "cxt_num": 603 }, "geometry": { "type": "Point", "coordinates": [ 1091.9645500000006, 996.27983999999924 ] } },
{ "type": "Feature", "properties": { "OBJECTID": 379, "Created": null, "ModifiedLa": "2005/07/31 15:19:03.000", "ModifiedBy": null, "pt_id": 47, "easting": 1090.8802, "northing": 995.6677, "elev": 18.9157, "smp_num": 394, "smp_code": "SMPCH05SR0394", "smp_type": "PALEOBOTANICAL", "date_": "2005/07/20 00:00:00.000", "source": "21JULY05B", "comments": null, "sample_no": 394, "sample_cod": "SMPCH05SR0394", "descriptio": "Paleobotanical sample from Room 30", "date_1": "2005/07/21 00:00:00.000", "sample_typ": "Palaeobotanical", "cxt_cd": "CH05SR0603", "cxt_num": 603 }, "geometry": { "type": "Point", "coordinates": [ 1090.880160000000615, 995.667750000000524 ] } },
{ "type": "Feature", "properties": { "OBJECTID": 380, "Created": null, "ModifiedLa": "2005/07/31 15:19:03.000", "ModifiedBy": null, "pt_id": 48, "easting": 1090.8902, "northing": 995.7025, "elev": 18.9149, "smp_num": 394, "smp_code": "SMPCH05SR0394", "smp_type": "PALEOBOTANICAL", "date_": "2005/07/20 00:00:00.000", "source": "21JULY05B", "comments": null, "sample_no": 394, "sample_cod": "SMPCH05SR0394", "descriptio": "Paleobotanical sample from Room 30", "date_1": "2005/07/21 00:00:00.000", "sample_typ": "Palaeobotanical", "cxt_cd": "CH05SR0603", "cxt_num": 603 }, "geometry": { "type": "Point", "coordinates": [ 1090.890219999999317, 995.702470000000176 ] } },
{ "type": "Feature", "properties": { "OBJECTID": 381, "Created": null, "ModifiedLa": "2005/07/31 15:19:03.000", "ModifiedBy": null, "pt_id": 60, "easting": 1090.3818, "northing": 994.6669, "elev": 18.8684, "smp_num": 395, "smp_code": "SMPCH05SR0395", "smp_type": "PALEOBOTANICAL", "date_": "2005/07/20 00:00:00.000", "source": "21JULY05B", "comments": null, "sample_no": 395, "sample_cod": "SMPCH05SR0395", "descriptio": "Paleobotanical sample from Room 30", "date_1": "2005/07/21 00:00:00.000", "sample_typ": "Palaeobotanical", "cxt_cd": "CH05SR0603", "cxt_num": 603 }, "geometry": { "type": "Point", "coordinates": [ 1090.38184, 994.666900000000169 ] } },
{ "type": "Feature", "properties": { "OBJECTID": 382, "Created": null, "ModifiedLa": "2005/07/31 15:19:03.000", "ModifiedBy": null, "pt_id": 61, "easting": 1089.7936, "northing": 993.9763, "elev": 18.8483, "smp_num": 396, "smp_code": "SMPCH05SR0396", "smp_type": "PALEOBOTANICAL", "date_": "2005/07/20 00:00:00.000", "source": "21JULY05B", "comments": null, "sample_no": 396, "sample_cod": "SMPCH05SR0396", "descriptio": "Paleobotanical sample from Room 30", "date_1": "2005/07/21 00:00:00.000", "sample_typ": "Palaeobotanical", "cxt_cd": "CH05SR0603", "cxt_num": 603 }, "geometry": { "type": "Point", "coordinates": [ 1089.793589999999313, 993.976350000000821 ] } },
{ "type": "Feature", "properties": { "OBJECTID": 383, "Created": null, "ModifiedLa": "2005/07/31 15:19:03.000", "ModifiedBy": null, "pt_id": 63, "easting": 1089.3312, "northing": 995.2487, "elev": 18.9938, "smp_num": 398, "smp_code": "SMPCH05SR0398", "smp_type": "PALEOBOTANICAL", "date_": "2005/07/20 00:00:00.000", "source": "21JULY05B", "comments": null, "sample_no": 398, "sample_cod": "SMPCH05SR0398", "descriptio": "Paleobotanical sample from Room 30", "date_1": "2005/07/21 00:00:00.000", "sample_typ": "Palaeobotanical", "cxt_cd": "CH05SR0603", "cxt_num": 603 }, "geometry": { "type": "Point", "coordinates": [ 1089.331190000000788, 995.248750000000655 ] } },
{ "type": "Feature", "properties": { "OBJECTID": 384, "Created": null, "ModifiedLa": "2005/07/31 15:52:33.000", "ModifiedBy": null, "pt_id": 68, "easting": 1091.5779, "northing": 1003.1628, "elev": 18.524, "smp_num": 399, "smp_code": "SMPCH05SR0399", "smp_type": "PALEOBOTANICAL", "date_": "2005/07/20 00:00:00.000", "source": "21JULY05B", "comments": null, "sample_no": 399, "sample_cod": "SMPCH05SR0399", "descriptio": "Palaeobotanical sample from Room 38", "date_1": "2005/07/21 00:00:00.000", "sample_typ": "Palaeobotanical", "cxt_cd": "CH05SR0602", "cxt_num": 602 }, "geometry": { "type": "Point", "coordinates": [ 1091.577900000000227, 1003.162819999999556 ] } },
{ "type": "Feature", "properties": { "OBJECTID": 385, "Created": null, "ModifiedLa": "2005/07/31 15:52:33.000", "ModifiedBy": null, "pt_id": 69, "easting": 1092.0343, "northing": 1002.7887, "elev": 18.5397, "smp_num": 400, "smp_code": "SMPCH05SR0400", "smp_type": "PALEOBOTANICAL", "date_": "2005/07/20 00:00:00.000", "source": "21JULY05B", "comments": null, "sample_no": 400, "sample_cod": "SMPCH05SR0400", "descriptio": "Palaeobotanical sample from Room 38", "date_1": "2005/07/21 00:00:00.000", "sample_typ": "Palaeobotanical", "cxt_cd": "CH05SR0602", "cxt_num": 602 }, "geometry": { "type": "Point", "coordinates": [ 1092.034289999999601, 1002.78874 ] } },
{ "type": "Feature", "properties": { "OBJECTID": 386, "Created": null, "ModifiedLa": "2005/07/31 15:52:33.000", "ModifiedBy": null, "pt_id": 70, "easting": 1092.1303, "northing": 1003.3083, "elev": 18.4907, "smp_num": 401, "smp_code": "SMPCH05SR0401", "smp_type": "PALEOBOTANICAL", "date_": "2005/07/20 00:00:00.000", "source": "21JULY05B", "comments": null, "sample_no": 401, "sample_cod": "SMPCH05SR0401", "descriptio": "Palaeobotanical sample from Room 38", "date_1": "2005/07/21 00:00:00.000", "sample_typ": "Palaeobotanical", "cxt_cd": "CH05SR0602", "cxt_num": 602 }, "geometry": { "type": "Point", "coordinates": [ 1092.130310000000463, 1003.308259999999791 ] } },
{ "type": "Feature", "properties": { "OBJECTID": 387, "Created": null, "ModifiedLa": "2005/07/31 15:52:33.000", "ModifiedBy": null, "pt_id": 71, "easting": 1092.3036, "northing": 1003.9365, "elev": 18.5487, "smp_num": 402, "smp_code": "SMPCH05SR0402", "smp_type": "PALEOBOTANICAL", "date_": "2005/07/20 00:00:00.000", "source": "21JULY05B", "comments": null, "sample_no": 402, "sample_cod": "SMPCH05SR0402", "descriptio": "Palaeobotanical sample from Room 38", "date_1": "2005/07/21 00:00:00.000", "sample_typ": "Palaeobotanical", "cxt_cd": "CH05SR0602", "cxt_num": 602 }, "geometry": { "type": "Point", "coordinates": [ 1092.303610000000845, 1003.936519999999291 ] } },
{ "type": "Feature", "properties": { "OBJECTID": 388, "Created": null, "ModifiedLa": "2005/07/31 15:52:33.000", "ModifiedBy": null, "pt_id": 72, "easting": 1092.6134, "northing": 1003.7028, "elev": 18.5052, "smp_num": 403, "smp_code": "SMPCH05SR0403", "smp_type": "PALEOBOTANICAL", "date_": "2005/07/20 00:00:00.000", "source": "21JULY05B", "comments": null, "sample_no": 403, "sample_cod": "SMPCH05SR0403", "descriptio": "Palaeobotanical sample from Room 38", "date_1": "2005/07/21 00:00:00.000", "sample_typ": "Palaeobotanical", "cxt_cd": "CH05SR0602", "cxt_num": 602 }, "geometry": { "type": "Point", "coordinates": [ 1092.613369999999122, 1003.702789999999368 ] } },
{ "type": "Feature", "properties": { "OBJECTID": 389, "Created": null, "ModifiedLa": "2005/07/31 15:19:03.000", "ModifiedBy": null, "pt_id": 139, "easting": 1096.0879, "northing": 991.0775, "elev": 19.8261, "smp_num": 420, "smp_code": "SMPCH05SR0420", "smp_type": "PALEOBOTANICAL", "date_": "2005/07/20 00:00:00.000", "source": "21JULY05B", "comments": null, "sample_no": 420, "sample_cod": "SMPCH05SR0420", "descriptio": "Paleobotanical sample- courtyard", "date_1": "2005/07/21 00:00:00.000", "sample_typ": "Palaeobotanical", "cxt_cd": "CH05SR0605", "cxt_num": 605 }, "geometry": { "type": "Point", "coordinates": [ 1096.087910000000193, 991.077470000000176 ] } },
{ "type": "Feature", "properties": { "OBJECTID": 390, "Created": null, "ModifiedLa": "2005/07/31 15:19:03.000", "ModifiedBy": null, "pt_id": 141, "easting": 1096.0774, "northing": 991.0839, "elev": 19.8262, "smp_num": 420, "smp_code": "SMPCH05SR0420", "smp_type": "PALEOBOTANICAL", "date_": "2005/07/20 00:00:00.000", "source": "21JULY05B", "comments": null, "sample_no": 420, "sample_cod": "SMPCH05SR0420", "descriptio": "Paleobotanical sample- courtyard", "date_1": "2005/07/21 00:00:00.000", "sample_typ": "Palaeobotanical", "cxt_cd": "CH05SR0605", "cxt_num": 605 }, "geometry": { "type": "Point", "coordinates": [ 1096.07738000000063, 991.083880000000136 ] } },
{ "type": "Feature", "properties": { "OBJECTID": 391, "Created": null, "ModifiedLa": "2005/07/31 15:19:03.000", "ModifiedBy": null, "pt_id": 180, "easting": 1090.0775, "northing": 999.8851, "elev": 19.286, "smp_num": 423, "smp_code": "SMPCH05SR0423", "smp_type": "PALEOBOTANICAL", "date_": "2005/07/20 00:00:00.000", "source": "21JULY05B", "comments": null, "sample_no": 423, "sample_cod": "SMPCH05SR0423", "descriptio": "Paleobotanical sample from Room 31", "date_1": "2005/07/21 00:00:00.000", "sample_typ": "Palaeobotanical", "cxt_cd": "CH05SR0367", "cxt_num": 367 }, "geometry": { "type": "Point", "coordinates": [ 1090.077540000000226, 999.885109999999258 ] } },
{ "type": "Feature", "properties": { "OBJECTID": 392, "Created": null, "ModifiedLa": "2005/07/31 15:19:03.000", "ModifiedBy": null, "pt_id": 181, "easting": 1088.6981, "northing": 1000.6351, "elev": 19.2634, "smp_num": 424, "smp_code": "SMPCH05SR0424", "smp_type": "PALEOBOTANICAL", "date_": "2005/07/20 00:00:00.000", "source": "21JULY05B", "comments": null, "sample_no": 424, "sample_cod": "SMPCH05SR0424", "descriptio": "Paleobotanical sample from Room 31", "date_1": "2005/07/21 00:00:00.000", "sample_typ": "Palaeobotanical", "cxt_cd": "CH05SR0367", "cxt_num": 367 }, "geometry": { "type": "Point", "coordinates": [ 1088.698119999999108, 1000.635060000000522 ] } },
{ "type": "Feature", "properties": { "OBJECTID": 393, "Created": null, "ModifiedLa": "2005/07/27 15:15:25.000", "ModifiedBy": null, "pt_id": 186, "easting": 1106.9101, "northing": 991.247, "elev": 18.4596, "smp_num": 425, "smp_code": "SMPCH05SR0425", "smp_type": "ORGANIC\r\nORGANIC", "date_": "2005/07/20 00:00:00.000", "source": "21JULY05B", "comments": null, "sample_no": 425, "sample_cod": "SMPCH05SR0425", "descriptio": "Sample of organic material from room 33", "date_1": "2005/07/21 00:00:00.000", "sample_typ": "Organic Material", "cxt_cd": "CH05SR0519", "cxt_num": 519 }, "geometry": { "type": "Point", "coordinates": [ 1106.910060000000158, 991.246950000000652 ] } },
{ "type": "Feature", "properties": { "OBJECTID": 394, "Created": null, "ModifiedLa": "2005/07/31 15:19:03.000", "ModifiedBy": null, "pt_id": 187, "easting": 1106.0657, "northing": 990.7698, "elev": 18.6386, "smp_num": 426, "smp_code": "SMPCH05SR0426", "smp_type": "PALEOBOTANICAL", "date_": "2005/07/20 00:00:00.000", "source": "21JULY05B", "comments": null, "sample_no": 426, "sample_cod": "SMPCH05SR0426", "descriptio": "Palaeobotanical sample from room 33", "date_1": "2005/07/21 00:00:00.000", "sample_typ": "Palaeobotanical", "cxt_cd": "CH05SR0519", "cxt_num": 519 }, "geometry": { "type": "Point", "coordinates": [ 1106.065679999999702, 990.769840000000841 ] } },
{ "type": "Feature", "properties": { "OBJECTID": 395, "Created": null, "ModifiedLa": "2005/07/31 15:19:03.000", "ModifiedBy": null, "pt_id": 188, "easting": 1105.3895, "northing": 991.5264, "elev": 18.5417, "smp_num": 427, "smp_code": "SMPCH05SR0427", "smp_type": "PALEOBOTANICAL", "date_": "2005/07/20 00:00:00.000", "source": "21JULY05B", "comments": null, "sample_no": 427, "sample_cod": "SMPCH05SR0427", "descriptio": "Palaeobotanical sample from room 33", "date_1": "2005/07/21 00:00:00.000", "sample_typ": "Palaeobotanical", "cxt_cd": "CH05SR0519", "cxt_num": 519 }, "geometry": { "type": "Point", "coordinates": [ 1105.389510000000882, 991.526420000000144 ] } },
{ "type": "Feature", "properties": { "OBJECTID": 396, "Created": null, "ModifiedLa": "2005/07/28 18:10:44.000", "ModifiedBy": null, "pt_id": 189, "easting": 1095.4712, "northing": 1000.6397, "elev": 18.7707, "smp_num": 412, "smp_code": "SMPCH05SR0412", "smp_type": "CHARCOAL", "date_": "2005/07/20 00:00:00.000", "source": "21JULY05B", "comments": null, "sample_no": 412, "sample_cod": "SMPCH05SR0412", "descriptio": "Charcoal sample from Room 38 - Check GIS as some of this sequence (404-419) has been mapped twice", "date_1": "2005/07/21 00:00:00.000", "sample_typ": "Carbonised Wood", "cxt_cd": "CH05SR0580", "cxt_num": 580 }, "geometry": { "type": "Point", "coordinates": [ 1095.471219999999448, 1000.63969 ] } },
{ "type": "Feature", "properties": { "OBJECTID": 397, "Created": null, "ModifiedLa": "2005/07/21 16:42:00.000", "ModifiedBy": null, "pt_id": 190, "easting": 1095.972, "northing": 1000.877, "elev": 18.7124, "smp_num": 413, "smp_code": "SMPCH05SR0413", "smp_type": "CHARCOAL", "date_": "2005/07/20 00:00:00.000", "source": "21JULY05B", "comments": null, "sample_no": 413, "sample_cod": "SMPCH05SR0413", "descriptio": "Charcoal sample from Room 38 - Check GIS as some of this sequence (404-419) has been mapped twice", "date_1": "2005/07/21 00:00:00.000", "sample_typ": "Carbonised Wood", "cxt_cd": "CH05SR0580", "cxt_num": 580 }, "geometry": { "type": "Point", "coordinates": [ 1095.971949999999197, 1000.876979999999094 ] } },
{ "type": "Feature", "properties": { "OBJECTID": 398, "Created": null, "ModifiedLa": "2005/07/21 16:42:00.000", "ModifiedBy": null, "pt_id": 191, "easting": 1095.7341, "northing": 1001.0233, "elev": 18.7049, "smp_num": 413, "smp_code": "SMPCH05SR0413", "smp_type": "CHARCOAL", "date_": "2005/07/20 00:00:00.000", "source": "21JULY05B", "comments": null, "sample_no": 413, "sample_cod": "SMPCH05SR0413", "descriptio": "Charcoal sample from Room 38 - Check GIS as some of this sequence (404-419) has been mapped twice", "date_1": "2005/07/21 00:00:00.000", "sample_typ": "Carbonised Wood", "cxt_cd": "CH05SR0580", "cxt_num": 580 }, "geometry": { "type": "Point", "coordinates": [ 1095.73409, 1001.023339999999735 ] } },
{ "type": "Feature", "properties": { "OBJECTID": 399, "Created": null, "ModifiedLa": "2005/07/21 16:42:00.000", "ModifiedBy": null, "pt_id": 192, "easting": 1095.6865, "northing": 1001.0184, "elev": 18.7039, "smp_num": 410, "smp_code": "SMPCH05SR0410", "smp_type": "CHARCOAL", "date_": "2005/07/20 00:00:00.000", "source": "21JULY05B", "comments": null, "sample_no": 410, "sample_cod": "SMPCH05SR0410", "descriptio": "Charcoal sample from Room 38 - Check GIS as some of this sequence (404-419) has been mapped twice", "date_1": "2005/07/21 00:00:00.000", "sample_typ": "Carbonised Wood", "cxt_cd": "CH05SR0580", "cxt_num": 580 }, "geometry": { "type": "Point", "coordinates": [ 1095.686519999999291, 1001.018410000000586 ] } },
{ "type": "Feature", "properties": { "OBJECTID": 400, "Created": null, "ModifiedLa": "2005/07/21 16:42:00.000", "ModifiedBy": null, "pt_id": 193, "easting": 1095.41, "northing": 1000.7545, "elev": 18.7585, "smp_num": 411, "smp_code": "SMPCH05SR0411", "smp_type": "CHARCOAL", "date_": "2005/07/20 00:00:00.000", "source": "21JULY05B", "comments": null, "sample_no": 411, "sample_cod": "SMPCH05SR0411", "descriptio": "Charcoal sample from Room 38 - Check GIS as some of this sequence (404-419) has been mapped twice", "date_1": "2005/07/21 00:00:00.000", "sample_typ": "Carbonised Wood", "cxt_cd": "CH05SR0580", "cxt_num": 580 }, "geometry": { "type": "Point", "coordinates": [ 1095.40998000000036, 1000.754499999999098 ] } },
{ "type": "Feature", "properties": { "OBJECTID": 401, "Created": null, "ModifiedLa": "2005/07/21 16:42:00.000", "ModifiedBy": null, "pt_id": 194, "easting": 1095.3521, "northing": 1000.8918, "elev": 18.7284, "smp_num": 409, "smp_code": "SMPCH05SR0409", "smp_type": "CHARCOAL", "date_": "2005/07/20 00:00:00.000", "source": "21JULY05B", "comments": null, "sample_no": 409, "sample_cod": "SMPCH05SR0409", "descriptio": "Charcoal sample from Room 38 - Check GIS as some of this sequence (404-419) has been mapped twice", "date_1": "2005/07/21 00:00:00.000", "sample_typ": "Carbonised Wood", "cxt_cd": "CH05SR0580", "cxt_num": 580 }, "geometry": { "type": "Point", "coordinates": [ 1095.352129999999306, 1000.891809999999168 ] } },
{ "type": "Feature", "properties": { "OBJECTID": 402, "Created": null, "ModifiedLa": "2005/07/21 16:42:00.000", "ModifiedBy": null, "pt_id": 195, "easting": 1095.5352, "northing": 1001.2593, "elev": 18.6982, "smp_num": 415, "smp_code": "SMPCH05SR0415", "smp_type": "CHARCOAL", "date_": "2005/07/20 00:00:00.000", "source": "21JULY05B", "comments": null, "sample_no": 415, "sample_cod": "SMPCH05SR0415", "descriptio": "Charcoal sample from Room 38 - Check GIS as some of this sequence (404-419) has been mapped twice", "date_1": "2005/07/21 00:00:00.000", "sample_typ": "Carbonised Wood", "cxt_cd": "CH05SR0580", "cxt_num": 580 }, "geometry": { "type": "Point", "coordinates": [ 1095.535219999999754, 1001.25934000000052 ] } },
{ "type": "Feature", "properties": { "OBJECTID": 403, "Created": null, "ModifiedLa": "2005/07/21 16:42:00.000", "ModifiedBy": null, "pt_id": 196, "easting": 1095.4504, "northing": 1001.3826, "elev": 18.6696, "smp_num": 406, "smp_code": "SMPCH05SR0406", "smp_type": "CHARCOAL", "date_": "2005/07/20 00:00:00.000", "source": "21JULY05B", "comments": null, "sample_no": 406, "sample_cod": "SMPCH05SR0406", "descriptio": "Charcoal sample from Room 38 - Check GIS as some of this sequence (404-419) has been mapped twice", "date_1": "2005/07/21 00:00:00.000", "sample_typ": "Carbonised Wood", "cxt_cd": "CH05SR0580", "cxt_num": 580 }, "geometry": { "type": "Point", "coordinates": [ 1095.450370000000476, 1001.382610000000568 ] } },
{ "type": "Feature", "properties": { "OBJECTID": 404, "Created": null, "ModifiedLa": "2005/07/21 16:42:00.000", "ModifiedBy": null, "pt_id": 197, "easting": 1095.6792, "northing": 1001.6223, "elev": 18.6794, "smp_num": 414, "smp_code": "SMPCH05SR0414", "smp_type": "CHARCOAL", "date_": "2005/07/20 00:00:00.000", "source": "21JULY05B", "comments": null, "sample_no": 414, "sample_cod": "SMPCH05SR0414", "descriptio": "Charcoal sample from Room 38 - Check GIS as some of this sequence (404-419) has been mapped twice", "date_1": "2005/07/21 00:00:00.000", "sample_typ": "Carbonised Wood", "cxt_cd": "CH05SR0580", "cxt_num": 580 }, "geometry": { "type": "Point", "coordinates": [ 1095.679190000000744, 1001.6223200000004 ] } },
{ "type": "Feature", "properties": { "OBJECTID": 405, "Created": null, "ModifiedLa": "2005/07/21 16:42:00.000", "ModifiedBy": null, "pt_id": 198, "easting": 1095.255, "northing": 1001.0511, "elev": 18.7008, "smp_num": 408, "smp_code": "SMPCH05SR0408", "smp_type": "CHARCOAL", "date_": "2005/07/20 00:00:00.000", "source": "21JULY05B", "comments": null, "sample_no": 408, "sample_cod": "SMPCH05SR0408", "descriptio": "Charcoal sample from Room 38 - Check GIS as some of this sequence (404-419) has been mapped twice", "date_1": "2005/07/21 00:00:00.000", "sample_typ": "Carbonised Wood", "cxt_cd": "CH05SR0580", "cxt_num": 580 }, "geometry": { "type": "Point", "coordinates": [ 1095.2549999999992, 1001.051110000000335 ] } },
{ "type": "Feature", "properties": { "OBJECTID": 406, "Created": null, "ModifiedLa": "2005/07/21 16:42:00.000", "ModifiedBy": null, "pt_id": 199, "easting": 1095.4611, "northing": 1001.5084, "elev": 18.6593, "smp_num": 406, "smp_code": "SMPCH05SR0406", "smp_type": "CHARCOAL", "date_": "2005/07/20 00:00:00.000", "source": "21JULY05B", "comments": null, "sample_no": 406, "sample_cod": "SMPCH05SR0406", "descriptio": "Charcoal sample from Room 38 - Check GIS as some of this sequence (404-419) has been mapped twice", "date_1": "2005/07/21 00:00:00.000", "sample_typ": "Carbonised Wood", "cxt_cd": "CH05SR0580", "cxt_num": 580 }, "geometry": { "type": "Point", "coordinates": [ 1095.46112, 1001.508429999999862 ] } },
{ "type": "Feature", "properties": { "OBJECTID": 407, "Created": null, "ModifiedLa": "2005/07/21 16:42:00.000", "ModifiedBy": null, "pt_id": 200, "easting": 1094.9884, "northing": 1001.1494, "elev": 18.694, "smp_num": 407, "smp_code": "SMPCH05SR0407", "smp_type": "CHARCOAL", "date_": "2005/07/20 00:00:00.000", "source": "21JULY05B", "comments": null, "sample_no": 407, "sample_cod": "SMPCH05SR0407", "descriptio": "Charcoal sample from Room 38 - Check GIS as some of this sequence (404-419) has been mapped twice", "date_1": "2005/07/21 00:00:00.000", "sample_typ": "Carbonised Wood", "cxt_cd": "CH05SR0580", "cxt_num": 580 }, "geometry": { "type": "Point", "coordinates": [ 1094.988400000000183, 1001.149359999999433 ] } },
{ "type": "Feature", "properties": { "OBJECTID": 408, "Created": null, "ModifiedLa": "2005/07/21 16:42:00.000", "ModifiedBy": null, "pt_id": 201, "easting": 1095.1739, "northing": 1001.4879, "elev": 18.6513, "smp_num": 404, "smp_code": "SMPCH05SR0404", "smp_type": "CHARCOAL", "date_": "2005/07/20 00:00:00.000", "source": "21JULY05B", "comments": null, "sample_no": 404, "sample_cod": "SMPCH05SR0404", "descriptio": "Charcoal sample from Room 38 - Check GIS as some of this sequence (404-419) has been mapped twice", "date_1": "2005/07/21 00:00:00.000", "sample_typ": "Carbonised Wood", "cxt_cd": "CH05SR0580", "cxt_num": 580 }, "geometry": { "type": "Point", "coordinates": [ 1095.173899999999776, 1001.48794000000089 ] } },
{ "type": "Feature", "properties": { "OBJECTID": 409, "Created": null, "ModifiedLa": "2005/07/21 16:42:00.000", "ModifiedBy": null, "pt_id": 202, "easting": 1095.2994, "northing": 1001.6987, "elev": 18.6217, "smp_num": 405, "smp_code": "SMPCH05SR0405", "smp_type": "CHARCOAL", "date_": "2005/07/20 00:00:00.000", "source": "21JULY05B", "comments": null, "sample_no": 405, "sample_cod": "SMPCH05SR0405", "descriptio": "Charcoal sample from Room 38 - Check GIS as some of this sequence (404-419) has been mapped twice", "date_1": "2005/07/21 00:00:00.000", "sample_typ": "Carbonised Wood", "cxt_cd": "CH05SR0580", "cxt_num": 580 }, "geometry": { "type": "Point", "coordinates": [ 1095.299360000000888, 1001.698720000000321 ] } },
{ "type": "Feature", "properties": { "OBJECTID": 410, "Created": null, "ModifiedLa": "2005/07/21 16:42:00.000", "ModifiedBy": null, "pt_id": 203, "easting": 1094.8518, "northing": 1001.5885, "elev": 18.6356, "smp_num": 416, "smp_code": "SMPCH05SR0416", "smp_type": "CHARCOAL", "date_": "2005/07/20 00:00:00.000", "source": "21JULY05B", "comments": null, "sample_no": 416, "sample_cod": "SMPCH05SR0416", "descriptio": "Charcoal sample from Room 38 - Check GIS as some of this sequence (404-419) has been mapped twice", "date_1": "2005/07/21 00:00:00.000", "sample_typ": "Carbonised Wood", "cxt_cd": "CH05SR0580", "cxt_num": 580 }, "geometry": { "type": "Point", "coordinates": [ 1094.851829999999609, 1001.588480000000345 ] } },
{ "type": "Feature", "properties": { "OBJECTID": 411, "Created": null, "ModifiedLa": "2005/07/21 16:42:00.000", "ModifiedBy": null, "pt_id": 204, "easting": 1094.487, "northing": 1001.8009, "elev": 18.6249, "smp_num": 418, "smp_code": "SMPCH05SR0418", "smp_type": "CHARCOAL", "date_": "2005/07/20 00:00:00.000", "source": "21JULY05B", "comments": null, "sample_no": 418, "sample_cod": "SMPCH05SR0418", "descriptio": "Charcoal sample from Room 38 - Check GIS as some of this sequence (404-419) has been mapped twice", "date_1": "2005/07/21 00:00:00.000", "sample_typ": "Carbonised Wood", "cxt_cd": "CH05SR0580", "cxt_num": 580 }, "geometry": { "type": "Point", "coordinates": [ 1094.48704, 1001.800890000000436 ] } },
{ "type": "Feature", "properties": { "OBJECTID": 412, "Created": null, "ModifiedLa": "2005/07/21 16:42:00.000", "ModifiedBy": null, "pt_id": 205, "easting": 1094.181, "northing": 1001.8414, "elev": 18.6398, "smp_num": 421, "smp_code": "SMPCH05SR0421", "smp_type": "CHARCOAL", "date_": "2005/07/20 00:00:00.000", "source": "21JULY05B", "comments": null, "sample_no": 421, "sample_cod": "SMPCH05SR0421", "descriptio": "Charcoal Samplefrom Room 38", "date_1": "2005/07/21 00:00:00.000", "sample_typ": "Carbonised Wood", "cxt_cd": "CH05SR0580", "cxt_num": 580 }, "geometry": { "type": "Point", "coordinates": [ 1094.180990000000747, 1001.841420000000653 ] } },
{ "type": "Feature", "properties": { "OBJECTID": 413, "Created": null, "ModifiedLa": "2005/07/28 18:10:43.000", "ModifiedBy": null, "pt_id": 206, "easting": 1094.435, "northing": 1001.551, "elev": 18.6493, "smp_num": 419, "smp_code": "SMPCH05SR0411", "smp_type": "CHARCOAL", "date_": "2005/07/20 00:00:00.000", "source": "21JULY05B", "comments": null, "sample_no": 411, "sample_cod": "SMPCH05SR0411", "descriptio": "Charcoal sample from Room 38 - Check GIS as some of this sequence (404-419) has been mapped twice", "date_1": "2005/07/21 00:00:00.000", "sample_typ": "Carbonised Wood", "cxt_cd": "CH05SR0580", "cxt_num": 580 }, "geometry": { "type": "Point", "coordinates": [ 1094.435020000000804, 1001.550960000000487 ] } },
{ "type": "Feature", "properties": { "OBJECTID": 414, "Created": null, "ModifiedLa": "2005/07/27 08:11:09.000", "ModifiedBy": null, "pt_id": 207, "easting": 1094.1721, "northing": 1001.6008, "elev": 18.6813, "smp_num": 422, "smp_code": "SMPCH05SR0422", "smp_type": "CHARCOAL", "date_": "2005/07/20 00:00:00.000", "source": "21JULY05B", "comments": null, "sample_no": 422, "sample_cod": "SMPCH05SR0422", "descriptio": "Charcoal Sample from Room 38", "date_1": "2005/07/21 00:00:00.000", "sample_typ": "Carbonised Wood", "cxt_cd": "CH05SR0580", "cxt_num": 580 }, "geometry": { "type": "Point", "coordinates": [ 1094.17209, 1001.600839999999152 ] } },
{ "type": "Feature", "properties": { "OBJECTID": 415, "Created": null, "ModifiedLa": "2005/07/21 16:42:00.000", "ModifiedBy": null, "pt_id": 210, "easting": 1095.0245, "northing": 1001.7131, "elev": 18.6149, "smp_num": 417, "smp_code": "SMPCH05SR0417", "smp_type": "CHARCOAL", "date_": "2005/07/20 00:00:00.000", "source": "21JULY05B", "comments": null, "sample_no": 417, "sample_cod": "SMPCH05SR0417", "descriptio": "Charcoal sample from Room 38 - Check GIS as some of this sequence (404-419) has been mapped twice", "date_1": "2005/07/21 00:00:00.000", "sample_typ": "Carbonised Wood", "cxt_cd": "CH05SR0580", "cxt_num": 580 }, "geometry": { "type": "Point", "coordinates": [ 1095.024460000000545, 1001.713079999999536 ] } },
{ "type": "Feature", "properties": { "OBJECTID": 416, "Created": null, "ModifiedLa": "2005/07/23 08:39:45.000", "ModifiedBy": null, "pt_id": null, "easting": 1094.99, "northing": 984.154, "elev": 20.004, "smp_num": 430, "smp_code": "SMPCH05SR0430", "smp_type": "METALLURGICAL", "date_": "2005/07/22 00:00:00.000", "source": "22JULY05", "comments": null, "sample_no": 430, "sample_cod": "SMPCH05SR0430", "descriptio": "metallurgical sample- courtyard", "date_1": "2005/07/22 00:00:00.000", "sample_typ": "Metallurgical", "cxt_cd": "CH05SR0509", "cxt_num": 509 }, "geometry": { "type": "Point", "coordinates": [ 1094.989999999999782, 984.154000000000451 ] } },
{ "type": "Feature", "properties": { "OBJECTID": 417, "Created": null, "ModifiedLa": "2005/07/23 08:39:45.000", "ModifiedBy": null, "pt_id": null, "easting": 1095.305, "northing": 984.533, "elev": 20.004, "smp_num": 431, "smp_code": "SMPCH05SR0431", "smp_type": "METALLURGICAL", "date_": "2005/07/22 00:00:00.000", "source": "22JULY05", "comments": null, "sample_no": 431, "sample_cod": "SMPCH05SR0431", "descriptio": "metallurgical sample-courtyard", "date_1": "2005/07/22 00:00:00.000", "sample_typ": "Metallurgical", "cxt_cd": "CH05SR0509", "cxt_num": 509 }, "geometry": { "type": "Point", "coordinates": [ 1095.305000000000291, 984.532999999999447 ] } },
{ "type": "Feature", "properties": { "OBJECTID": 418, "Created": null, "ModifiedLa": "2005/07/21 17:05:40.000", "ModifiedBy": null, "pt_id": 18, "easting": 1092.8108, "northing": 1005.6936, "elev": 19.0978, "smp_num": 429, "smp_code": "SMPCH05SR0429", "smp_type": "ARCHITECTURAL", "date_": "2005/07/21 00:00:00.000", "source": "21JULY05A", "comments": null, "sample_no": 429, "sample_cod": "SMPCH05SR0429", "descriptio": "Mud plaster from room 38", "date_1": "2005/07/21 00:00:00.000", "sample_typ": "Mortar", "cxt_cd": "CH05SR0595", "cxt_num": 595 }, "geometry": { "type": "Point", "coordinates": [ 1092.810779999999795, 1005.693610000000263 ] } },
{ "type": "Feature", "properties": { "OBJECTID": 419, "Created": null, "ModifiedLa": "2005/07/27 08:32:42.000", "ModifiedBy": null, "pt_id": 6, "easting": 1085.0153, "northing": 991.1848, "elev": 19.7283, "smp_num": 480, "smp_code": "SMPCH05SR0480", "smp_type": "ARCHITECTURAL", "date_": "2005/07/26 00:00:00.000", "source": "26JULY05A2", "comments": null, "sample_no": 480, "sample_cod": "SMPCH05SR0480", "descriptio": "Architectural Sample from room 37", "date_1": "2005/07/26 00:00:00.000", "sample_typ": "Architectural Sample", "cxt_cd": "CH05SR0637", "cxt_num": 637 }, "geometry": { "type": "Point", "coordinates": [ 1085.015330000000176, 991.18476 ] } },
{ "type": "Feature", "properties": { "OBJECTID": 420, "Created": null, "ModifiedLa": "2005/07/23 08:39:45.000", "ModifiedBy": null, "pt_id": null, "easting": 1095.628, "northing": 984.898, "elev": 19.992, "smp_num": 432, "smp_code": "SMPCH05SR0432", "smp_type": "METALLURGICAL", "date_": "2005/07/22 00:00:00.000", "source": "22JULY05", "comments": null, "sample_no": 432, "sample_cod": "SMPCH05SR0432", "descriptio": "metallurgical sample - courtyard", "date_1": "2005/07/22 00:00:00.000", "sample_typ": "Metallurgical", "cxt_cd": "CH05SR0509", "cxt_num": 509 }, "geometry": { "type": "Point", "coordinates": [ 1095.628000000000611, 984.897999999999229 ] } },
{ "type": "Feature", "properties": { "OBJECTID": 421, "Created": null, "ModifiedLa": "2005/07/23 08:39:45.000", "ModifiedBy": null, "pt_id": null, "easting": 1095.962, "northing": 985.282, "elev": 20.0, "smp_num": 433, "smp_code": "SMPCH05SR0433", "smp_type": "METALLURGICAL", "date_": "2005/07/22 00:00:00.000", "source": "22JULY05", "comments": null, "sample_no": 433, "sample_cod": "SMPCH05SR0433", "descriptio": "metallurgical sample- courtyard", "date_1": "2005/07/22 00:00:00.000", "sample_typ": "Metallurgical", "cxt_cd": "CH05SR0509", "cxt_num": 509 }, "geometry": { "type": "Point", "coordinates": [ 1095.961999999999534, 985.281999999999243 ] } },
{ "type": "Feature", "properties": { "OBJECTID": 422, "Created": null, "ModifiedLa": "2005/07/23 08:39:45.000", "ModifiedBy": null, "pt_id": null, "easting": 1096.284, "northing": 985.661, "elev": 20.01, "smp_num": 434, "smp_code": "SMPCH05SR0434", "smp_type": "METALLURGICAL", "date_": "2005/07/22 00:00:00.000", "source": "22JULY05", "comments": null, "sample_no": 434, "sample_cod": "SMPCH05SR0434", "descriptio": "metallurgical sample- courtyard", "date_1": "2005/07/22 00:00:00.000", "sample_typ": "Metallurgical", "cxt_cd": "CH05SR0509", "cxt_num": 509 }, "geometry": { "type": "Point", "coordinates": [ 1096.283999999999651, 985.661 ] } },
{ "type": "Feature", "properties": { "OBJECTID": 423, "Created": null, "ModifiedLa": "2005/07/31 15:19:03.000", "ModifiedBy": null, "pt_id": null, "easting": 1095.914, "northing": 985.681, "elev": 20.018, "smp_num": 435, "smp_code": "SMPCH05SR0435", "smp_type": "PALEOBOTANICAL", "date_": "2005/07/22 00:00:00.000", "source": "22JULY05", "comments": null, "sample_no": 435, "sample_cod": "SMPCH05SR0435", "descriptio": "paleobotanical sample- courtyard", "date_1": "2005/07/22 00:00:00.000", "sample_typ": "Palaeobotanical", "cxt_cd": "CH05SR0509", "cxt_num": 509 }, "geometry": { "type": "Point", "coordinates": [ 1095.914000000000669, 985.681000000000495 ] } },
{ "type": "Feature", "properties": { "OBJECTID": 424, "Created": null, "ModifiedLa": "2005/07/31 15:19:03.000", "ModifiedBy": null, "pt_id": null, "easting": 1095.328, "northing": 984.162, "elev": 20.018, "smp_num": 436, "smp_code": "SMPCH05SR0436", "smp_type": "PALEOBOTANICAL", "date_": "2005/07/22 00:00:00.000", "source": "22JULY05", "comments": null, "sample_no": 436, "sample_cod": "SMPCH05SR0436", "descriptio": "paleobotanical sample- courtyard", "date_1": "2005/07/22 00:00:00.000", "sample_typ": "Palaeobotanical", "cxt_cd": "CH05SR0509", "cxt_num": 509 }, "geometry": { "type": "Point", "coordinates": [ 1095.32799999999952, 984.162000000000262 ] } },
{ "type": "Feature", "properties": { "OBJECTID": 425, "Created": null, "ModifiedLa": "2005/07/31 15:52:33.000", "ModifiedBy": null, "pt_id": 8, "easting": 1094.9267, "northing": 1001.7263, "elev": 18.5478, "smp_num": 488, "smp_code": "SMPCH05SR0488", "smp_type": "PALEOBOTANICAL", "date_": "2005/07/26 00:00:00.000", "source": "27JULY05B", "comments": null, "sample_no": 488, "sample_cod": "SMPCH05SR0488", "descriptio": "Palaeobotanical sample from room 38", "date_1": "2005/07/27 00:00:00.000", "sample_typ": "Palaeobotanical", "cxt_cd": "CH05SR0649", "cxt_num": 649 }, "geometry": { "type": "Point", "coordinates": [ 1094.926719999999477, 1001.726249999999709 ] } },
{ "type": "Feature", "properties": { "OBJECTID": 426, "Created": null, "ModifiedLa": "2005/07/31 15:52:33.000", "ModifiedBy": null, "pt_id": 9, "easting": 1095.6706, "northing": 1002.4374, "elev": 18.6004, "smp_num": 489, "smp_code": "SMPCH05SR0489", "smp_type": "PALEOBOTANICAL", "date_": "2005/07/26 00:00:00.000", "source": "27JULY05B", "comments": null, "sample_no": 489, "sample_cod": "SMPCH05SR0489", "descriptio": "Palaeobotanical sample from room 38", "date_1": "2005/07/27 00:00:00.000", "sample_typ": "Palaeobotanical", "cxt_cd": "CH05SR0649", "cxt_num": 649 }, "geometry": { "type": "Point", "coordinates": [ 1095.67058, 1002.437400000000707 ] } },
{ "type": "Feature", "properties": { "OBJECTID": 427, "Created": null, "ModifiedLa": "2005/07/31 15:52:33.000", "ModifiedBy": null, "pt_id": 10, "easting": 1095.98, "northing": 1001.7872, "elev": 18.5938, "smp_num": 490, "smp_code": "SMPCH05SR0490", "smp_type": "PALEOBOTANICAL", "date_": "2005/07/26 00:00:00.000", "source": "27JULY05B", "comments": null, "sample_no": 490, "sample_cod": "SMPCH05SR0490", "descriptio": "Palaeobotanical sample from room 38", "date_1": "2005/07/27 00:00:00.000", "sample_typ": "Palaeobotanical", "cxt_cd": "CH05SR0649", "cxt_num": 649 }, "geometry": { "type": "Point", "coordinates": [ 1095.97998, 1001.787220000000161 ] } },
{ "type": "Feature", "properties": { "OBJECTID": 428, "Created": null, "ModifiedLa": "2005/07/31 15:52:33.000", "ModifiedBy": null, "pt_id": 11, "easting": 1094.9895, "northing": 1000.6528, "elev": 18.5569, "smp_num": 491, "smp_code": "SMPCH05SR0491", "smp_type": "PALEOBOTANICAL", "date_": "2005/07/26 00:00:00.000", "source": "27JULY05B", "comments": null, "sample_no": 491, "sample_cod": "SMPCH05SR0491", "descriptio": "Palaeobotanical sample from room 38", "date_1": "2005/07/27 00:00:00.000", "sample_typ": "Palaeobotanical", "cxt_cd": "CH05SR0649", "cxt_num": 649 }, "geometry": { "type": "Point", "coordinates": [ 1094.989509999999427, 1000.652770000000601 ] } },
{ "type": "Feature", "properties": { "OBJECTID": 429, "Created": null, "ModifiedLa": "2005/07/31 15:52:33.000", "ModifiedBy": null, "pt_id": 12, "easting": 1094.3874, "northing": 1000.0079, "elev": 18.5922, "smp_num": 492, "smp_code": "SMPCH05SR0492", "smp_type": "PALEOBOTANICAL", "date_": "2005/07/26 00:00:00.000", "source": "27JULY05B", "comments": null, "sample_no": 492, "sample_cod": "SMPCH05SR0492", "descriptio": "Palaeobotanical sample from room 38", "date_1": "2005/07/27 00:00:00.000", "sample_typ": "Palaeobotanical", "cxt_cd": "CH05SR0649", "cxt_num": 649 }, "geometry": { "type": "Point", "coordinates": [ 1094.387450000000172, 1000.00792 ] } },
{ "type": "Feature", "properties": { "OBJECTID": 430, "Created": null, "ModifiedLa": "2005/07/28 17:50:58.000", "ModifiedBy": null, "pt_id": 146, "easting": 1106.1743, "northing": 991.8097, "elev": 18.0155, "smp_num": 498, "smp_code": "SMPCH05SR0498", "smp_type": "ORGANIC", "date_": "2005/07/28 00:00:00.000", "source": "27JULY05A", "comments": null, "sample_no": 498, "sample_cod": "SMPCH05SR0498", "descriptio": "organic sample from 695, room 33", "date_1": "2005/07/28 00:00:00.000", "sample_typ": "Organic Material", "cxt_cd": "CH05SR0695", "cxt_num": 695 }, "geometry": { "type": "Point", "coordinates": [ 1106.174300000000585, 991.809680000000299 ] } },
{ "type": "Feature", "properties": { "OBJECTID": 431, "Created": null, "ModifiedLa": "2005/07/31 15:19:03.000", "ModifiedBy": null, "pt_id": 147, "easting": 1106.1034, "northing": 991.7139, "elev": 18.0322, "smp_num": 499, "smp_code": "SMPCH05SR0499", "smp_type": "PALEOBOTANICAL", "date_": "2005/07/28 00:00:00.000", "source": "27JULY05A", "comments": null, "sample_no": 499, "sample_cod": "SMPCH05SR0499", "descriptio": "palaeobotanical sample from 695, room 33", "date_1": "2005/07/28 00:00:00.000", "sample_typ": "Palaeobotanical", "cxt_cd": "CH05SR0695", "cxt_num": 695 }, "geometry": { "type": "Point", "coordinates": [ 1106.103349999999409, 991.713929999999891 ] } },
{ "type": "Feature", "properties": { "OBJECTID": 432, "Created": null, "ModifiedLa": "2005/07/31 15:19:03.000", "ModifiedBy": null, "pt_id": 148, "easting": 1106.1726, "northing": 992.6818, "elev": 17.9856, "smp_num": 500, "smp_code": "SMPCH05SR0500", "smp_type": "PALEOBOTANICAL", "date_": "2005/07/28 00:00:00.000", "source": "27JULY05A", "comments": null, "sample_no": 500, "sample_cod": "SMPCH05SR0500", "descriptio": "palaeobotanical sample, hearth 2, room 33", "date_1": "2005/07/28 00:00:00.000", "sample_typ": "Palaeobotanical", "cxt_cd": "CH05SR0696", "cxt_num": 696 }, "geometry": { "type": "Point", "coordinates": [ 1106.172640000000683, 992.681829999999536 ] } },
{ "type": "Feature", "properties": { "OBJECTID": 433, "Created": null, "ModifiedLa": "2005/07/31 15:19:03.000", "ModifiedBy": null, "pt_id": 149, "easting": 1106.6018, "northing": 993.2281, "elev": 18.0211, "smp_num": 501, "smp_code": "SMPCH05SR0501", "smp_type": "PALEOBOTANICAL", "date_": "2005/07/28 00:00:00.000", "source": "27JULY05A", "comments": null, "sample_no": 501, "sample_cod": "SMPCH05SR0501", "descriptio": "palaeobotanical sample, room 33", "date_1": "2005/07/28 00:00:00.000", "sample_typ": "Palaeobotanical", "cxt_cd": "CH05SR0672", "cxt_num": 672 }, "geometry": { "type": "Point", "coordinates": [ 1106.601819999999861, 993.228069999999207 ] } },
{ "type": "Feature", "properties": { "OBJECTID": 434, "Created": null, "ModifiedLa": "2005/07/31 15:19:03.000", "ModifiedBy": null, "pt_id": 150, "easting": 1105.7856, "northing": 992.3886, "elev": 18.0184, "smp_num": 502, "smp_code": "SMPCH05SR0502", "smp_type": "PALEOBOTANICAL", "date_": "2005/07/28 00:00:00.000", "source": "27JULY05A", "comments": null, "sample_no": 502, "sample_cod": "SMPCH05SR0502", "descriptio": "palaeobotanical sample, room 33", "date_1": "2005/07/28 00:00:00.000", "sample_typ": "Palaeobotanical", "cxt_cd": "CH05SR0672", "cxt_num": 672 }, "geometry": { "type": "Point", "coordinates": [ 1105.785620000000563, 992.388619999999719 ] } },
{ "type": "Feature", "properties": { "OBJECTID": 435, "Created": null, "ModifiedLa": "2005/07/31 15:19:03.000", "ModifiedBy": null, "pt_id": 151, "easting": 1105.3509, "northing": 991.9597, "elev": 18.0028, "smp_num": 503, "smp_code": "SMPCH05SR0503", "smp_type": "PALEOBOTANICAL", "date_": "2005/07/28 00:00:00.000", "source": "27JULY05A", "comments": null, "sample_no": 503, "sample_cod": "SMPCH05SR0503", "descriptio": "palaeobotanical sample, room 33", "date_1": "2005/07/28 00:00:00.000", "sample_typ": "Palaeobotanical", "cxt_cd": "CH05SR0672", "cxt_num": 672 }, "geometry": { "type": "Point", "coordinates": [ 1105.350860000000466, 991.95968 ] } },
{ "type": "Feature", "properties": { "OBJECTID": 436, "Created": null, "ModifiedLa": "2005/07/31 15:19:03.000", "ModifiedBy": null, "pt_id": 152, "easting": 1105.7869, "northing": 991.3043, "elev": 18.0962, "smp_num": 504, "smp_code": "SMPCH05SR0504", "smp_type": "PALEOBOTANICAL", "date_": "2005/07/28 00:00:00.000", "source": "27JULY05A", "comments": null, "sample_no": 504, "sample_cod": "SMPCH05SR0504", "descriptio": "palaeobotanical sample, room 33", "date_1": "2005/07/28 00:00:00.000", "sample_typ": "Palaeobotanical", "cxt_cd": "CH05SR0672", "cxt_num": 672 }, "geometry": { "type": "Point", "coordinates": [ 1105.78694, 991.30428000000029 ] } },
{ "type": "Feature", "properties": { "OBJECTID": 437, "Created": null, "ModifiedLa": "2005/07/31 15:19:03.000", "ModifiedBy": null, "pt_id": 153, "easting": 1107.7052, "northing": 992.6028, "elev": 17.9561, "smp_num": 505, "smp_code": "SMPCH05SR0505", "smp_type": "PALEOBOTANICAL", "date_": "2005/07/28 00:00:00.000", "source": "27JULY05A", "comments": null, "sample_no": 505, "sample_cod": "SMPCH05SR0505", "descriptio": "palaeobotanical sample, room 33", "date_1": "2005/07/28 00:00:00.000", "sample_typ": "Palaeobotanical", "cxt_cd": "CH05SR0672", "cxt_num": 672 }, "geometry": { "type": "Point", "coordinates": [ 1107.705190000000584, 992.602779999999257 ] } },
{ "type": "Feature", "properties": { "OBJECTID": 438, "Created": null, "ModifiedLa": "2005/07/31 15:19:03.000", "ModifiedBy": null, "pt_id": 154, "easting": 1107.4265, "northing": 992.1894, "elev": 17.9428, "smp_num": 506, "smp_code": "SMPCH05SR0506", "smp_type": "PALEOBOTANICAL", "date_": "2005/07/28 00:00:00.000", "source": "27JULY05A", "comments": null, "sample_no": 506, "sample_cod": "SMPCH05SR0506", "descriptio": "palaeobotanical sample, room 33", "date_1": "2005/07/28 00:00:00.000", "sample_typ": "Palaeobotanical", "cxt_cd": "CH05SR0672", "cxt_num": 672 }, "geometry": { "type": "Point", "coordinates": [ 1107.42648, 992.189360000000306 ] } },
{ "type": "Feature", "properties": { "OBJECTID": 439, "Created": null, "ModifiedLa": "2005/07/28 17:50:58.000", "ModifiedBy": null, "pt_id": 158, "easting": 1108.5188, "northing": 990.1044, "elev": 18.8195, "smp_num": 497, "smp_code": "SMPCH05SR0497", "smp_type": "CHARCOAL", "date_": "2005/07/28 00:00:00.000", "source": "27JULY05A", "comments": null, "sample_no": 497, "sample_cod": "SMPCH05SR0497", "descriptio": "Carbonized wood", "date_1": "2005/07/27 00:00:00.000", "sample_typ": "Carbonised Wood", "cxt_cd": "CH05SR0298", "cxt_num": 298 }, "geometry": { "type": "Point", "coordinates": [ 1108.518840000000637, 990.104369999999108 ] } },
{ "type": "Feature", "properties": { "OBJECTID": 440, "Created": null, "ModifiedLa": "2005/07/31 15:19:03.000", "ModifiedBy": null, "pt_id": 159, "easting": 1108.5353, "northing": 990.131, "elev": 18.7961, "smp_num": 496, "smp_code": "SMPCH05SR0496", "smp_type": "PALEOBOTANICAL", "date_": "2005/07/28 00:00:00.000", "source": "27JULY05A", "comments": null, "sample_no": 496, "sample_cod": "SMPCH05SR0496", "descriptio": "Palaeobotanical sample", "date_1": "2005/07/27 00:00:00.000", "sample_typ": "Palaeobotanical", "cxt_cd": "CH05SR0298", "cxt_num": 298 }, "geometry": { "type": "Point", "coordinates": [ 1108.535309999999299, 990.13098 ] } },
{ "type": "Feature", "properties": { "OBJECTID": 441, "Created": null, "ModifiedLa": "2005/07/31 15:52:57.000", "ModifiedBy": null, "pt_id": 2, "easting": 1091.7951, "northing": 998.6553, "elev": 19.1224, "smp_num": 494, "smp_code": "SMPCH05SR0494", "smp_type": "PALEOBOTANICAL", "date_": "2005/07/27 00:00:00.000", "source": "28JULY05B", "comments": null, "sample_no": 494, "sample_cod": "SMPCH05SR0494", "descriptio": "Palaeobotanical sample from Swing room 31", "date_1": "2005/07/27 00:00:00.000", "sample_typ": "Palaeobotanical", "cxt_cd": "CH05SR0616", "cxt_num": 616 }, "geometry": { "type": "Point", "coordinates": [ 1091.79515, 998.655269999999291 ] } },
{ "type": "Feature", "properties": { "OBJECTID": 442, "Created": null, "ModifiedLa": "2005/07/31 15:52:57.000", "ModifiedBy": null, "pt_id": 3, "easting": 1092.8289, "northing": 997.8533, "elev": 19.1452, "smp_num": 493, "smp_code": "SMPCH05SR0493", "smp_type": "PALEOBOTANICAL", "date_": "2005/07/27 00:00:00.000", "source": "28JULY05B", "comments": null, "sample_no": 493, "sample_cod": "SMPCH05SR0493", "descriptio": "Palaeobotanical sample from Swing room 31", "date_1": "2005/07/27 00:00:00.000", "sample_typ": "Palaeobotanical", "cxt_cd": "CH05SR0616", "cxt_num": 616 }, "geometry": { "type": "Point", "coordinates": [ 1092.828929999999673, 997.85331000000042 ] } },
{ "type": "Feature", "properties": { "OBJECTID": 443, "Created": null, "ModifiedLa": "2006/07/12 15:50:20.000", "ModifiedBy": null, "pt_id": 146, "easting": 1088.6405, "northing": 997.3929, "elev": 18.9634, "smp_num": 509, "smp_code": "SMPCH05SR0509", "smp_type": "ARCHITECTURAL", "date_": "2005/07/27 00:00:00.000", "source": "28JULY05B", "comments": null, "sample_no": 509, "sample_cod": "SMPCH05SR0509", "descriptio": "architectural sample (plaster)", "date_1": "2005/07/28 00:00:00.000", "sample_typ": "Architectural Sample", "cxt_cd": "CH05SR0618", "cxt_num": 618 }, "geometry": { "type": "Point", "coordinates": [ 1088.640540000000328, 997.392949999999473 ] } },
{ "type": "Feature", "properties": { "OBJECTID": 444, "Created": null, "ModifiedLa": "2005/07/26 14:30:08.000", "ModifiedBy": null, "pt_id": 466, "easting": 1107.2592, "northing": 990.8155, "elev": 18.6576, "smp_num": 465, "smp_code": "SMPCH05SR0465", "smp_type": "ARCHITECTURAL", "date_": "2005/07/26 00:00:00.000", "source": "26JULY05A", "comments": null, "sample_no": 465, "sample_cod": "SMPCH05SR0465", "descriptio": "architectural sample", "date_1": "2005/07/26 00:00:00.000", "sample_typ": "Architectural Sample", "cxt_cd": "CH05SR0567", "cxt_num": 567 }, "geometry": { "type": "Point", "coordinates": [ 1107.25922, 990.81546999999955 ] } },
{ "type": "Feature", "properties": { "OBJECTID": 445, "Created": null, "ModifiedLa": "2005/07/26 14:35:39.000", "ModifiedBy": null, "pt_id": 129, "easting": 1095.1787, "northing": 984.6919, "elev": 19.687, "smp_num": 466, "smp_code": "SMPCH05SR0466", "smp_type": "ORGANIC", "date_": "2005/07/25 00:00:00.000", "source": "26JULY05B", "comments": null, "sample_no": 466, "sample_cod": "SMPCH05SR0466", "descriptio": "organic sample", "date_1": "2005/07/26 00:00:00.000", "sample_typ": "Organic Material", "cxt_cd": "CH05SR0594", "cxt_num": 594 }, "geometry": { "type": "Point", "coordinates": [ 1095.178729999999632, 984.691870000000563 ] } },
{ "type": "Feature", "properties": { "OBJECTID": 446, "Created": null, "ModifiedLa": "2005/07/31 15:52:57.000", "ModifiedBy": null, "pt_id": 147, "easting": 1089.1495, "northing": 997.3013, "elev": 19.1486, "smp_num": 467, "smp_code": "SMPCH05SR0467", "smp_type": "PALEOBOTANICAL", "date_": "2005/07/25 00:00:00.000", "source": "26JULY05B", "comments": null, "sample_no": 467, "sample_cod": "SMPCH05SR0467", "descriptio": "palaeobotanical sample", "date_1": "2005/07/26 00:00:00.000", "sample_typ": "Palaeobotanical", "cxt_cd": "CH05SR0618", "cxt_num": 618 }, "geometry": { "type": "Point", "coordinates": [ 1089.149520000000848, 997.301330000000235 ] } },
{ "type": "Feature", "properties": { "OBJECTID": 447, "Created": null, "ModifiedLa": "2005/07/31 15:52:57.000", "ModifiedBy": null, "pt_id": 148, "easting": 1088.7144, "northing": 997.8955, "elev": 19.1016, "smp_num": 468, "smp_code": "SMPCH05SR0468", "smp_type": "PALEOBOTANICAL", "date_": "2005/07/25 00:00:00.000", "source": "26JULY05B", "comments": null, "sample_no": 468, "sample_cod": "SMPCH05SR0468", "descriptio": "palaeobotanical sample", "date_1": "2005/07/26 00:00:00.000", "sample_typ": "Palaeobotanical", "cxt_cd": "CH05SR0618", "cxt_num": 618 }, "geometry": { "type": "Point", "coordinates": [ 1088.714420000000246, 997.89545999999973 ] } },
{ "type": "Feature", "properties": { "OBJECTID": 448, "Created": null, "ModifiedLa": "2005/07/31 15:52:57.000", "ModifiedBy": null, "pt_id": 149, "easting": 1089.6224, "northing": 997.9844, "elev": 19.1121, "smp_num": 469, "smp_code": "SMPCH05SR0469", "smp_type": "PALEOBOTANICAL", "date_": "2005/07/25 00:00:00.000", "source": "26JULY05B", "comments": null, "sample_no": 469, "sample_cod": "SMPCH05SR0469", "descriptio": "palaeobotanical sample", "date_1": "2005/07/26 00:00:00.000", "sample_typ": "Palaeobotanical", "cxt_cd": "CH05SR0618", "cxt_num": 618 }, "geometry": { "type": "Point", "coordinates": [ 1089.622390000000451, 997.984379999999874 ] } },
{ "type": "Feature", "properties": { "OBJECTID": 449, "Created": null, "ModifiedLa": "2005/07/31 15:52:57.000", "ModifiedBy": null, "pt_id": 150, "easting": 1089.2885, "northing": 998.3102, "elev": 19.096, "smp_num": 470, "smp_code": "SMPCH05SR0470", "smp_type": "PALEOBOTANICAL", "date_": "2005/07/25 00:00:00.000", "source": "26JULY05B", "comments": null, "sample_no": 470, "sample_cod": "SMPCH05SR0470", "descriptio": "palaeobotanical sample", "date_1": "2005/07/26 00:00:00.000", "sample_typ": "Palaeobotanical", "cxt_cd": "CH05SR0618", "cxt_num": 618 }, "geometry": { "type": "Point", "coordinates": [ 1089.288469999999506, 998.310229999999137 ] } },
{ "type": "Feature", "properties": { "OBJECTID": 450, "Created": null, "ModifiedLa": "2005/07/31 15:38:26.000", "ModifiedBy": null, "pt_id": 245, "easting": 1107.7756, "northing": 992.9054, "elev": 17.9956, "smp_num": 471, "smp_code": "SMPCH05SR0471", "smp_type": "PALEOBOTANICAL", "date_": "2005/07/25 00:00:00.000", "source": "26JULY05B", "comments": null, "sample_no": 471, "sample_cod": "SMPCH05SR0471", "descriptio": "palaeobotanical sample", "date_1": "2005/07/26 00:00:00.000", "sample_typ": "Palaeobotanical", "cxt_cd": "CH05SR0636", "cxt_num": 636 }, "geometry": { "type": "Point", "coordinates": [ 1107.775610000000597, 992.90541999999914 ] } },
{ "type": "Feature", "properties": { "OBJECTID": 451, "Created": null, "ModifiedLa": "2005/07/31 15:38:26.000", "ModifiedBy": null, "pt_id": 246, "easting": 1107.0155, "northing": 993.5364, "elev": 18.0423, "smp_num": 472, "smp_code": "SMPCH05SR0472", "smp_type": "PALEOBOTANICAL", "date_": "2005/07/25 00:00:00.000", "source": "26JULY05B", "comments": null, "sample_no": 472, "sample_cod": "SMPCH05SR0472", "descriptio": "palaeobotanical sample", "date_1": "2005/07/26 00:00:00.000", "sample_typ": "Palaeobotanical", "cxt_cd": "CH05SR0636", "cxt_num": 636 }, "geometry": { "type": "Point", "coordinates": [ 1107.015520000000834, 993.53636 ] } },
{ "type": "Feature", "properties": { "OBJECTID": 452, "Created": null, "ModifiedLa": "2006/07/27 10:09:26.000", "ModifiedBy": null, "pt_id": 247, "easting": 1106.8203, "northing": 992.3193, "elev": 18.0384, "smp_num": 473, "smp_code": "SMPCH05SR0473", "smp_type": "PALEOBOTANICAL", "date_": "2005/07/25 00:00:00.000", "source": "26JULY05B", "comments": null, "sample_no": 473, "sample_cod": "SMPCH05SR0473", "descriptio": "palaeobotanical sample", "date_1": "2005/07/26 00:00:00.000", "sample_typ": "Palaeobotanical", "cxt_cd": "CH05SR0636", "cxt_num": 636 }, "geometry": { "type": "Point", "coordinates": [ 1106.82028, 992.319349999999758 ] } },
{ "type": "Feature", "properties": { "OBJECTID": 453, "Created": null, "ModifiedLa": "2005/07/31 15:38:26.000", "ModifiedBy": null, "pt_id": 248, "easting": 1106.3669, "northing": 991.3119, "elev": 18.102, "smp_num": 474, "smp_code": "SMPCH05SR0474", "smp_type": "PALEOBOTANICAL", "date_": "2005/07/25 00:00:00.000", "source": "26JULY05B", "comments": null, "sample_no": 474, "sample_cod": "SMPCH05SR0474", "descriptio": "palaeobotanical sample", "date_1": "2005/07/26 00:00:00.000", "sample_typ": "Palaeobotanical", "cxt_cd": "CH05SR0636", "cxt_num": 636 }, "geometry": { "type": "Point", "coordinates": [ 1106.366910000000644, 991.311929999999847 ] } },
{ "type": "Feature", "properties": { "OBJECTID": 454, "Created": null, "ModifiedLa": "2005/07/31 15:38:26.000", "ModifiedBy": null, "pt_id": 249, "easting": 1105.6429, "northing": 992.0202, "elev": 18.0374, "smp_num": 475, "smp_code": "SMPCH05SR0475", "smp_type": "PALEOBOTANICAL", "date_": "2005/07/25 00:00:00.000", "source": "26JULY05B", "comments": null, "sample_no": 475, "sample_cod": "SMPCH05SR0475", "descriptio": "palaeobotanical sample", "date_1": "2005/07/26 00:00:00.000", "sample_typ": "Palaeobotanical", "cxt_cd": "CH05SR0636", "cxt_num": 636 }, "geometry": { "type": "Point", "coordinates": [ 1105.642920000000231, 992.020239999999831 ] } },
{ "type": "Feature", "properties": { "OBJECTID": 455, "Created": null, "ModifiedLa": "2005/07/31 15:52:33.000", "ModifiedBy": null, "pt_id": 1, "easting": 1092.1051, "northing": 1003.7423, "elev": 18.2506, "smp_num": 481, "smp_code": "SMPCH05SR0481", "smp_type": "PALEOBOTANICAL", "date_": "2005/07/26 00:00:00.000", "source": "27JULY05B", "comments": null, "sample_no": 481, "sample_cod": "SMPCH05SR0481", "descriptio": "Palaeobotanical sample from room 38", "date_1": "2005/07/27 00:00:00.000", "sample_typ": "Palaeobotanical", "cxt_cd": "CH05SR0668", "cxt_num": 668 }, "geometry": { "type": "Point", "coordinates": [ 1092.105059999999867, 1003.742270000000644 ] } },
{ "type": "Feature", "properties": { "OBJECTID": 456, "Created": null, "ModifiedLa": "2005/07/31 15:52:33.000", "ModifiedBy": null, "pt_id": 2, "easting": 1092.4809, "northing": 1003.4499, "elev": 18.1803, "smp_num": 482, "smp_code": "SMPCH05SR0482", "smp_type": "PALEOBOTANICAL", "date_": "2005/07/26 00:00:00.000", "source": "27JULY05B", "comments": null, "sample_no": 482, "sample_cod": "SMPCH05SR0482", "descriptio": "Palaeobotanical sample from room 38", "date_1": "2005/07/27 00:00:00.000", "sample_typ": "Palaeobotanical", "cxt_cd": "CH05SR0668", "cxt_num": 668 }, "geometry": { "type": "Point", "coordinates": [ 1092.480890000000727, 1003.449919999999111 ] } },
{ "type": "Feature", "properties": { "OBJECTID": 457, "Created": null, "ModifiedLa": "2005/07/31 15:52:33.000", "ModifiedBy": null, "pt_id": 3, "easting": 1091.7932, "northing": 1003.0112, "elev": 18.1362, "smp_num": 483, "smp_code": "SMPCH05SR0483", "smp_type": "PALEOBOTANICAL", "date_": "2005/07/26 00:00:00.000", "source": "27JULY05B", "comments": null, "sample_no": 483, "sample_cod": "SMPCH05SR0483", "descriptio": "Palaeobotanical sample from room 38", "date_1": "2005/07/27 00:00:00.000", "sample_typ": "Palaeobotanical", "cxt_cd": "CH05SR0668", "cxt_num": 668 }, "geometry": { "type": "Point", "coordinates": [ 1091.793180000000575, 1003.011249999999563 ] } },
{ "type": "Feature", "properties": { "OBJECTID": 458, "Created": null, "ModifiedLa": "2005/07/31 15:52:33.000", "ModifiedBy": null, "pt_id": 4, "easting": 1092.0051, "northing": 1002.7884, "elev": 18.0973, "smp_num": 484, "smp_code": "SMPCH05SR0484", "smp_type": "PALEOBOTANICAL", "date_": "2005/07/26 00:00:00.000", "source": "27JULY05B", "comments": null, "sample_no": 484, "sample_cod": "SMPCH05SR0484", "descriptio": "Palaeobotanical sample from room 38", "date_1": "2005/07/27 00:00:00.000", "sample_typ": "Palaeobotanical", "cxt_cd": "CH05SR0668", "cxt_num": 668 }, "geometry": { "type": "Point", "coordinates": [ 1092.005119999999806, 1002.788360000000466 ] } },
{ "type": "Feature", "properties": { "OBJECTID": 459, "Created": null, "ModifiedLa": "2005/07/31 15:52:33.000", "ModifiedBy": null, "pt_id": 5, "easting": 1094.497, "northing": 1002.606, "elev": 18.5897, "smp_num": 485, "smp_code": "SMPCH05SR0485", "smp_type": "PALEOBOTANICAL", "date_": "2005/07/26 00:00:00.000", "source": "27JULY05B", "comments": null, "sample_no": 485, "sample_cod": "SMPCH05SR0485", "descriptio": "Palaeobotanical sample from room 38", "date_1": "2005/07/27 00:00:00.000", "sample_typ": "Palaeobotanical", "cxt_cd": "CH05SR0649", "cxt_num": 649 }, "geometry": { "type": "Point", "coordinates": [ 1094.496999999999389, 1002.605980000000272 ] } },
{ "type": "Feature", "properties": { "OBJECTID": 460, "Created": null, "ModifiedLa": "2005/07/31 15:52:33.000", "ModifiedBy": null, "pt_id": 6, "easting": 1094.0803, "northing": 1002.0589, "elev": 18.4884, "smp_num": 486, "smp_code": "SMPCH05SR0486", "smp_type": "PALEOBOTANICAL", "date_": "2005/07/26 00:00:00.000", "source": "27JULY05B", "comments": null, "sample_no": 486, "sample_cod": "SMPCH05SR0486", "descriptio": "Palaeobotanical sample from room 38", "date_1": "2005/07/27 00:00:00.000", "sample_typ": "Palaeobotanical", "cxt_cd": "CH05SR0649", "cxt_num": 649 }, "geometry": { "type": "Point", "coordinates": [ 1094.080340000000433, 1002.0589 ] } },
{ "type": "Feature", "properties": { "OBJECTID": 461, "Created": null, "ModifiedLa": "2005/07/31 15:52:33.000", "ModifiedBy": null, "pt_id": 7, "easting": 1094.1435, "northing": 1000.888, "elev": 18.6039, "smp_num": 487, "smp_code": "SMPCH05SR0487", "smp_type": "PALEOBOTANICAL", "date_": "2005/07/26 00:00:00.000", "source": "27JULY05B", "comments": null, "sample_no": 487, "sample_cod": "SMPCH05SR0487", "descriptio": "Palaeobotanical sample from room 38", "date_1": "2005/07/27 00:00:00.000", "sample_typ": "Palaeobotanical", "cxt_cd": "CH05SR0649", "cxt_num": 649 }, "geometry": { "type": "Point", "coordinates": [ 1094.14353999999912, 1000.88796 ] } },
{ "type": "Feature", "properties": { "OBJECTID": 462, "Created": null, "ModifiedLa": "2005/07/27 11:49:01.000", "ModifiedBy": null, "pt_id": 47, "easting": 1102.0085, "northing": 991.0763, "elev": 18.9478, "smp_num": 321, "smp_code": "SMPCH05SR0321", "smp_type": "METALLURGICAL", "date_": "2005/07/08 00:00:00.000", "source": "08JULY05A", "comments": null, "sample_no": 321, "sample_cod": "SMPCH05SR0321", "descriptio": "Metallurgical sample", "date_1": "2005/07/08 00:00:00.000", "sample_typ": "Metallurgical", "cxt_cd": "CH05SR0460", "cxt_num": 460 }, "geometry": { "type": "Point", "coordinates": [ 1102.008529999999155, 991.076320000000123 ] } },
{ "type": "Feature", "properties": { "OBJECTID": 463, "Created": null, "ModifiedLa": "2005/07/31 15:52:57.000", "ModifiedBy": null, "pt_id": 1, "easting": 1088.1979, "northing": 998.3314, "elev": 19.1284, "smp_num": 438, "smp_code": "SMPCH05SR0438", "smp_type": "PALEOBOTANICAL", "date_": "2005/07/23 00:00:00.000", "source": "23JULY05B", "comments": null, "sample_no": 438, "sample_cod": "SMPCH05SR0438", "descriptio": "paleobotanical sample from room 31", "date_1": "2005/07/23 00:00:00.000", "sample_typ": "Palaeobotanical", "cxt_cd": "CH05SR0615", "cxt_num": 615 }, "geometry": { "type": "Point", "coordinates": [ 1088.197860000000219, 998.331379999999626 ] } },
{ "type": "Feature", "properties": { "OBJECTID": 464, "Created": null, "ModifiedLa": "2005/07/31 15:19:03.000", "ModifiedBy": null, "pt_id": 2, "easting": 1087.7711, "northing": 998.5911, "elev": 19.1661, "smp_num": 439, "smp_code": "SMPCH05SR0439", "smp_type": "PALEOBOTANICAL", "date_": "2005/07/23 00:00:00.000", "source": "23JULY05B", "comments": null, "sample_no": 439, "sample_cod": "SMPCH05SR0439", "descriptio": "paleobotanical sample from room 31", "date_1": "2005/07/23 00:00:00.000", "sample_typ": "Palaeobotanical", "cxt_cd": "CH05SR0615", "cxt_num": 615 }, "geometry": { "type": "Point", "coordinates": [ 1087.7711, 998.5910700000004 ] } },
{ "type": "Feature", "properties": { "OBJECTID": 465, "Created": null, "ModifiedLa": "2005/07/31 15:19:03.000", "ModifiedBy": null, "pt_id": 3, "easting": 1087.3254, "northing": 998.9961, "elev": 19.1918, "smp_num": 440, "smp_code": "SMPCH05SR0440", "smp_type": "PALEOBOTANICAL", "date_": "2005/07/23 00:00:00.000", "source": "23JULY05B", "comments": null, "sample_no": 440, "sample_cod": "SMPCH05SR0440", "descriptio": "paleobotanical sample from room 31", "date_1": "2005/07/23 00:00:00.000", "sample_typ": "Palaeobotanical", "cxt_cd": "CH05SR0615", "cxt_num": 615 }, "geometry": { "type": "Point", "coordinates": [ 1087.325349999999162, 998.996119999999792 ] } },
{ "type": "Feature", "properties": { "OBJECTID": 466, "Created": null, "ModifiedLa": "2005/07/31 15:52:57.000", "ModifiedBy": null, "pt_id": 4, "easting": 1088.7563, "northing": 998.7995, "elev": 19.0974, "smp_num": 441, "smp_code": "SMPCH05SR0441", "smp_type": "PALEOBOTANICAL", "date_": "2005/07/23 00:00:00.000", "source": "23JULY05B", "comments": null, "sample_no": 441, "sample_cod": "SMPCH05SR0441", "descriptio": "paleobotanical sample from room 31", "date_1": "2005/07/23 00:00:00.000", "sample_typ": "Palaeobotanical", "cxt_cd": "CH05SR0615", "cxt_num": 615 }, "geometry": { "type": "Point", "coordinates": [ 1088.756349999999657, 998.799460000000181 ] } },
{ "type": "Feature", "properties": { "OBJECTID": 467, "Created": null, "ModifiedLa": "2005/07/31 15:19:03.000", "ModifiedBy": null, "pt_id": 5, "easting": 1088.2265, "northing": 999.1125, "elev": 19.1297, "smp_num": 442, "smp_code": "SMPCH05SR0442", "smp_type": "PALEOBOTANICAL", "date_": "2005/07/23 00:00:00.000", "source": "23JULY05B", "comments": null, "sample_no": 442, "sample_cod": "SMPCH05SR0442", "descriptio": "paleobotanical sample room 31", "date_1": "2005/07/23 00:00:00.000", "sample_typ": "Palaeobotanical", "cxt_cd": "CH05SR0615", "cxt_num": 615 }, "geometry": { "type": "Point", "coordinates": [ 1088.226549999999406, 999.112489999999525 ] } },
{ "type": "Feature", "properties": { "OBJECTID": 468, "Created": null, "ModifiedLa": "2005/07/31 15:19:03.000", "ModifiedBy": null, "pt_id": 6, "easting": 1087.7231, "northing": 999.5356, "elev": 19.1756, "smp_num": 443, "smp_code": "SMPCH05SR0443", "smp_type": "PALEOBOTANICAL", "date_": "2005/07/23 00:00:00.000", "source": "23JULY05B", "comments": null, "sample_no": 443, "sample_cod": "SMPCH05SR0443", "descriptio": "paleobotanical sample in room 31", "date_1": "2005/07/23 00:00:00.000", "sample_typ": "Palaeobotanical", "cxt_cd": "CH05SR0615", "cxt_num": 615 }, "geometry": { "type": "Point", "coordinates": [ 1087.72307, 999.535579999999754 ] } },
{ "type": "Feature", "properties": { "OBJECTID": 469, "Created": null, "ModifiedLa": "2005/07/31 15:19:03.000", "ModifiedBy": null, "pt_id": 7, "easting": 1089.3418, "northing": 999.2561, "elev": 19.1059, "smp_num": 444, "smp_code": "SMPCH05SR0444", "smp_type": "PALEOBOTANICAL", "date_": "2005/07/23 00:00:00.000", "source": "23JULY05B", "comments": null, "sample_no": 444, "sample_cod": "SMPCH05SR0444", "descriptio": "paleobotanical sample from room 31", "date_1": "2005/07/23 00:00:00.000", "sample_typ": "Palaeobotanical", "cxt_cd": "CH05SR0615", "cxt_num": 615 }, "geometry": { "type": "Point", "coordinates": [ 1089.341800000000148, 999.256139999999505 ] } },
{ "type": "Feature", "properties": { "OBJECTID": 470, "Created": null, "ModifiedLa": "2005/07/31 15:19:03.000", "ModifiedBy": null, "pt_id": 8, "easting": 1088.9175, "northing": 999.8234, "elev": 19.0889, "smp_num": 445, "smp_code": "SMPCH05SR0445", "smp_type": "PALEOBOTANICAL", "date_": "2005/07/23 00:00:00.000", "source": "23JULY05B", "comments": null, "sample_no": 445, "sample_cod": "SMPCH05SR0445", "descriptio": "paleobotanical sample from room 31", "date_1": "2005/07/23 00:00:00.000", "sample_typ": "Palaeobotanical", "cxt_cd": "CH05SR0615", "cxt_num": 615 }, "geometry": { "type": "Point", "coordinates": [ 1088.917540000000372, 999.823379999999815 ] } },
{ "type": "Feature", "properties": { "OBJECTID": 471, "Created": null, "ModifiedLa": "2005/07/31 15:19:03.000", "ModifiedBy": null, "pt_id": 9, "easting": 1088.3492, "northing": 1000.168, "elev": 19.2022, "smp_num": 446, "smp_code": "SMPCH05SR0446", "smp_type": "PALEOBOTANICAL", "date_": "2005/07/23 00:00:00.000", "source": "23JULY05B", "comments": null, "sample_no": 446, "sample_cod": "SMPCH05SR0446", "descriptio": "paleobotanical sample from room 31", "date_1": "2005/07/23 00:00:00.000", "sample_typ": "Palaeobotanical", "cxt_cd": "CH05SR0615", "cxt_num": 615 }, "geometry": { "type": "Point", "coordinates": [ 1088.349249999999302, 1000.167980000000171 ] } },
{ "type": "Feature", "properties": { "OBJECTID": 472, "Created": null, "ModifiedLa": "2005/07/31 15:52:33.000", "ModifiedBy": null, "pt_id": 31, "easting": 1092.4451, "northing": 1004.1107, "elev": 18.4078, "smp_num": 448, "smp_code": "SMPCH05SR0448", "smp_type": "PALEOBOTANICAL", "date_": "2005/07/23 00:00:00.000", "source": "23JULY05B", "comments": null, "sample_no": 448, "sample_cod": "SMPCH05SR0448", "descriptio": "paleobotanical sample from pit in room 38", "date_1": "2005/07/23 00:00:00.000", "sample_typ": "Palaeobotanical", "cxt_cd": "CH05SR0621", "cxt_num": 621 }, "geometry": { "type": "Point", "coordinates": [ 1092.44513999999981, 1004.110730000000331 ] } },
{ "type": "Feature", "properties": { "OBJECTID": 473, "Created": null, "ModifiedLa": "2005/07/31 15:52:33.000", "ModifiedBy": null, "pt_id": 32, "easting": 1092.7973, "northing": 1003.8164, "elev": 18.359, "smp_num": 449, "smp_code": "SMPCH05SR0449", "smp_type": "PALEOBOTANICAL", "date_": "2005/07/23 00:00:00.000", "source": "23JULY05B", "comments": null, "sample_no": 449, "sample_cod": "SMPCH05SR0449", "descriptio": "paleobotanical sample from pit in room 38", "date_1": "2005/07/23 00:00:00.000", "sample_typ": "Palaeobotanical", "cxt_cd": "CH05SR0621", "cxt_num": 621 }, "geometry": { "type": "Point", "coordinates": [ 1092.79732999999942, 1003.816409999999451 ] } },
{ "type": "Feature", "properties": { "OBJECTID": 474, "Created": null, "ModifiedLa": "2005/07/31 15:52:33.000", "ModifiedBy": null, "pt_id": 33, "easting": 1091.91, "northing": 1002.6597, "elev": 18.214, "smp_num": 450, "smp_code": "SMPCH05SR0450", "smp_type": "PALEOBOTANICAL", "date_": "2005/07/23 00:00:00.000", "source": "23JULY05B", "comments": null, "sample_no": 450, "sample_cod": "SMPCH05SR0450", "descriptio": "paleobotanical sample from pit inroom 38", "date_1": "2005/07/23 00:00:00.000", "sample_typ": "Palaeobotanical", "cxt_cd": "CH05SR0621", "cxt_num": 621 }, "geometry": { "type": "Point", "coordinates": [ 1091.910029999999097, 1002.659669999999096 ] } },
{ "type": "Feature", "properties": { "OBJECTID": 475, "Created": null, "ModifiedLa": "2005/07/31 15:52:33.000", "ModifiedBy": null, "pt_id": 34, "easting": 1091.5678, "northing": 1002.9642, "elev": 18.2687, "smp_num": 451, "smp_code": "SMPCH05SR0451", "smp_type": "PALEOBOTANICAL", "date_": "2005/07/23 00:00:00.000", "source": "23JULY05B", "comments": null, "sample_no": 451, "sample_cod": "SMPCH05SR0451", "descriptio": "paleobotanical sample from pit in room 38", "date_1": "2005/07/23 00:00:00.000", "sample_typ": "Palaeobotanical", "cxt_cd": "CH05SR0621", "cxt_num": 621 }, "geometry": { "type": "Point", "coordinates": [ 1091.567820000000211, 1002.964239999999336 ] } },
{ "type": "Feature", "properties": { "OBJECTID": 476, "Created": null, "ModifiedLa": "2005/07/27 11:49:01.000", "ModifiedBy": null, "pt_id": 36, "easting": 1107.1457, "northing": 991.2505, "elev": 18.4863, "smp_num": 447, "smp_code": "SMPCH05SR0447", "smp_type": "ORGANIC", "date_": "2005/07/23 00:00:00.000", "source": "23JULY05B", "comments": null, "sample_no": 447, "sample_cod": "SMPCH05SR0447", "descriptio": "organic sample from room 33", "date_1": "2005/07/23 00:00:00.000", "sample_typ": "Organic Material", "cxt_cd": "CH05SR0519", "cxt_num": 519 }, "geometry": { "type": "Point", "coordinates": [ 1107.145679999999629, 991.250529999999344 ] } },
{ "type": "Feature", "properties": { "OBJECTID": 477, "Created": null, "ModifiedLa": "2005/07/31 15:52:33.000", "ModifiedBy": null, "pt_id": 50, "easting": 1094.9842, "northing": 1003.0075, "elev": 18.609, "smp_num": 459, "smp_code": "SMPCH05SR0459", "smp_type": "PALEOBOTANICAL", "date_": "2005/07/23 00:00:00.000", "source": "23JULY05B", "comments": null, "sample_no": 459, "sample_cod": "SMPCH05SR0459", "descriptio": "paleobotanical sample from room 38", "date_1": "2005/07/23 00:00:00.000", "sample_typ": "Palaeobotanical", "cxt_cd": "CH05SR0610", "cxt_num": 610 }, "geometry": { "type": "Point", "coordinates": [ 1094.98416, 1003.007499999999709 ] } },
{ "type": "Feature", "properties": { "OBJECTID": 478, "Created": null, "ModifiedLa": "2005/07/31 15:52:33.000", "ModifiedBy": null, "pt_id": 51, "easting": 1094.0882, "northing": 1002.3473, "elev": 18.6785, "smp_num": 457, "smp_code": "SMPCH05SR0457", "smp_type": "PALEOBOTANICAL", "date_": "2005/07/23 00:00:00.000", "source": "23JULY05B", "comments": null, "sample_no": 457, "sample_cod": "SMPCH05SR0457", "descriptio": "paleobotanical sample from room 38", "date_1": "2005/07/23 00:00:00.000", "sample_typ": "Palaeobotanical", "cxt_cd": "CH05SR0610", "cxt_num": 610 }, "geometry": { "type": "Point", "coordinates": [ 1094.088250000000698, 1002.34726000000046 ] } },
{ "type": "Feature", "properties": { "OBJECTID": 479, "Created": null, "ModifiedLa": "2005/07/31 15:52:33.000", "ModifiedBy": null, "pt_id": 52, "easting": 1093.3633, "northing": 1001.7911, "elev": 18.7762, "smp_num": 454, "smp_code": "SMPCH05SR0454", "smp_type": "PALEOBOTANICAL", "date_": "2005/07/23 00:00:00.000", "source": "23JULY05B", "comments": null, "sample_no": 454, "sample_cod": "SMPCH05SR0454", "descriptio": "paleobotanical sample from room 38", "date_1": "2005/07/23 00:00:00.000", "sample_typ": "Palaeobotanical", "cxt_cd": "CH05SR0610", "cxt_num": 610 }, "geometry": { "type": "Point", "coordinates": [ 1093.363279999999577, 1001.791110000000117 ] } },
{ "type": "Feature", "properties": { "OBJECTID": 480, "Created": null, "ModifiedLa": "2005/07/31 15:52:33.000", "ModifiedBy": null, "pt_id": 53, "easting": 1093.9492, "northing": 1000.603, "elev": 18.8011, "smp_num": 453, "smp_code": "SMPCH05SR0453", "smp_type": "PALEOBOTANICAL", "date_": "2005/07/23 00:00:00.000", "source": "23JULY05B", "comments": null, "sample_no": 453, "sample_cod": "SMPCH05SR0453", "descriptio": "palaebotanical sample from room 38", "date_1": "2005/07/23 00:00:00.000", "sample_typ": "Palaeobotanical", "cxt_cd": "CH05SR0610", "cxt_num": 610 }, "geometry": { "type": "Point", "coordinates": [ 1093.949179999999615, 1000.602960000000166 ] } },
{ "type": "Feature", "properties": { "OBJECTID": 481, "Created": null, "ModifiedLa": "2005/07/31 15:52:33.000", "ModifiedBy": null, "pt_id": 54, "easting": 1094.8996, "northing": 1001.5848, "elev": 18.6408, "smp_num": 456, "smp_code": "SMPCH05SR0456", "smp_type": "PALEOBOTANICAL", "date_": "2005/07/23 00:00:00.000", "source": "23JULY05B", "comments": null, "sample_no": 456, "sample_cod": "SMPCH05SR0456", "descriptio": "paleobotanical sample from room 38", "date_1": "2005/07/23 00:00:00.000", "sample_typ": "Palaeobotanical", "cxt_cd": "CH05SR0610", "cxt_num": 610 }, "geometry": { "type": "Point", "coordinates": [ 1094.899610000000393, 1001.58482 ] } },
{ "type": "Feature", "properties": { "OBJECTID": 482, "Created": null, "ModifiedLa": "2005/07/31 15:52:33.000", "ModifiedBy": null, "pt_id": 55, "easting": 1096.0093, "northing": 1002.3836, "elev": 18.7177, "smp_num": 458, "smp_code": "SMPCH05SR0458", "smp_type": "PALEOBOTANICAL", "date_": "2005/07/23 00:00:00.000", "source": "23JULY05B", "comments": null, "sample_no": 458, "sample_cod": "SMPCH05SR0458", "descriptio": "paleobotanical sample from room 38", "date_1": "2005/07/23 00:00:00.000", "sample_typ": "Palaeobotanical", "cxt_cd": "CH05SR0610", "cxt_num": 610 }, "geometry": { "type": "Point", "coordinates": [ 1096.009299999999712, 1002.38357 ] } },
{ "type": "Feature", "properties": { "OBJECTID": 483, "Created": null, "ModifiedLa": "2005/07/31 15:52:33.000", "ModifiedBy": null, "pt_id": 56, "easting": 1095.8838, "northing": 1000.8078, "elev": 18.7045, "smp_num": 455, "smp_code": "SMPCH05SR0455", "smp_type": "PALEOBOTANICAL", "date_": "2005/07/23 00:00:00.000", "source": "23JULY05B", "comments": null, "sample_no": 455, "sample_cod": "SMPCH05SR0455", "descriptio": "paleobotanical sample from room 38", "date_1": "2005/07/23 00:00:00.000", "sample_typ": "Palaeobotanical", "cxt_cd": "CH05SR0610", "cxt_num": 610 }, "geometry": { "type": "Point", "coordinates": [ 1095.883819999999105, 1000.807759999999689 ] } },
{ "type": "Feature", "properties": { "OBJECTID": 484, "Created": null, "ModifiedLa": "2005/07/31 15:52:33.000", "ModifiedBy": null, "pt_id": 57, "easting": 1094.9397, "northing": 1000.0135, "elev": 18.7846, "smp_num": 452, "smp_code": "SMPCH05SR0452", "smp_type": "PALEOBOTANICAL", "date_": "2005/07/23 00:00:00.000", "source": "23JULY05B", "comments": null, "sample_no": 452, "sample_cod": "SMPCH05SR0452", "descriptio": "paleobotanical sample from room 38", "date_1": "2005/07/23 00:00:00.000", "sample_typ": "Palaeobotanical", "cxt_cd": "CH05SR0610", "cxt_num": 610 }, "geometry": { "type": "Point", "coordinates": [ 1094.939689999999246, 1000.013499999999112 ] } },
{ "type": "Feature", "properties": { "OBJECTID": 485, "Created": null, "ModifiedLa": "2005/07/27 11:49:01.000", "ModifiedBy": null, "pt_id": 68, "easting": 1092.5144, "northing": 1004.091, "elev": 18.3832, "smp_num": 460, "smp_code": "SMPCH05SR0460", "smp_type": "CHARCOAL", "date_": "2005/07/23 00:00:00.000", "source": "23JULY05B", "comments": null, "sample_no": 460, "sample_cod": "SMPCH05SR0460", "descriptio": "charcoal sample from room 38", "date_1": "2005/07/25 00:00:00.000", "sample_typ": "Carbonised Wood", "cxt_cd": "CH05SR0621", "cxt_num": 621 }, "geometry": { "type": "Point", "coordinates": [ 1092.514359999999215, 1004.090990000000602 ] } },
{ "type": "Feature", "properties": { "OBJECTID": 486, "Created": null, "ModifiedLa": "2005/07/27 08:13:48.000", "ModifiedBy": null, "pt_id": 73, "easting": 1092.5886, "northing": 995.8285, "elev": 18.7982, "smp_num": 428, "smp_code": "SMPCH05SR0428", "smp_type": "CHARCOAL", "date_": "2005/07/23 00:00:00.000", "source": "23JULY05B", "comments": null, "sample_no": 428, "sample_cod": "SMPCH05SR0428", "descriptio": "Wood sample from room 30", "date_1": "2005/07/21 00:00:00.000", "sample_typ": "Carbonised Wood", "cxt_cd": "CH05SR0603", "cxt_num": 603 }, "geometry": { "type": "Point", "coordinates": [ 1092.58864, 995.82854000000043 ] } },
{ "type": "Feature", "properties": { "OBJECTID": 487, "Created": null, "ModifiedLa": "2005/07/30 11:09:46.000", "ModifiedBy": null, "pt_id": 296, "easting": 1092.7609, "northing": 998.4922, "elev": 18.7797, "smp_num": 510, "smp_code": "SMPCH05SR0510", "smp_type": "CHARCOAL", "date_": "2005/07/28 00:00:00.000", "source": "29JULY05B", "comments": null, "sample_no": 510, "sample_cod": "SMPCH05SR0510", "descriptio": "charcoal sample from room 31", "date_1": "2005/07/29 00:00:00.000", "sample_typ": "Carbonised Wood", "cxt_cd": "CH05SR0709", "cxt_num": 709 }, "geometry": { "type": "Point", "coordinates": [ 1092.760889999999563, 998.492239999999583 ] } },
{ "type": "Feature", "properties": { "OBJECTID": 488, "Created": null, "ModifiedLa": "2005/08/02 16:32:58.000", "ModifiedBy": null, "pt_id": 281, "easting": 1084.2532, "northing": 994.7531, "elev": 19.6818, "smp_num": 437, "smp_code": "SMPCH05SR0437", "smp_type": "ORGANIC", "date_": "2005/07/22 00:00:00.000", "source": "22JULY05A", "comments": null, "sample_no": 437, "sample_cod": "SMPCH05SR0437", "descriptio": "organic sample", "date_1": "2005/07/22 00:00:00.000", "sample_typ": "Organic Material", "cxt_cd": "CH05SR0619", "cxt_num": 619 }, "geometry": { "type": "Point", "coordinates": [ 1084.253160000000207, 994.753119999999399 ] } },
{ "type": "Feature", "properties": { "OBJECTID": 489, "Created": null, "ModifiedLa": "2005/07/31 15:31:51.000", "ModifiedBy": null, "pt_id": 24, "easting": 1106.9787, "northing": 991.6435, "elev": 18.0794, "smp_num": 461, "smp_code": "SMPCH05SR0461", "smp_type": "ORGANIC", "date_": "2005/07/24 00:00:00.000", "source": "25JULY05B", "comments": null, "sample_no": 461, "sample_cod": "SMPCH05SR0461", "descriptio": "organic sample from room 33", "date_1": "2005/07/25 00:00:00.000", "sample_typ": "Organic Material", "cxt_cd": "CH05SR0519", "cxt_num": 519 }, "geometry": { "type": "Point", "coordinates": [ 1106.978740000000471, 991.643509999999878 ] } },
{ "type": "Feature", "properties": { "OBJECTID": 490, "Created": null, "ModifiedLa": "2005/07/25 15:34:41.000", "ModifiedBy": null, "pt_id": 44, "easting": 1092.4828, "northing": 1004.3578, "elev": 18.3417, "smp_num": 462, "smp_code": "SMPCH05SR0462", "smp_type": "CHARCOAL", "date_": "2005/07/24 00:00:00.000", "source": "25JULY05B", "comments": null, "sample_no": 462, "sample_cod": "SMPCH05SR0462", "descriptio": "Charcoal sample from Room 38", "date_1": "2005/07/25 00:00:00.000", "sample_typ": "Carbonised Wood", "cxt_cd": "CH05SR0621", "cxt_num": 621 }, "geometry": { "type": "Point", "coordinates": [ 1092.482780000000275, 1004.357809999999517 ] } },
{ "type": "Feature", "properties": { "OBJECTID": 491, "Created": null, "ModifiedLa": "2005/07/25 15:49:14.000", "ModifiedBy": null, "pt_id": 34, "easting": 1107.1661, "northing": 993.1191, "elev": 17.9748, "smp_num": 463, "smp_code": "SMPCH05SR0463", "smp_type": "ORGANIC", "date_": "2005/07/25 00:00:00.000", "source": "25JULY05A", "comments": null, "sample_no": 463, "sample_cod": "SMPCH05SR0463", "descriptio": "organic sample from room 33", "date_1": "2005/07/25 00:00:00.000", "sample_typ": "Organic Material", "cxt_cd": "CH05SR0519", "cxt_num": 519 }, "geometry": { "type": "Point", "coordinates": [ 1107.166129999999612, 993.119099999999889 ] } },
{ "type": "Feature", "properties": { "OBJECTID": 569, "Created": "2006/07/27 10:49:27.000", "ModifiedLa": "2006/07/27 10:50:26.000", "ModifiedBy": null, "pt_id": 1064, "easting": 1094.2184, "northing": 1002.4034, "elev": 16.4135, "smp_num": 650, "smp_code": "SMPCH06SR0650", "smp_type": "PALEOBOTANICAL", "date_": "2006/07/07 00:00:00.000", "source": "SH CXT 821", "comments": "Point taken from a SH from CXT 821", "sample_no": 650, "sample_cod": "SMPCH06SR0650", "descriptio": "Palaeobotanical sample, Room 38, SE portion", "date_1": "2006/07/16 00:00:00.000", "sample_typ": "Palaeobotanical", "cxt_cd": "CH06SR0821", "cxt_num": 821 }, "geometry": { "type": "Point", "coordinates": [ 1094.218430000000808, 1002.403430000000299 ] } },
{ "type": "Feature", "properties": { "OBJECTID": 570, "Created": null, "ModifiedLa": "2007/07/13 09:48:02.000", "ModifiedBy": null, "pt_id": 1011, "easting": 1093.8255, "northing": 985.6891, "elev": 20.0932, "smp_num": 612, "smp_code": "SMPCH06SR0612", "smp_type": "METALLURGICAL", "date_": "2006/07/12 00:00:00.000", "source": "12JUL06A", "comments": null, "sample_no": 612, "sample_cod": "SMPCH06SR0612", "descriptio": "Metallurgical sample, courtyard, 3rd section", "date_1": "2006/07/12 00:00:00.000", "sample_typ": "Metallurgical", "cxt_cd": "CH06SR0509", "cxt_num": 509 }, "geometry": { "type": "Point", "coordinates": [ 1093.825500000000829, 985.689050000000861 ] } },
{ "type": "Feature", "properties": { "OBJECTID": 571, "Created": null, "ModifiedLa": "2007/07/13 09:48:02.000", "ModifiedBy": null, "pt_id": 1012, "easting": 1094.1457, "northing": 986.0751, "elev": 20.0697, "smp_num": 613, "smp_code": "SMPCH06SR0613", "smp_type": "METALLURGICAL", "date_": "2006/07/12 00:00:00.000", "source": "12JUL06A", "comments": null, "sample_no": 613, "sample_cod": "SMPCH06SR0613", "descriptio": "Metallurgical sample, courtyard, 3rd section", "date_1": "2006/07/12 00:00:00.000", "sample_typ": "Metallurgical", "cxt_cd": "CH06SR0509", "cxt_num": 509 }, "geometry": { "type": "Point", "coordinates": [ 1094.145689999999377, 986.075080000000526 ] } },
{ "type": "Feature", "properties": { "OBJECTID": 572, "Created": null, "ModifiedLa": "2007/07/13 09:48:02.000", "ModifiedBy": null, "pt_id": 1013, "easting": 1094.4682, "northing": 986.4451, "elev": 20.0386, "smp_num": 614, "smp_code": "SMPCH06SR0614", "smp_type": "METALLURGICAL", "date_": "2006/07/12 00:00:00.000", "source": "12JUL06A", "comments": null, "sample_no": 614, "sample_cod": "SMPCH06SR0614", "descriptio": "Metallurgical sample, courtyard, 3rd section", "date_1": "2006/07/12 00:00:00.000", "sample_typ": "Metallurgical", "cxt_cd": "CH06SR0509", "cxt_num": 509 }, "geometry": { "type": "Point", "coordinates": [ 1094.468220000000656, 986.44506999999976 ] } },
{ "type": "Feature", "properties": { "OBJECTID": 573, "Created": null, "ModifiedLa": "2007/07/13 09:48:02.000", "ModifiedBy": null, "pt_id": 1014, "easting": 1094.8048, "northing": 986.8221, "elev": 20.0402, "smp_num": 615, "smp_code": "SMPCH06SR0615", "smp_type": "METALLURGICAL", "date_": "2006/07/12 00:00:00.000", "source": "12JUL06A", "comments": null, "sample_no": 615, "sample_cod": "SMPCH06SR0615", "descriptio": "Metallurgical sample, courtyard, 3rd section", "date_1": "2006/07/12 00:00:00.000", "sample_typ": "Metallurgical", "cxt_cd": "CH06SR0509", "cxt_num": 509 }, "geometry": { "type": "Point", "coordinates": [ 1094.804799999999886, 986.82206000000042 ] } },
{ "type": "Feature", "properties": { "OBJECTID": 574, "Created": null, "ModifiedLa": "2007/07/13 09:48:02.000", "ModifiedBy": null, "pt_id": 1015, "easting": 1092.7372, "northing": 985.2328, "elev": 20.1316, "smp_num": 616, "smp_code": "SMPCH06SR0616", "smp_type": "METALLURGICAL", "date_": "2006/07/12 00:00:00.000", "source": "12JUL06A", "comments": null, "sample_no": 616, "sample_cod": "SMPCH06SR0616", "descriptio": "Metallurgical sample, courtyard, 3rd section", "date_1": "2006/07/12 00:00:00.000", "sample_typ": "Metallurgical", "cxt_cd": "CH06SR0509", "cxt_num": 509 }, "geometry": { "type": "Point", "coordinates": [ 1092.737240000000384, 985.232780000000275 ] } },
{ "type": "Feature", "properties": { "OBJECTID": 575, "Created": null, "ModifiedLa": "2007/07/13 09:48:02.000", "ModifiedBy": null, "pt_id": 1016, "easting": 1093.0686, "northing": 985.622, "elev": 20.1156, "smp_num": 617, "smp_code": "SMPCH06SR0617", "smp_type": "METALLURGICAL", "date_": "2006/07/12 00:00:00.000", "source": "12JUL06A", "comments": null, "sample_no": 617, "sample_cod": "SMPCH06SR0617", "descriptio": "Metallurgical sample, courtyard, 3rd section", "date_1": "2006/07/12 00:00:00.000", "sample_typ": "Metallurgical", "cxt_cd": "CH06SR0509", "cxt_num": 509 }, "geometry": { "type": "Point", "coordinates": [ 1093.068639999999505, 985.622009999999136 ] } },
{ "type": "Feature", "properties": { "OBJECTID": 576, "Created": null, "ModifiedLa": "2007/07/13 09:48:02.000", "ModifiedBy": null, "pt_id": 1017, "easting": 1093.402, "northing": 985.9785, "elev": 20.1117, "smp_num": 618, "smp_code": "SMPCH06SR0618", "smp_type": "METALLURGICAL", "date_": "2006/07/12 00:00:00.000", "source": "12JUL06A", "comments": null, "sample_no": 618, "sample_cod": "SMPCH06SR0618", "descriptio": "Metallurgical sample, courtyard, 3rd section", "date_1": "2006/07/12 00:00:00.000", "sample_typ": "Metallurgical", "cxt_cd": "CH06SR0509", "cxt_num": 509 }, "geometry": { "type": "Point", "coordinates": [ 1093.401990000000296, 985.978499999999258 ] } },
{ "type": "Feature", "properties": { "OBJECTID": 577, "Created": null, "ModifiedLa": "2007/07/13 09:48:02.000", "ModifiedBy": null, "pt_id": 1018, "easting": 1093.7455, "northing": 986.3567, "elev": 20.0989, "smp_num": 619, "smp_code": "SMPCH06SR0619", "smp_type": "METALLURGICAL", "date_": "2006/07/12 00:00:00.000", "source": "12JUL06A", "comments": null, "sample_no": 619, "sample_cod": "SMPCH06SR0619", "descriptio": "Metallurgical sample, courtyard, 3rd section", "date_1": "2006/07/12 00:00:00.000", "sample_typ": "Metallurgical", "cxt_cd": "CH06SR0509", "cxt_num": 509 }, "geometry": { "type": "Point", "coordinates": [ 1093.74551000000065, 986.356680000000779 ] } },
{ "type": "Feature", "properties": { "OBJECTID": 578, "Created": null, "ModifiedLa": "2007/07/13 09:48:02.000", "ModifiedBy": null, "pt_id": 1019, "easting": 1094.0753, "northing": 986.7278, "elev": 20.0484, "smp_num": 620, "smp_code": "SMPCH06SR0620", "smp_type": "METALLURGICAL", "date_": "2006/07/12 00:00:00.000", "source": "12JUL06A", "comments": null, "sample_no": 620, "sample_cod": "SMPCH06SR0620", "descriptio": "Metallurgical sample, courtyard, 3rd section", "date_1": "2006/07/12 00:00:00.000", "sample_typ": "Metallurgical", "cxt_cd": "CH06SR0509", "cxt_num": 509 }, "geometry": { "type": "Point", "coordinates": [ 1094.075269999999364, 986.72783999999956 ] } },
{ "type": "Feature", "properties": { "OBJECTID": 579, "Created": null, "ModifiedLa": "2007/07/13 09:48:02.000", "ModifiedBy": null, "pt_id": 1020, "easting": 1094.3943, "northing": 987.0796, "elev": 20.0569, "smp_num": 621, "smp_code": "SMPCH06SR0621", "smp_type": "METALLURGICAL", "date_": "2006/07/12 00:00:00.000", "source": "12JUL06A", "comments": null, "sample_no": 621, "sample_cod": "SMPCH06SR0621", "descriptio": "Metallurgical sample, courtyard, 3rd section", "date_1": "2006/07/12 00:00:00.000", "sample_typ": "Metallurgical", "cxt_cd": "CH06SR0509", "cxt_num": 509 }, "geometry": { "type": "Point", "coordinates": [ 1094.394280000000435, 987.079620000000432 ] } },
{ "type": "Feature", "properties": { "OBJECTID": 580, "Created": null, "ModifiedLa": "2007/07/13 09:48:02.000", "ModifiedBy": null, "pt_id": 1021, "easting": 1092.6389, "northing": 985.8621, "elev": 20.1203, "smp_num": 622, "smp_code": "SMPCH06SR0622", "smp_type": "METALLURGICAL", "date_": "2006/07/12 00:00:00.000", "source": "12JUL06A", "comments": null, "sample_no": 622, "sample_cod": "SMPCH06SR0622", "descriptio": "Metallurgical sample, courtyard, 3rd section", "date_1": "2006/07/12 00:00:00.000", "sample_typ": "Metallurgical", "cxt_cd": "CH06SR0509", "cxt_num": 509 }, "geometry": { "type": "Point", "coordinates": [ 1092.638859999999113, 985.862069999999221 ] } },
{ "type": "Feature", "properties": { "OBJECTID": 581, "Created": null, "ModifiedLa": "2007/07/13 09:48:02.000", "ModifiedBy": null, "pt_id": 1022, "easting": 1092.9869, "northing": 986.2781, "elev": 20.1229, "smp_num": 623, "smp_code": "SMPCH06SR0623", "smp_type": "METALLURGICAL", "date_": "2006/07/12 00:00:00.000", "source": "12JUL06A", "comments": null, "sample_no": 623, "sample_cod": "SMPCH06SR0623", "descriptio": "Metallurgical sample, courtyard, 3rd section", "date_1": "2006/07/12 00:00:00.000", "sample_typ": "Metallurgical", "cxt_cd": "CH06SR0509", "cxt_num": 509 }, "geometry": { "type": "Point", "coordinates": [ 1092.986919999999373, 986.278060000000551 ] } },
{ "type": "Feature", "properties": { "OBJECTID": 582, "Created": null, "ModifiedLa": "2007/07/13 09:48:02.000", "ModifiedBy": null, "pt_id": 1023, "easting": 1093.3196, "northing": 986.6415, "elev": 20.1236, "smp_num": 624, "smp_code": "SMPCH06SR0624", "smp_type": "METALLURGICAL", "date_": "2006/07/12 00:00:00.000", "source": "12JUL06A", "comments": null, "sample_no": 624, "sample_cod": "SMPCH06SR0624", "descriptio": "Metallurgical sample, courtyard, 3rd section", "date_1": "2006/07/12 00:00:00.000", "sample_typ": "Metallurgical", "cxt_cd": "CH06SR0509", "cxt_num": 509 }, "geometry": { "type": "Point", "coordinates": [ 1093.319589999999152, 986.641460000000734 ] } },
{ "type": "Feature", "properties": { "OBJECTID": 583, "Created": null, "ModifiedLa": "2007/07/13 09:48:02.000", "ModifiedBy": null, "pt_id": 1024, "easting": 1093.6206, "northing": 987.0253, "elev": 20.0842, "smp_num": 625, "smp_code": "SMPCH06SR0625", "smp_type": "METALLURGICAL", "date_": "2006/07/12 00:00:00.000", "source": "12JUL06A", "comments": null, "sample_no": 625, "sample_cod": "SMPCH06SR0625", "descriptio": "Metallurgical sample, courtyard, 3rd section", "date_1": "2006/07/12 00:00:00.000", "sample_typ": "Metallurgical", "cxt_cd": "CH06SR0509", "cxt_num": 509 }, "geometry": { "type": "Point", "coordinates": [ 1093.620650000000751, 987.02527 ] } },
{ "type": "Feature", "properties": { "OBJECTID": 584, "Created": null, "ModifiedLa": "2007/07/13 09:48:02.000", "ModifiedBy": null, "pt_id": 1025, "easting": 1093.9535, "northing": 987.3977, "elev": 20.0691, "smp_num": 626, "smp_code": "SMPCH06SR0626", "smp_type": "METALLURGICAL", "date_": "2006/07/12 00:00:00.000", "source": "12JUL06A", "comments": null, "sample_no": 626, "sample_cod": "SMPCH06SR0626", "descriptio": "Metallurgical sample, courtyard, 3rd section", "date_1": "2006/07/12 00:00:00.000", "sample_typ": "Metallurgical", "cxt_cd": "CH06SR0509", "cxt_num": 509 }, "geometry": { "type": "Point", "coordinates": [ 1093.953530000000683, 987.397699999999531 ] } },
{ "type": "Feature", "properties": { "OBJECTID": 585, "Created": null, "ModifiedLa": "2007/07/13 09:48:02.000", "ModifiedBy": null, "pt_id": 1026, "easting": 1091.6467, "northing": 985.4452, "elev": 20.1678, "smp_num": 627, "smp_code": "SMPCH06SR0627", "smp_type": "METALLURGICAL", "date_": "2006/07/12 00:00:00.000", "source": "12JUL06A", "comments": null, "sample_no": 627, "sample_cod": "SMPCH06SR0627", "descriptio": "Metallurgical sample, courtyard, 3rd section", "date_1": "2006/07/12 00:00:00.000", "sample_typ": "Metallurgical", "cxt_cd": "CH06SR0509", "cxt_num": 509 }, "geometry": { "type": "Point", "coordinates": [ 1091.646740000000136, 985.445209999999861 ] } },
{ "type": "Feature", "properties": { "OBJECTID": 586, "Created": null, "ModifiedLa": "2007/07/13 09:48:02.000", "ModifiedBy": null, "pt_id": 1027, "easting": 1091.9541, "northing": 985.8286, "elev": 20.1321, "smp_num": 628, "smp_code": "SMPCH06SR0628", "smp_type": "METALLURGICAL", "date_": "2006/07/12 00:00:00.000", "source": "12JUL06A", "comments": null, "sample_no": 628, "sample_cod": "SMPCH06SR0628", "descriptio": "Metallurgical sample, courtyard, 3rd section", "date_1": "2006/07/12 00:00:00.000", "sample_typ": "Metallurgical", "cxt_cd": "CH06SR0509", "cxt_num": 509 }, "geometry": { "type": "Point", "coordinates": [ 1091.95413, 985.828639999999723 ] } },
{ "type": "Feature", "properties": { "OBJECTID": 587, "Created": null, "ModifiedLa": "2007/07/13 09:48:02.000", "ModifiedBy": null, "pt_id": 1028, "easting": 1092.287, "northing": 986.2116, "elev": 20.1219, "smp_num": 629, "smp_code": "SMPCH06SR0629", "smp_type": "METALLURGICAL", "date_": "2006/07/12 00:00:00.000", "source": "12JUL06A", "comments": null, "sample_no": 629, "sample_cod": "SMPCH06SR0629", "descriptio": "Metallurgical sample, courtyard, 3rd section", "date_1": "2006/07/12 00:00:00.000", "sample_typ": "Metallurgical", "cxt_cd": "CH06SR0509", "cxt_num": 509 }, "geometry": { "type": "Point", "coordinates": [ 1092.287029999999504, 986.211649999999281 ] } },
{ "type": "Feature", "properties": { "OBJECTID": 588, "Created": null, "ModifiedLa": "2007/07/13 09:48:02.000", "ModifiedBy": null, "pt_id": 1029, "easting": 1092.6101, "northing": 986.5958, "elev": 20.1261, "smp_num": 630, "smp_code": "SMPCH06SR0630", "smp_type": "METALLURGICAL", "date_": "2006/07/12 00:00:00.000", "source": "12JUL06A", "comments": null, "sample_no": 630, "sample_cod": "SMPCH06SR0630", "descriptio": "Metallurgical sample, courtyard, 3rd section", "date_1": "2006/07/12 00:00:00.000", "sample_typ": "Metallurgical", "cxt_cd": "CH06SR0509", "cxt_num": 509 }, "geometry": { "type": "Point", "coordinates": [ 1092.610099999999875, 986.59577 ] } },
{ "type": "Feature", "properties": { "OBJECTID": 589, "Created": null, "ModifiedLa": "2007/07/13 09:48:02.000", "ModifiedBy": null, "pt_id": 1030, "easting": 1092.9458, "northing": 986.9777, "elev": 20.1105, "smp_num": 631, "smp_code": "SMPCH06SR0631", "smp_type": "METALLURGICAL", "date_": "2006/07/12 00:00:00.000", "source": "12JUL06A", "comments": null, "sample_no": 631, "sample_cod": "SMPCH06SR0631", "descriptio": "Metallurgical sample, courtyard, 3rd section", "date_1": "2006/07/12 00:00:00.000", "sample_typ": "Metallurgical", "cxt_cd": "CH06SR0509", "cxt_num": 509 }, "geometry": { "type": "Point", "coordinates": [ 1092.945799999999508, 986.977740000000267 ] } },
{ "type": "Feature", "properties": { "OBJECTID": 590, "Created": null, "ModifiedLa": "2007/07/13 09:48:02.000", "ModifiedBy": null, "pt_id": 1031, "easting": 1093.26, "northing": 987.3386, "elev": 20.0983, "smp_num": 632, "smp_code": "SMPCH06SR0632", "smp_type": "METALLURGICAL", "date_": "2006/07/12 00:00:00.000", "source": "12JUL06A", "comments": null, "sample_no": 632, "sample_cod": "SMPCH06SR0632", "descriptio": "Metallurgical sample, courtyard, 3rd section", "date_1": "2006/07/12 00:00:00.000", "sample_typ": "Metallurgical", "cxt_cd": "CH06SR0509", "cxt_num": 509 }, "geometry": { "type": "Point", "coordinates": [ 1093.259990000000471, 987.338569999999891 ] } },
{ "type": "Feature", "properties": { "OBJECTID": 591, "Created": null, "ModifiedLa": "2007/07/13 09:48:02.000", "ModifiedBy": null, "pt_id": 1032, "easting": 1093.5971, "northing": 987.7312, "elev": 20.062, "smp_num": 633, "smp_code": "SMPCH06SR0633", "smp_type": "METALLURGICAL", "date_": "2006/07/12 00:00:00.000", "source": "12JUL06A", "comments": null, "sample_no": 633, "sample_cod": "SMPCH06SR0633", "descriptio": "Metallurgical sample, courtyard, 3rd section", "date_1": "2006/07/12 00:00:00.000", "sample_typ": "Metallurgical", "cxt_cd": "CH06SR0509", "cxt_num": 509 }, "geometry": { "type": "Point", "coordinates": [ 1093.597139999999854, 987.731239999999161 ] } },
{ "type": "Feature", "properties": { "OBJECTID": 592, "Created": null, "ModifiedLa": "2006/07/15 15:57:26.000", "ModifiedBy": null, "pt_id": 1022, "easting": 1088.5735, "northing": 998.4615, "elev": 17.7164, "smp_num": 638, "smp_code": "SMPCH06SR0638", "smp_type": "PALEOBOTANICAL", "date_": "2006/07/15 00:00:00.000", "source": "15JUL06B", "comments": null, "sample_no": 638, "sample_cod": "SMPCH06SR0638", "descriptio": "Room 31, West Wing", "date_1": "2006/07/15 00:00:00.000", "sample_typ": "Palaeobotanical", "cxt_cd": "CH06SR0867", "cxt_num": 867 }, "geometry": { "type": "Point", "coordinates": [ 1088.573500000000422, 998.46150999999918 ] } },
{ "type": "Feature", "properties": { "OBJECTID": 593, "Created": null, "ModifiedLa": "2006/07/15 15:57:26.000", "ModifiedBy": null, "pt_id": 1023, "easting": 1089.3177, "northing": 999.0515, "elev": 17.7199, "smp_num": 639, "smp_code": "SMPCH06SR0639", "smp_type": "PALEOBOTANICAL", "date_": "2006/07/15 00:00:00.000", "source": "15JUL06B", "comments": null, "sample_no": 639, "sample_cod": "SMPCH06SR0639", "descriptio": "Room 31, W. Wing", "date_1": "2006/07/15 00:00:00.000", "sample_typ": "Palaeobotanical", "cxt_cd": "CH06SR0867", "cxt_num": 867 }, "geometry": { "type": "Point", "coordinates": [ 1089.317689999999857, 999.051509999999325 ] } },
{ "type": "Feature", "properties": { "OBJECTID": 594, "Created": null, "ModifiedLa": "2006/07/15 15:57:26.000", "ModifiedBy": null, "pt_id": 1024, "easting": 1089.818, "northing": 999.9357, "elev": 17.7365, "smp_num": 640, "smp_code": "SMPCH06SR0640", "smp_type": "PALEOBOTANICAL", "date_": "2006/07/15 00:00:00.000", "source": "15JUL06B", "comments": null, "sample_no": 640, "sample_cod": "SMPCH06SR0640", "descriptio": "Room 31, W. Wing", "date_1": "2006/07/15 00:00:00.000", "sample_typ": "Palaeobotanical", "cxt_cd": "CH06SR0867", "cxt_num": 867 }, "geometry": { "type": "Point", "coordinates": [ 1089.817960000000312, 999.935719999999492 ] } },
{ "type": "Feature", "properties": { "OBJECTID": 595, "Created": null, "ModifiedLa": "2006/07/15 15:57:26.000", "ModifiedBy": null, "pt_id": 1033, "easting": 1088.5833, "northing": 998.4571, "elev": 17.6912, "smp_num": 641, "smp_code": "SMPCH06SR0641", "smp_type": "PALEOBOTANICAL", "date_": "2006/07/15 00:00:00.000", "source": "15JUL06B", "comments": null, "sample_no": 641, "sample_cod": "SMPCH06SR0641", "descriptio": "Room 31, W. Wing", "date_1": "2006/07/15 00:00:00.000", "sample_typ": "Palaeobotanical", "cxt_cd": "CH06SR0867", "cxt_num": 867 }, "geometry": { "type": "Point", "coordinates": [ 1088.583259999999427, 998.457070000000385 ] } },
{ "type": "Feature", "properties": { "OBJECTID": 596, "Created": null, "ModifiedLa": "2006/07/15 15:57:26.000", "ModifiedBy": null, "pt_id": 1055, "easting": 1092.8409, "northing": 1004.4353, "elev": 17.9549, "smp_num": 643, "smp_code": "SMPCH06SR0643", "smp_type": "CHARCOAL", "date_": "2006/07/15 00:00:00.000", "source": "15JUL06B", "comments": null, "sample_no": 643, "sample_cod": "SMPCH06SR0643", "descriptio": "Charcoal, Room 38", "date_1": "2006/07/15 00:00:00.000", "sample_typ": "Carbonised Wood", "cxt_cd": "CH06SR0840", "cxt_num": 840 }, "geometry": { "type": "Point", "coordinates": [ 1092.840899999999237, 1004.435320000000502 ] } },
{ "type": "Feature", "properties": { "OBJECTID": 597, "Created": null, "ModifiedLa": "2006/07/15 15:57:26.000", "ModifiedBy": null, "pt_id": 1065, "easting": 1092.1528, "northing": 987.6979, "elev": 19.9351, "smp_num": 644, "smp_code": "SMPCH06SR0644", "smp_type": "METALLURGICAL", "date_": "2006/07/15 00:00:00.000", "source": "15JUL06B", "comments": null, "sample_no": 644, "sample_cod": "SMPCH06SR0644", "descriptio": "Metallurgical sample, area 3, Courtyard", "date_1": "2006/07/15 00:00:00.000", "sample_typ": "Metallurgical", "cxt_cd": "CH06SR0509", "cxt_num": 509 }, "geometry": { "type": "Point", "coordinates": [ 1092.152760000000853, 987.697860000000219 ] } },
{ "type": "Feature", "properties": { "OBJECTID": 598, "Created": null, "ModifiedLa": "2006/07/16 14:37:33.000", "ModifiedBy": null, "pt_id": 1000, "easting": 1091.9505, "northing": 998.5844, "elev": 18.2225, "smp_num": 647, "smp_code": "SMPCH06SR0647", "smp_type": "ARCHITECTURAL", "date_": "2006/07/16 00:00:00.000", "source": "16JUL06B", "comments": null, "sample_no": 647, "sample_cod": "SMPCH06SR0647", "descriptio": "Architectural sample, Room 31, East wing", "date_1": "2006/07/16 00:00:00.000", "sample_typ": "Architectural Sample", "cxt_cd": "CH06SR0843", "cxt_num": 843 }, "geometry": { "type": "Point", "coordinates": [ 1091.950469999999768, 998.584430000000793 ] } },
{ "type": "Feature", "properties": { "OBJECTID": 599, "Created": null, "ModifiedLa": "2006/07/16 14:37:33.000", "ModifiedBy": null, "pt_id": 1002, "easting": 1092.1164, "northing": 998.5875, "elev": 18.1884, "smp_num": 649, "smp_code": "SMPCH06SR0649", "smp_type": "PALEOBOTANICAL", "date_": "2006/07/16 00:00:00.000", "source": "16JUL06B", "comments": null, "sample_no": 649, "sample_cod": "SMPCH06SR0649", "descriptio": "Palaeobotanical sample, Room 31, East Wing", "date_1": "2006/07/16 00:00:00.000", "sample_typ": "Palaeobotanical", "cxt_cd": "CH06SR0843", "cxt_num": 843 }, "geometry": { "type": "Point", "coordinates": [ 1092.11643, 998.587489999999889 ] } },
{ "type": "Feature", "properties": { "OBJECTID": 600, "Created": null, "ModifiedLa": "2006/07/16 14:37:33.000", "ModifiedBy": null, "pt_id": 1003, "easting": 1092.3841, "northing": 998.0031, "elev": 18.1033, "smp_num": 648, "smp_code": "SMPCH06SR0648", "smp_type": "ARCHITECTURAL", "date_": "2006/07/16 00:00:00.000", "source": "16JUL06B", "comments": null, "sample_no": 648, "sample_cod": "SMPCH06SR0648", "descriptio": "Architectural sample, Room 31, East Wing", "date_1": "2006/07/16 00:00:00.000", "sample_typ": "Architectural Sample", "cxt_cd": "CH06SR0849", "cxt_num": 849 }, "geometry": { "type": "Point", "coordinates": [ 1092.384130000000368, 998.003119999999399 ] } },
{ "type": "Feature", "properties": { "OBJECTID": 601, "Created": null, "ModifiedLa": "2006/07/16 14:37:33.000", "ModifiedBy": null, "pt_id": 1005, "easting": 1093.9671, "northing": 1001.8929, "elev": 16.7629, "smp_num": 646, "smp_code": "SMPCH06SR0646", "smp_type": "PALEOBOTANICAL", "date_": "2006/07/16 00:00:00.000", "source": "16JUL06B", "comments": null, "sample_no": 646, "sample_cod": "SMPCH06SR0646", "descriptio": "Palaeobotanical sample", "date_1": "2006/07/16 00:00:00.000", "sample_typ": "Palaeobotanical", "cxt_cd": "CH06SR0871", "cxt_num": 871 }, "geometry": { "type": "Point", "coordinates": [ 1093.96709, 1001.89286 ] } },
{ "type": "Feature", "properties": { "OBJECTID": 602, "Created": null, "ModifiedLa": "2006/07/16 14:37:33.000", "ModifiedBy": null, "pt_id": 1006, "easting": 1094.4959, "northing": 1002.3764, "elev": 16.7302, "smp_num": 645, "smp_code": "SMPCH06SR0645", "smp_type": "PALEOBOTANICAL", "date_": "2006/07/16 00:00:00.000", "source": "16JUL06B", "comments": null, "sample_no": 645, "sample_cod": "SMPCH06SR0645", "descriptio": "Palaeobotanical Sample", "date_1": "2006/07/16 00:00:00.000", "sample_typ": "Palaeobotanical", "cxt_cd": "CH06SR0871", "cxt_num": 871 }, "geometry": { "type": "Point", "coordinates": [ 1094.495929999999134, 1002.376399999999194 ] } },
{ "type": "Feature", "properties": { "OBJECTID": 603, "Created": null, "ModifiedLa": "2006/07/16 14:37:33.000", "ModifiedBy": null, "pt_id": 1054, "easting": 1092.8874, "northing": 997.6698, "elev": 17.957, "smp_num": 652, "smp_code": "SMPCH06SR0652", "smp_type": "PALEOBOTANICAL", "date_": "2006/07/16 00:00:00.000", "source": "16JUL06B", "comments": null, "sample_no": 652, "sample_cod": "SMPCH06SR0652", "descriptio": "Palaeobotanical sample, Room 31, East Wing", "date_1": "2006/07/16 00:00:00.000", "sample_typ": "Palaeobotanical", "cxt_cd": "CH06SR0872", "cxt_num": 872 }, "geometry": { "type": "Point", "coordinates": [ 1092.887419999999111, 997.669749999999112 ] } },
{ "type": "Feature", "properties": { "OBJECTID": 604, "Created": null, "ModifiedLa": "2006/07/16 14:37:33.000", "ModifiedBy": null, "pt_id": 1059, "easting": 1092.4522, "northing": 997.9561, "elev": 17.9078, "smp_num": 653, "smp_code": "SMPCH06SR0653", "smp_type": "METALLURGICAL", "date_": "2006/07/16 00:00:00.000", "source": "16JUL06B", "comments": null, "sample_no": 653, "sample_cod": "SMPCH06SR0653", "descriptio": "Metallurgical sample, Room 31, East Wing", "date_1": "2006/07/16 00:00:00.000", "sample_typ": "Metallurgical", "cxt_cd": "CH06SR0872", "cxt_num": 872 }, "geometry": { "type": "Point", "coordinates": [ 1092.452209999999468, 997.95615 ] } },
{ "type": "Feature", "properties": { "OBJECTID": 605, "Created": null, "ModifiedLa": "2006/07/17 15:00:38.000", "ModifiedBy": null, "pt_id": 1025, "easting": 1093.3855, "northing": 985.0864, "elev": 19.9748, "smp_num": 655, "smp_code": "SMPCH06SR0655", "smp_type": "METALLURGICAL", "date_": "2006/07/17 00:00:00.000", "source": "17JUL06B", "comments": null, "sample_no": 655, "sample_cod": "SMPCH06SR0655", "descriptio": "Metallurgical sample from courtyard, 3rd section", "date_1": "2006/07/17 00:00:00.000", "sample_typ": "Metallurgical", "cxt_cd": "CH06SR0884", "cxt_num": 884 }, "geometry": { "type": "Point", "coordinates": [ 1093.385519999999815, 985.086359999999331 ] } },
{ "type": "Feature", "properties": { "OBJECTID": 606, "Created": null, "ModifiedLa": "2006/07/17 15:00:38.000", "ModifiedBy": null, "pt_id": 1026, "easting": 1093.7259, "northing": 985.4561, "elev": 19.9674, "smp_num": 656, "smp_code": "SMPCH06SR0656", "smp_type": "METALLURGICAL", "date_": "2006/07/17 00:00:00.000", "source": "17JUL06B", "comments": null, "sample_no": 656, "sample_cod": "SMPCH06SR0656", "descriptio": "Metallurgical sample from courtyard, 3rd section", "date_1": "2006/07/17 00:00:00.000", "sample_typ": "Metallurgical", "cxt_cd": "CH06SR0884", "cxt_num": 884 }, "geometry": { "type": "Point", "coordinates": [ 1093.725860000000466, 985.456140000000232 ] } },
{ "type": "Feature", "properties": { "OBJECTID": 607, "Created": null, "ModifiedLa": "2006/07/17 15:00:38.000", "ModifiedBy": null, "pt_id": 1027, "easting": 1094.0392, "northing": 985.819, "elev": 19.9584, "smp_num": 657, "smp_code": "SMPCH06SR0657", "smp_type": "METALLURGICAL", "date_": "2006/07/17 00:00:00.000", "source": "17JUL06B", "comments": null, "sample_no": 657, "sample_cod": "SMPCH06SR0657", "descriptio": "Metallurgical sample from courtyard, 3rd section", "date_1": "2006/07/17 00:00:00.000", "sample_typ": "Metallurgical", "cxt_cd": "CH06SR0884", "cxt_num": 884 }, "geometry": { "type": "Point", "coordinates": [ 1094.03917999999976, 985.819030000000566 ] } },
{ "type": "Feature", "properties": { "OBJECTID": 608, "Created": null, "ModifiedLa": "2006/07/17 15:00:38.000", "ModifiedBy": null, "pt_id": 1028, "easting": 1094.3853, "northing": 986.1917, "elev": 19.951, "smp_num": 658, "smp_code": "SMPCH06SR0658", "smp_type": "METALLURGICAL", "date_": "2006/07/17 00:00:00.000", "source": "17JUL06B", "comments": null, "sample_no": 658, "sample_cod": "SMPCH06SR0658", "descriptio": "Metallurgical sample from courtyard, 3rd section", "date_1": "2006/07/17 00:00:00.000", "sample_typ": "Metallurgical", "cxt_cd": "CH06SR0884", "cxt_num": 884 }, "geometry": { "type": "Point", "coordinates": [ 1094.385309999999663, 986.19168 ] } },
{ "type": "Feature", "properties": { "OBJECTID": 609, "Created": null, "ModifiedLa": "2006/07/17 15:00:38.000", "ModifiedBy": null, "pt_id": 1029, "easting": 1094.7126, "northing": 986.5994, "elev": 19.8986, "smp_num": 659, "smp_code": "SMPCH06SR0659", "smp_type": "METALLURGICAL", "date_": "2006/07/17 00:00:00.000", "source": "17JUL06B", "comments": null, "sample_no": 659, "sample_cod": "SMPCH06SR0659", "descriptio": "Metallurgical sample from courtyard, 3rd section", "date_1": "2006/07/17 00:00:00.000", "sample_typ": "Metallurgical", "cxt_cd": "CH06SR0884", "cxt_num": 884 }, "geometry": { "type": "Point", "coordinates": [ 1094.712600000000748, 986.599379999999655 ] } },
{ "type": "Feature", "properties": { "OBJECTID": 610, "Created": null, "ModifiedLa": "2006/07/17 15:00:38.000", "ModifiedBy": null, "pt_id": 1030, "easting": 1092.3091, "northing": 984.7113, "elev": 20.0435, "smp_num": 660, "smp_code": "SMPCH06SR0660", "smp_type": "METALLURGICAL", "date_": "2006/07/17 00:00:00.000", "source": "17JUL06B", "comments": null, "sample_no": 660, "sample_cod": "SMPCH06SR0660", "descriptio": "Metallurgical sample from courtyard, 3rd section", "date_1": "2006/07/17 00:00:00.000", "sample_typ": "Metallurgical", "cxt_cd": "CH06SR0883", "cxt_num": 883 }, "geometry": { "type": "Point", "coordinates": [ 1092.309080000000904, 984.711289999999281 ] } },
{ "type": "Feature", "properties": { "OBJECTID": 611, "Created": null, "ModifiedLa": "2006/07/17 15:00:38.000", "ModifiedBy": null, "pt_id": 1031, "easting": 1092.6512, "northing": 985.0997, "elev": 19.9559, "smp_num": 661, "smp_code": "SMPCH06SR0661", "smp_type": "METALLURGICAL", "date_": "2006/07/17 00:00:00.000", "source": "17JUL06B", "comments": null, "sample_no": 661, "sample_cod": "SMPCH06SR0661", "descriptio": "Metallurgical sample from courtyard, 3rd section", "date_1": "2006/07/17 00:00:00.000", "sample_typ": "Metallurgical", "cxt_cd": "CH06SR0883", "cxt_num": 883 }, "geometry": { "type": "Point", "coordinates": [ 1092.651169999999183, 985.09973 ] } },
{ "type": "Feature", "properties": { "OBJECTID": 612, "Created": null, "ModifiedLa": "2006/07/17 15:00:38.000", "ModifiedBy": null, "pt_id": 1032, "easting": 1092.9712, "northing": 985.4776, "elev": 19.9843, "smp_num": 662, "smp_code": "SMPCH06SR0662", "smp_type": "METALLURGICAL", "date_": "2006/07/17 00:00:00.000", "source": "17JUL06B", "comments": null, "sample_no": 662, "sample_cod": "SMPCH06SR0662", "descriptio": "Metallurgical sample from courtyard, 3rd section", "date_1": "2006/07/17 00:00:00.000", "sample_typ": "Metallurgical", "cxt_cd": "CH06SR0884", "cxt_num": 884 }, "geometry": { "type": "Point", "coordinates": [ 1092.971190000000206, 985.477629999999408 ] } },
{ "type": "Feature", "properties": { "OBJECTID": 613, "Created": null, "ModifiedLa": "2006/07/17 15:00:38.000", "ModifiedBy": null, "pt_id": 1033, "easting": 1093.2944, "northing": 985.8328, "elev": 19.9773, "smp_num": 663, "smp_code": "SMPCH06SR0663", "smp_type": "METALLURGICAL", "date_": "2006/07/17 00:00:00.000", "source": "17JUL06B", "comments": null, "sample_no": 663, "sample_cod": "SMPCH06SR0663", "descriptio": "Metallurgical sample from courtyard, 3rd section", "date_1": "2006/07/17 00:00:00.000", "sample_typ": "Metallurgical", "cxt_cd": "CH06SR0884", "cxt_num": 884 }, "geometry": { "type": "Point", "coordinates": [ 1093.294389999999112, 985.832790000000386 ] } },
{ "type": "Feature", "properties": { "OBJECTID": 614, "Created": null, "ModifiedLa": "2006/07/17 15:00:38.000", "ModifiedBy": null, "pt_id": 1034, "easting": 1093.678, "northing": 986.2059, "elev": 19.9935, "smp_num": 664, "smp_code": "SMPCH06SR0664", "smp_type": "METALLURGICAL", "date_": "2006/07/17 00:00:00.000", "source": "17JUL06B", "comments": null, "sample_no": 664, "sample_cod": "SMPCH06SR0664", "descriptio": "Metallurgical sample from courtyard, 3rd section", "date_1": "2006/07/17 00:00:00.000", "sample_typ": "Metallurgical", "cxt_cd": "CH06SR0884", "cxt_num": 884 }, "geometry": { "type": "Point", "coordinates": [ 1093.677999999999884, 986.205900000000838 ] } },
{ "type": "Feature", "properties": { "OBJECTID": 615, "Created": null, "ModifiedLa": "2006/07/17 15:00:38.000", "ModifiedBy": null, "pt_id": 1035, "easting": 1093.9851, "northing": 986.5839, "elev": 20.0302, "smp_num": 665, "smp_code": "SMPCH06SR0665", "smp_type": "METALLURGICAL", "date_": "2006/07/17 00:00:00.000", "source": "17JUL06B", "comments": null, "sample_no": 665, "sample_cod": "SMPCH06SR0665", "descriptio": "Metallurgical sample from courtyard, 3rd section", "date_1": "2006/07/17 00:00:00.000", "sample_typ": "Metallurgical", "cxt_cd": "CH06SR0884", "cxt_num": 884 }, "geometry": { "type": "Point", "coordinates": [ 1093.98511999999937, 986.583860000000641 ] } },
{ "type": "Feature", "properties": { "OBJECTID": 616, "Created": null, "ModifiedLa": "2006/07/17 15:00:38.000", "ModifiedBy": null, "pt_id": 1036, "easting": 1094.3198, "northing": 986.9508, "elev": 19.9571, "smp_num": 666, "smp_code": "SMPCH06SR0666", "smp_type": "METALLURGICAL", "date_": "2006/07/17 00:00:00.000", "source": "17JUL06B", "comments": null, "sample_no": 666, "sample_cod": "SMPCH06SR0666", "descriptio": "Metallurgical sample from courtyard, 3rd section", "date_1": "2006/07/17 00:00:00.000", "sample_typ": "Metallurgical", "cxt_cd": "CH06SR0884", "cxt_num": 884 }, "geometry": { "type": "Point", "coordinates": [ 1094.31977, 986.950810000000274 ] } },
{ "type": "Feature", "properties": { "OBJECTID": 617, "Created": null, "ModifiedLa": "2006/07/17 15:00:38.000", "ModifiedBy": null, "pt_id": 1037, "easting": 1091.9627, "northing": 984.9394, "elev": 20.0307, "smp_num": 667, "smp_code": "SMPCH06SR0667", "smp_type": "METALLURGICAL", "date_": "2006/07/17 00:00:00.000", "source": "17JUL06B", "comments": null, "sample_no": 667, "sample_cod": "SMPCH06SR0667", "descriptio": "Metallurgical sample from courtyard, 3rd section", "date_1": "2006/07/17 00:00:00.000", "sample_typ": "Metallurgical", "cxt_cd": "CH06SR0883", "cxt_num": 883 }, "geometry": { "type": "Point", "coordinates": [ 1091.962680000000546, 984.939430000000357 ] } },
{ "type": "Feature", "properties": { "OBJECTID": 618, "Created": null, "ModifiedLa": "2006/07/17 15:00:38.000", "ModifiedBy": null, "pt_id": 1038, "easting": 1092.3031, "northing": 985.2735, "elev": 19.9699, "smp_num": 668, "smp_code": "SMPCH06SR0668", "smp_type": "METALLURGICAL", "date_": "2006/07/17 00:00:00.000", "source": "17JUL06B", "comments": null, "sample_no": 668, "sample_cod": "SMPCH06SR0668", "descriptio": "Metallurgical sample from courtyard, 3rd section", "date_1": "2006/07/17 00:00:00.000", "sample_typ": "Metallurgical", "cxt_cd": "CH06SR0883", "cxt_num": 883 }, "geometry": { "type": "Point", "coordinates": [ 1092.303130000000237, 985.273530000000392 ] } },
{ "type": "Feature", "properties": { "OBJECTID": 619, "Created": null, "ModifiedLa": "2006/07/17 15:00:38.000", "ModifiedBy": null, "pt_id": 1039, "easting": 1092.55, "northing": 985.7068, "elev": 19.9755, "smp_num": 669, "smp_code": "SMPCH06SR0669", "smp_type": "METALLURGICAL", "date_": "2006/07/17 00:00:00.000", "source": "17JUL06B", "comments": null, "sample_no": 669, "sample_cod": "SMPCH06SR0669", "descriptio": "Metallurgical sample from courtyard, 3rd section", "date_1": "2006/07/17 00:00:00.000", "sample_typ": "Metallurgical", "cxt_cd": "CH06SR0884", "cxt_num": 884 }, "geometry": { "type": "Point", "coordinates": [ 1092.549999999999272, 985.706819999999425 ] } },
{ "type": "Feature", "properties": { "OBJECTID": 620, "Created": null, "ModifiedLa": "2006/07/17 15:00:38.000", "ModifiedBy": null, "pt_id": 1040, "easting": 1092.9078, "northing": 986.0598, "elev": 19.9976, "smp_num": 670, "smp_code": "SMPCH06SR0670", "smp_type": "METALLURGICAL", "date_": "2006/07/17 00:00:00.000", "source": "17JUL06B", "comments": null, "sample_no": 670, "sample_cod": "SMPCH06SR0670", "descriptio": "Metallurgical sample from courtyard, 3rd section", "date_1": "2006/07/17 00:00:00.000", "sample_typ": "Metallurgical", "cxt_cd": "CH06SR0884", "cxt_num": 884 }, "geometry": { "type": "Point", "coordinates": [ 1092.907810000000609, 986.0598200000004 ] } },
{ "type": "Feature", "properties": { "OBJECTID": 621, "Created": null, "ModifiedLa": "2006/07/17 15:00:38.000", "ModifiedBy": null, "pt_id": 1041, "easting": 1093.2119, "northing": 986.4464, "elev": 20.0164, "smp_num": 671, "smp_code": "SMPCH06SR0671", "smp_type": "METALLURGICAL", "date_": "2006/07/17 00:00:00.000", "source": "17JUL06B", "comments": null, "sample_no": 671, "sample_cod": "SMPCH06SR0671", "descriptio": "Metallurgical sample from courtyard, 3rd section", "date_1": "2006/07/17 00:00:00.000", "sample_typ": "Metallurgical", "cxt_cd": "CH06SR0884", "cxt_num": 884 }, "geometry": { "type": "Point", "coordinates": [ 1093.211929999999484, 986.44643 ] } },
{ "type": "Feature", "properties": { "OBJECTID": 622, "Created": null, "ModifiedLa": "2006/07/17 15:00:38.000", "ModifiedBy": null, "pt_id": 1056, "easting": 1093.5758, "northing": 986.796, "elev": 19.9983, "smp_num": 672, "smp_code": "SMPCH06SR0672", "smp_type": "METALLURGICAL", "date_": "2006/07/17 00:00:00.000", "source": "17JUL06B", "comments": null, "sample_no": 672, "sample_cod": "SMPCH06SR0672", "descriptio": "Metallurgical sample from courtyard, 3rd section", "date_1": "2006/07/17 00:00:00.000", "sample_typ": "Metallurgical", "cxt_cd": "CH06SR0884", "cxt_num": 884 }, "geometry": { "type": "Point", "coordinates": [ 1093.575849999999264, 986.796000000000276 ] } },
{ "type": "Feature", "properties": { "OBJECTID": 623, "Created": null, "ModifiedLa": "2006/07/17 15:00:38.000", "ModifiedBy": null, "pt_id": 1057, "easting": 1093.8638, "northing": 987.2094, "elev": 19.9918, "smp_num": 673, "smp_code": "SMPCH06SR0673", "smp_type": "METALLURGICAL", "date_": "2006/07/17 00:00:00.000", "source": "17JUL06B", "comments": null, "sample_no": 673, "sample_cod": "SMPCH06SR0673", "descriptio": "Metallurgical sample from courtyard, 3rd section", "date_1": "2006/07/17 00:00:00.000", "sample_typ": "Metallurgical", "cxt_cd": "CH06SR0884", "cxt_num": 884 }, "geometry": { "type": "Point", "coordinates": [ 1093.863830000000235, 987.209399999999732 ] } },
{ "type": "Feature", "properties": { "OBJECTID": 624, "Created": null, "ModifiedLa": "2006/07/17 15:00:38.000", "ModifiedBy": null, "pt_id": 1058, "easting": 1091.8748, "northing": 985.6896, "elev": 20.0095, "smp_num": 674, "smp_code": "SMPCH06SR0674", "smp_type": "METALLURGICAL", "date_": "2006/07/17 00:00:00.000", "source": "17JUL06B", "comments": null, "sample_no": 674, "sample_cod": "SMPCH06SR0674", "descriptio": "Metallurgical sample from courtyard, 3rd section", "date_1": "2006/07/17 00:00:00.000", "sample_typ": "Metallurgical", "cxt_cd": "CH06SR0884", "cxt_num": 884 }, "geometry": { "type": "Point", "coordinates": [ 1091.874770000000353, 985.689580000000205 ] } },
{ "type": "Feature", "properties": { "OBJECTID": 625, "Created": null, "ModifiedLa": "2006/07/17 15:00:38.000", "ModifiedBy": null, "pt_id": 1059, "easting": 1092.2107, "northing": 986.018, "elev": 20.0086, "smp_num": 675, "smp_code": "SMPCH06SR0675", "smp_type": "METALLURGICAL", "date_": "2006/07/17 00:00:00.000", "source": "17JUL06B", "comments": null, "sample_no": 675, "sample_cod": "SMPCH06SR0675", "descriptio": "Metallurgical sample from courtyard, 3rd section", "date_1": "2006/07/17 00:00:00.000", "sample_typ": "Metallurgical", "cxt_cd": "CH06SR0884", "cxt_num": 884 }, "geometry": { "type": "Point", "coordinates": [ 1092.210650000000896, 986.018 ] } },
{ "type": "Feature", "properties": { "OBJECTID": 626, "Created": null, "ModifiedLa": "2006/07/17 15:00:38.000", "ModifiedBy": null, "pt_id": 1060, "easting": 1092.5189, "northing": 986.4497, "elev": 19.9985, "smp_num": 676, "smp_code": "SMPCH06SR0676", "smp_type": "METALLURGICAL", "date_": "2006/07/17 00:00:00.000", "source": "17JUL06B", "comments": null, "sample_no": 676, "sample_cod": "SMPCH06SR0676", "descriptio": "Metallurgical sample from courtyard, 3rd section", "date_1": "2006/07/17 00:00:00.000", "sample_typ": "Metallurgical", "cxt_cd": "CH06SR0884", "cxt_num": 884 }, "geometry": { "type": "Point", "coordinates": [ 1092.518930000000182, 986.449689999999464 ] } },
{ "type": "Feature", "properties": { "OBJECTID": 627, "Created": null, "ModifiedLa": "2006/07/17 15:00:38.000", "ModifiedBy": null, "pt_id": 1061, "easting": 1092.8535, "northing": 986.7491, "elev": 20.0116, "smp_num": 677, "smp_code": "SMPCH06SR0677", "smp_type": "METALLURGICAL", "date_": "2006/07/17 00:00:00.000", "source": "17JUL06B", "comments": null, "sample_no": 677, "sample_cod": "SMPCH06SR0677", "descriptio": "Metallurgical sample from courtyard, 3rd section", "date_1": "2006/07/17 00:00:00.000", "sample_typ": "Metallurgical", "cxt_cd": "CH06SR0884", "cxt_num": 884 }, "geometry": { "type": "Point", "coordinates": [ 1092.85348999999951, 986.749110000000655 ] } },
{ "type": "Feature", "properties": { "OBJECTID": 628, "Created": null, "ModifiedLa": "2006/07/17 15:00:38.000", "ModifiedBy": null, "pt_id": 1062, "easting": 1093.1602, "northing": 987.1989, "elev": 19.9293, "smp_num": 678, "smp_code": "SMPCH06SR0678", "smp_type": "METALLURGICAL", "date_": "2006/07/17 00:00:00.000", "source": "17JUL06B", "comments": null, "sample_no": 678, "sample_cod": "SMPCH06SR0678", "descriptio": "Metallurgical sample from courtyard, 3rd section", "date_1": "2006/07/17 00:00:00.000", "sample_typ": "Metallurgical", "cxt_cd": "CH06SR0884", "cxt_num": 884 }, "geometry": { "type": "Point", "coordinates": [ 1093.160169999999198, 987.198909999999159 ] } },
{ "type": "Feature", "properties": { "OBJECTID": 629, "Created": null, "ModifiedLa": "2006/07/17 15:00:38.000", "ModifiedBy": null, "pt_id": 1063, "easting": 1093.4854, "northing": 987.4325, "elev": 19.9711, "smp_num": 679, "smp_code": "SMPCH06SR0679", "smp_type": "METALLURGICAL", "date_": "2006/07/17 00:00:00.000", "source": "17JUL06B", "comments": null, "sample_no": 679, "sample_cod": "SMPCH06SR0679", "descriptio": "Metallurgical sample from courtyard, 3rd section", "date_1": "2006/07/17 00:00:00.000", "sample_typ": "Metallurgical", "cxt_cd": "CH06SR0884", "cxt_num": 884 }, "geometry": { "type": "Point", "coordinates": [ 1093.485420000000886, 987.432479999999487 ] } },
{ "type": "Feature", "properties": { "OBJECTID": 630, "Created": null, "ModifiedLa": "2006/07/17 15:00:38.000", "ModifiedBy": null, "pt_id": 1064, "easting": 1091.2191, "northing": 985.7265, "elev": 20.0644, "smp_num": 680, "smp_code": "SMPCH06SR0680", "smp_type": "METALLURGICAL", "date_": "2006/07/17 00:00:00.000", "source": "17JUL06B", "comments": null, "sample_no": 680, "sample_cod": "SMPCH06SR0680", "descriptio": "Metallurgical sample from courtyard, 3rd section", "date_1": "2006/07/17 00:00:00.000", "sample_typ": "Metallurgical", "cxt_cd": "CH06SR0759", "cxt_num": 759 }, "geometry": { "type": "Point", "coordinates": [ 1091.219080000000758, 985.726469999999608 ] } },
{ "type": "Feature", "properties": { "OBJECTID": 631, "Created": null, "ModifiedLa": "2006/07/17 15:00:38.000", "ModifiedBy": null, "pt_id": 1065, "easting": 1091.4918, "northing": 986.0713, "elev": 20.0936, "smp_num": 681, "smp_code": "SMPCH06SR0681", "smp_type": "METALLURGICAL", "date_": "2006/07/17 00:00:00.000", "source": "17JUL06B", "comments": null, "sample_no": 681, "sample_cod": "SMPCH06SR0681", "descriptio": "Metallurgical sample from courtyard, 3rd section", "date_1": "2006/07/17 00:00:00.000", "sample_typ": "Metallurgical", "cxt_cd": "CH06SR0759", "cxt_num": 759 }, "geometry": { "type": "Point", "coordinates": [ 1091.491770000000542, 986.071319999999105 ] } },
{ "type": "Feature", "properties": { "OBJECTID": 632, "Created": null, "ModifiedLa": "2006/07/17 15:00:38.000", "ModifiedBy": null, "pt_id": 1066, "easting": 1091.8857, "northing": 986.4189, "elev": 20.017, "smp_num": 682, "smp_code": "SMPCH06SR0682", "smp_type": "METALLURGICAL", "date_": "2006/07/17 00:00:00.000", "source": "17JUL06B", "comments": null, "sample_no": 682, "sample_cod": "SMPCH06SR0682", "descriptio": "Metallurgical sample from courtyard, 3rd section", "date_1": "2006/07/17 00:00:00.000", "sample_typ": "Metallurgical", "cxt_cd": "CH06SR0877", "cxt_num": 877 }, "geometry": { "type": "Point", "coordinates": [ 1091.88566, 986.418859999999768 ] } },
{ "type": "Feature", "properties": { "OBJECTID": 633, "Created": null, "ModifiedLa": "2006/07/17 15:00:38.000", "ModifiedBy": null, "pt_id": 1067, "easting": 1092.1466, "northing": 986.7623, "elev": 19.9936, "smp_num": 683, "smp_code": "SMPCH06SR0683", "smp_type": "METALLURGICAL", "date_": "2006/07/17 00:00:00.000", "source": "17JUL06B", "comments": null, "sample_no": 683, "sample_cod": "SMPCH06SR0683", "descriptio": "Metallurgical sample from courtyard, 3rd section", "date_1": "2006/07/17 00:00:00.000", "sample_typ": "Metallurgical", "cxt_cd": "CH06SR0877", "cxt_num": 877 }, "geometry": { "type": "Point", "coordinates": [ 1092.14658000000054, 986.762339999999313 ] } },
{ "type": "Feature", "properties": { "OBJECTID": 634, "Created": null, "ModifiedLa": "2006/07/17 15:00:38.000", "ModifiedBy": null, "pt_id": 1068, "easting": 1092.5981, "northing": 987.1322, "elev": 19.9383, "smp_num": 684, "smp_code": "SMPCH06SR0684", "smp_type": "METALLURGICAL", "date_": "2006/07/17 00:00:00.000", "source": "17JUL06B", "comments": null, "sample_no": 684, "sample_cod": "SMPCH06SR0684", "descriptio": "Metallurgical sample from courtyard, 3rd section", "date_1": "2006/07/17 00:00:00.000", "sample_typ": "Metallurgical", "cxt_cd": "CH06SR0877", "cxt_num": 877 }, "geometry": { "type": "Point", "coordinates": [ 1092.59806000000026, 987.13217000000077 ] } },
{ "type": "Feature", "properties": { "OBJECTID": 635, "Created": null, "ModifiedLa": "2006/07/17 15:00:38.000", "ModifiedBy": null, "pt_id": 1069, "easting": 1092.9208, "northing": 987.4863, "elev": 19.9445, "smp_num": 685, "smp_code": "SMPCH06SR0685", "smp_type": "METALLURGICAL", "date_": "2006/07/17 00:00:00.000", "source": "17JUL06B", "comments": null, "sample_no": 685, "sample_cod": "SMPCH06SR0685", "descriptio": "Metallurgical sample from courtyard, 3rd section", "date_1": "2006/07/17 00:00:00.000", "sample_typ": "Metallurgical", "cxt_cd": "CH06SR0759", "cxt_num": 759 }, "geometry": { "type": "Point", "coordinates": [ 1092.920790000000125, 987.486279999999169 ] } },
{ "type": "Feature", "properties": { "OBJECTID": 636, "Created": null, "ModifiedLa": "2006/07/17 15:00:38.000", "ModifiedBy": null, "pt_id": 1070, "easting": 1093.1913, "northing": 987.8714, "elev": 19.9683, "smp_num": 686, "smp_code": "SMPCH06SR0686", "smp_type": "METALLURGICAL", "date_": "2006/07/17 00:00:00.000", "source": "17JUL06B", "comments": null, "sample_no": 686, "sample_cod": "SMPCH06SR0686", "descriptio": "Metallurgical sample from courtyard, 3rd section", "date_1": "2006/07/17 00:00:00.000", "sample_typ": "Metallurgical", "cxt_cd": "CH06SR0759", "cxt_num": 759 }, "geometry": { "type": "Point", "coordinates": [ 1093.19132, 987.87145000000055 ] } },
{ "type": "Feature", "properties": { "OBJECTID": 637, "Created": null, "ModifiedLa": "2006/07/17 15:00:38.000", "ModifiedBy": null, "pt_id": 1071, "easting": 1090.8489, "northing": 985.8476, "elev": 20.0985, "smp_num": 687, "smp_code": "SMPCH06SR0687", "smp_type": "METALLURGICAL", "date_": "2006/07/17 00:00:00.000", "source": "17JUL06B", "comments": null, "sample_no": 687, "sample_cod": "SMPCH06SR0687", "descriptio": "Metallurgical sample from courtyard, 3rd section", "date_1": "2006/07/17 00:00:00.000", "sample_typ": "Metallurgical", "cxt_cd": "CH06SR0759", "cxt_num": 759 }, "geometry": { "type": "Point", "coordinates": [ 1090.848889999999301, 985.847599999999147 ] } },
{ "type": "Feature", "properties": { "OBJECTID": 638, "Created": null, "ModifiedLa": "2006/07/17 15:00:38.000", "ModifiedBy": null, "pt_id": 1072, "easting": 1091.1418, "northing": 986.3096, "elev": 20.0739, "smp_num": 688, "smp_code": "SMPCH06SR0688", "smp_type": "METALLURGICAL", "date_": "2006/07/17 00:00:00.000", "source": "17JUL06B", "comments": null, "sample_no": 688, "sample_cod": "SMPCH06SR0688", "descriptio": "Metallurgical sample from courtyard, 3rd section", "date_1": "2006/07/17 00:00:00.000", "sample_typ": "Metallurgical", "cxt_cd": "CH06SR0759", "cxt_num": 759 }, "geometry": { "type": "Point", "coordinates": [ 1091.14178, 986.309629999999743 ] } },
{ "type": "Feature", "properties": { "OBJECTID": 639, "Created": null, "ModifiedLa": "2006/07/17 15:00:38.000", "ModifiedBy": null, "pt_id": 1073, "easting": 1091.4493, "northing": 986.6413, "elev": 20.0123, "smp_num": 689, "smp_code": "SMPCH06SR0689", "smp_type": "METALLURGICAL", "date_": "2006/07/17 00:00:00.000", "source": "17JUL06B", "comments": null, "sample_no": 689, "sample_cod": "SMPCH06SR0689", "descriptio": "Metallurgical sample from courtyard, 3rd section", "date_1": "2006/07/17 00:00:00.000", "sample_typ": "Metallurgical", "cxt_cd": "CH06SR0877", "cxt_num": 877 }, "geometry": { "type": "Point", "coordinates": [ 1091.449350000000777, 986.64133000000038 ] } },
{ "type": "Feature", "properties": { "OBJECTID": 640, "Created": null, "ModifiedLa": "2006/07/17 15:00:38.000", "ModifiedBy": null, "pt_id": 1074, "easting": 1091.7671, "northing": 987.0714, "elev": 19.9403, "smp_num": 690, "smp_code": "SMPCH06SR0690", "smp_type": "METALLURGICAL", "date_": "2006/07/17 00:00:00.000", "source": "17JUL06B", "comments": null, "sample_no": 690, "sample_cod": "SMPCH06SR0690", "descriptio": "Metallurgical sample from courtyard, 3rd section", "date_1": "2006/07/17 00:00:00.000", "sample_typ": "Metallurgical", "cxt_cd": "CH06SR0877", "cxt_num": 877 }, "geometry": { "type": "Point", "coordinates": [ 1091.767079999999623, 987.07143 ] } },
{ "type": "Feature", "properties": { "OBJECTID": 641, "Created": null, "ModifiedLa": "2006/07/17 15:00:38.000", "ModifiedBy": null, "pt_id": 1075, "easting": 1092.0924, "northing": 987.3979, "elev": 19.9143, "smp_num": 691, "smp_code": "SMPCH06SR0691", "smp_type": "METALLURGICAL", "date_": "2006/07/17 00:00:00.000", "source": "17JUL06B", "comments": null, "sample_no": 691, "sample_cod": "SMPCH06SR0691", "descriptio": "Metallurgical sample from courtyard, 3rd section", "date_1": "2006/07/17 00:00:00.000", "sample_typ": "Metallurgical", "cxt_cd": "CH06SR0877", "cxt_num": 877 }, "geometry": { "type": "Point", "coordinates": [ 1092.092389999999796, 987.397940000000744 ] } },
{ "type": "Feature", "properties": { "OBJECTID": 642, "Created": null, "ModifiedLa": "2006/07/17 15:00:38.000", "ModifiedBy": null, "pt_id": 1076, "easting": 1092.3569, "northing": 987.7584, "elev": 19.9859, "smp_num": 692, "smp_code": "SMPCH06SR0692", "smp_type": "METALLURGICAL", "date_": "2006/07/17 00:00:00.000", "source": "17JUL06B", "comments": null, "sample_no": 692, "sample_cod": "SMPCH06SR0692", "descriptio": "Metallurgical sample from courtyard, 3rd section", "date_1": "2006/07/17 00:00:00.000", "sample_typ": "Metallurgical", "cxt_cd": "CH06SR0877", "cxt_num": 877 }, "geometry": { "type": "Point", "coordinates": [ 1092.356920000000173, 987.75840000000062 ] } },
{ "type": "Feature", "properties": { "OBJECTID": 643, "Created": null, "ModifiedLa": "2006/07/17 15:00:38.000", "ModifiedBy": null, "pt_id": 1077, "easting": 1092.7886, "northing": 988.1366, "elev": 20.0319, "smp_num": 693, "smp_code": "SMPCH06SR0693", "smp_type": "METALLURGICAL", "date_": "2006/07/17 00:00:00.000", "source": "17JUL06B", "comments": null, "sample_no": 693, "sample_cod": "SMPCH06SR0693", "descriptio": "Metallurgical sample from courtyard, 3rd section", "date_1": "2006/07/17 00:00:00.000", "sample_typ": "Metallurgical", "cxt_cd": "CH06SR0759", "cxt_num": 759 }, "geometry": { "type": "Point", "coordinates": [ 1092.788560000000871, 988.136609999999564 ] } },
{ "type": "Feature", "properties": { "OBJECTID": 644, "Created": null, "ModifiedLa": "2006/07/17 15:00:38.000", "ModifiedBy": null, "pt_id": 1078, "easting": 1091.0361, "northing": 986.986, "elev": 20.0817, "smp_num": 694, "smp_code": "SMPCH06SR0694", "smp_type": "METALLURGICAL", "date_": "2006/07/17 00:00:00.000", "source": "17JUL06B", "comments": null, "sample_no": 694, "sample_cod": "SMPCH06SR0694", "descriptio": "Metallurgical sample from courtyard, 3rd section", "date_1": "2006/07/17 00:00:00.000", "sample_typ": "Metallurgical", "cxt_cd": "CH06SR0759", "cxt_num": 759 }, "geometry": { "type": "Point", "coordinates": [ 1091.036120000000665, 986.986010000000533 ] } },
{ "type": "Feature", "properties": { "OBJECTID": 645, "Created": null, "ModifiedLa": "2006/07/17 15:00:38.000", "ModifiedBy": null, "pt_id": 1079, "easting": 1091.4076, "northing": 987.3148, "elev": 20.0432, "smp_num": 695, "smp_code": "SMPCH06SR0695", "smp_type": "METALLURGICAL", "date_": "2006/07/17 00:00:00.000", "source": "17JUL06B", "comments": null, "sample_no": 695, "sample_cod": "SMPCH06SR0695", "descriptio": "Metallurgical sample from courtyard, 3rd section", "date_1": "2006/07/17 00:00:00.000", "sample_typ": "Metallurgical", "cxt_cd": "CH06SR0759", "cxt_num": 759 }, "geometry": { "type": "Point", "coordinates": [ 1091.407629999999699, 987.314759999999296 ] } },
{ "type": "Feature", "properties": { "OBJECTID": 646, "Created": null, "ModifiedLa": "2006/07/17 15:00:38.000", "ModifiedBy": null, "pt_id": 1080, "easting": 1091.6719, "northing": 987.6661, "elev": 19.9962, "smp_num": 696, "smp_code": "SMPCH06SR0696", "smp_type": "METALLURGICAL", "date_": "2006/07/17 00:00:00.000", "source": "17JUL06B", "comments": null, "sample_no": 696, "sample_cod": "SMPCH06SR0696", "descriptio": "Metallurgical sample from courtyard, 3rd section", "date_1": "2006/07/17 00:00:00.000", "sample_typ": "Metallurgical", "cxt_cd": "CH06SR0877", "cxt_num": 877 }, "geometry": { "type": "Point", "coordinates": [ 1091.671940000000177, 987.666080000000875 ] } },
{ "type": "Feature", "properties": { "OBJECTID": 647, "Created": null, "ModifiedLa": "2006/07/17 15:00:38.000", "ModifiedBy": null, "pt_id": 1081, "easting": 1092.0857, "northing": 988.0398, "elev": 20.0302, "smp_num": 697, "smp_code": "SMPCH06SR0697", "smp_type": "METALLURGICAL", "date_": "2006/07/17 00:00:00.000", "source": "17JUL06B", "comments": null, "sample_no": 697, "sample_cod": "SMPCH06SR0697", "descriptio": "Metallurgical sample from courtyard, 3rd section", "date_1": "2006/07/17 00:00:00.000", "sample_typ": "Metallurgical", "cxt_cd": "CH06SR0759", "cxt_num": 759 }, "geometry": { "type": "Point", "coordinates": [ 1092.085670000000391, 988.03975999999966 ] } },
{ "type": "Feature", "properties": { "OBJECTID": 648, "Created": null, "ModifiedLa": "2006/07/17 15:00:38.000", "ModifiedBy": null, "pt_id": 1082, "easting": 1092.3872, "northing": 988.4669, "elev": 20.0953, "smp_num": 698, "smp_code": "SMPCH06SR0698", "smp_type": "METALLURGICAL", "date_": "2006/07/17 00:00:00.000", "source": "17JUL06B", "comments": null, "sample_no": 698, "sample_cod": "SMPCH06SR0698", "descriptio": "Metallurgical sample from courtyard, 3rd section", "date_1": "2006/07/17 00:00:00.000", "sample_typ": "Metallurgical", "cxt_cd": "CH06SR0759", "cxt_num": 759 }, "geometry": { "type": "Point", "coordinates": [ 1092.387249999999767, 988.46695 ] } },
{ "type": "Feature", "properties": { "OBJECTID": 649, "Created": null, "ModifiedLa": "2006/07/17 15:00:38.000", "ModifiedBy": null, "pt_id": 1229, "easting": 1094.1364, "northing": 985.8251, "elev": 19.9274, "smp_num": 700, "smp_code": "SMPCH06SR0700", "smp_type": "PALEOBOTANICAL", "date_": "2006/07/17 00:00:00.000", "source": "17JUL06B", "comments": null, "sample_no": 700, "sample_cod": "SMPCH06SR0700", "descriptio": "Palaeobotanical sample, courtyard, 3rd section", "date_1": "2006/07/17 00:00:00.000", "sample_typ": "Palaeobotanical", "cxt_cd": "CH06SR0884", "cxt_num": 884 }, "geometry": { "type": "Point", "coordinates": [ 1094.136399999999412, 985.825070000000778 ] } },
{ "type": "Feature", "properties": { "OBJECTID": 650, "Created": null, "ModifiedLa": "2006/07/17 15:00:38.000", "ModifiedBy": null, "pt_id": 1230, "easting": 1093.3566, "northing": 986.3094, "elev": 19.9838, "smp_num": 701, "smp_code": "SMPCH06SR0701", "smp_type": "PALEOBOTANICAL", "date_": "2006/07/17 00:00:00.000", "source": "17JUL06B", "comments": null, "sample_no": 701, "sample_cod": "SMPCH06SR0701", "descriptio": "Palaeobotanical sample, courtyard, 3rd section", "date_1": "2006/07/17 00:00:00.000", "sample_typ": "Palaeobotanical", "cxt_cd": "CH06SR0884", "cxt_num": 884 }, "geometry": { "type": "Point", "coordinates": [ 1093.356620000000476, 986.3094 ] } },
{ "type": "Feature", "properties": { "OBJECTID": 651, "Created": null, "ModifiedLa": "2006/07/25 14:55:43.000", "ModifiedBy": null, "pt_id": 1231, "easting": 1094.0578, "northing": 986.9488, "elev": 19.9923, "smp_num": 702, "smp_code": "SMPCH06SR0702", "smp_type": "PALEOBOTANICAL", "date_": "2006/07/17 00:00:00.000", "source": "17JUL06B", "comments": null, "sample_no": 702, "sample_cod": "SMPCH06SR0702", "descriptio": "Palaeobotanical sample, courtyard, 3rd section", "date_1": "2006/07/17 00:00:00.000", "sample_typ": "Palaeobotanical", "cxt_cd": "CH06SR0884", "cxt_num": 884 }, "geometry": { "type": "Point", "coordinates": [ 1094.057779999999184, 986.948839999999109 ] } },
{ "type": "Feature", "properties": { "OBJECTID": 652, "Created": null, "ModifiedLa": "2006/07/17 15:00:38.000", "ModifiedBy": null, "pt_id": 1237, "easting": 1100.9375, "northing": 981.6636, "elev": 19.4784, "smp_num": 699, "smp_code": "SMPCH06SR0699", "smp_type": "ARCHITECTURAL", "date_": "2006/07/17 00:00:00.000", "source": "17JUL06B", "comments": null, "sample_no": 699, "sample_cod": "SMPCH06SR0699", "descriptio": "Architectural sample: mortar", "date_1": "2006/07/17 00:00:00.000", "sample_typ": "Architectural Sample", "cxt_cd": "CH06SR0132", "cxt_num": 132 }, "geometry": { "type": "Point", "coordinates": [ 1100.9375, 981.66359999999986 ] } },
{ "type": "Feature", "properties": { "OBJECTID": 653, "Created": null, "ModifiedLa": "2006/07/18 17:19:36.000", "ModifiedBy": null, "pt_id": 1048, "easting": 1093.6449, "northing": 1004.1695, "elev": 17.7581, "smp_num": 708, "smp_code": "SMPCH06SR0708", "smp_type": "PALEOBOTANICAL", "date_": "2006/07/18 00:00:00.000", "source": "18JUL06B", "comments": null, "sample_no": 708, "sample_cod": "SMPCH06SR0708", "descriptio": "Palaeobotanical sample from Room 38", "date_1": "2006/07/18 00:00:00.000", "sample_typ": "Palaeobotanical", "cxt_cd": "CH06SR0879", "cxt_num": 879 }, "geometry": { "type": "Point", "coordinates": [ 1093.644910000000891, 1004.1695 ] } },
{ "type": "Feature", "properties": { "OBJECTID": 654, "Created": null, "ModifiedLa": "2006/07/18 17:19:36.000", "ModifiedBy": null, "pt_id": 1056, "easting": 1092.7653, "northing": 997.8975, "elev": 17.6074, "smp_num": 706, "smp_code": "SMPCH06SR0706", "smp_type": "PALEOBOTANICAL", "date_": "2006/07/18 00:00:00.000", "source": "18JUL06B", "comments": null, "sample_no": 706, "sample_cod": "SMPCH06SR0706", "descriptio": "Palaeobotanical sample. East wing Room 31", "date_1": "2006/07/18 00:00:00.000", "sample_typ": "Palaeobotanical", "cxt_cd": "CH06SR0888", "cxt_num": 888 }, "geometry": { "type": "Point", "coordinates": [ 1092.765299999999115, 997.89745000000039 ] } },
{ "type": "Feature", "properties": { "OBJECTID": 655, "Created": null, "ModifiedLa": "2006/07/25 14:55:45.000", "ModifiedBy": null, "pt_id": 1057, "easting": 1092.0215, "northing": 998.7845, "elev": 17.5987, "smp_num": 707, "smp_code": "SMPCH06SR0707", "smp_type": "PALEOBOTANICAL", "date_": "2006/07/18 00:00:00.000", "source": "18JUL06B", "comments": null, "sample_no": 707, "sample_cod": "SMPCH06SR0707", "descriptio": "Palaeobotanical sample, East Wing, Room 31", "date_1": "2006/07/18 00:00:00.000", "sample_typ": "Palaeobotanical", "cxt_cd": "CH06SR0891", "cxt_num": 891 }, "geometry": { "type": "Point", "coordinates": [ 1092.021450000000186, 998.784499999999753 ] } },
{ "type": "Feature", "properties": { "OBJECTID": 656, "Created": null, "ModifiedLa": "2006/07/18 17:19:36.000", "ModifiedBy": null, "pt_id": 1064, "easting": 1091.8383, "northing": 1002.1418, "elev": 17.8577, "smp_num": 709, "smp_code": "SMPCH06SR0709", "smp_type": "CHARCOAL", "date_": "2006/07/18 00:00:00.000", "source": "18JUL06B", "comments": null, "sample_no": 709, "sample_cod": "SMPCH06SR0709", "descriptio": "Charcoal sample from NW part of Room 38", "date_1": "2006/07/18 00:00:00.000", "sample_typ": "Carbonised Wood", "cxt_cd": "CH06SR0879", "cxt_num": 879 }, "geometry": { "type": "Point", "coordinates": [ 1091.838320000000749, 1002.141830000000482 ] } },
{ "type": "Feature", "properties": { "OBJECTID": 657, "Created": null, "ModifiedLa": "2006/07/18 17:19:36.000", "ModifiedBy": null, "pt_id": 1093, "easting": 1093.578, "northing": 986.5064, "elev": 19.7362, "smp_num": 711, "smp_code": "SMPCH06SR0711", "smp_type": "CHARCOAL", "date_": "2006/07/18 00:00:00.000", "source": "18JUL06B", "comments": null, "sample_no": 711, "sample_cod": "SMPCH06SR0711", "descriptio": "Charcoal sample", "date_1": "2006/07/18 00:00:00.000", "sample_typ": "Carbonised Wood", "cxt_cd": "CH06SR0896", "cxt_num": 896 }, "geometry": { "type": "Point", "coordinates": [ 1093.57796000000053, 986.50641 ] } },
{ "type": "Feature", "properties": { "OBJECTID": 658, "Created": null, "ModifiedLa": "2006/07/18 17:19:36.000", "ModifiedBy": null, "pt_id": 1110, "easting": 1100.6054, "northing": 983.2897, "elev": 19.0642, "smp_num": 712, "smp_code": "SMPCH06SR0712", "smp_type": "PALEOBOTANICAL", "date_": "2006/07/18 00:00:00.000", "source": "18JUL06B", "comments": null, "sample_no": 712, "sample_cod": "SMPCH06SR0712", "descriptio": "Palaeobotanical sample", "date_1": "2006/07/18 00:00:00.000", "sample_typ": "Palaeobotanical", "cxt_cd": "CH06SR0894", "cxt_num": 894 }, "geometry": { "type": "Point", "coordinates": [ 1100.605449999999109, 983.289699999999357 ] } },
{ "type": "Feature", "properties": { "OBJECTID": 659, "Created": null, "ModifiedLa": "2006/07/24 16:07:21.000", "ModifiedBy": null, "pt_id": 1029, "easting": 1091.0703, "northing": 986.309, "elev": 19.4305, "smp_num": 737, "smp_code": "SMPCH06SR0737", "smp_type": "ARCHITECTURAL", "date_": "2006/07/24 00:00:00.000", "source": "24JUL06B", "comments": null, "sample_no": 737, "sample_cod": "SMPCH06SR0737", "descriptio": "Architectural Sample - mortar, from courtyard", "date_1": "2006/07/24 00:00:00.000", "sample_typ": "Architectural Sample", "cxt_cd": "CH06SR0934", "cxt_num": 934 }, "geometry": { "type": "Point", "coordinates": [ 1091.070330000000467, 986.309030000000348 ] } },
{ "type": "Feature", "properties": { "OBJECTID": 660, "Created": "2006/07/24 22:00:18.000", "ModifiedLa": "2007/07/13 09:41:15.000", "ModifiedBy": null, "pt_id": 1074, "easting": 1086.9286, "northing": 988.6709, "elev": 20.262, "smp_num": 727, "smp_code": "SMPCH06SR0727", "smp_type": "ARCHITECTURAL", "date_": "2006/07/22 00:00:00.000", "source": "22JUL06B", "comments": "offset 30 cm towards wall from pt 1074", "sample_no": 727, "sample_cod": "SMPCH06SR0727", "descriptio": "Architectural Sample from wall 296", "date_1": "2006/07/22 00:00:00.000", "sample_typ": "Architectural Sample", "cxt_cd": "CH06SR0296", "cxt_num": 296 }, "geometry": { "type": "Point", "coordinates": [ 1086.718179999999847, 988.391219999999521 ] } },
{ "type": "Feature", "properties": { "OBJECTID": 661, "Created": null, "ModifiedLa": "2006/07/19 21:33:43.000", "ModifiedBy": null, "pt_id": 1001, "easting": 1094.3795, "northing": 986.3036, "elev": 19.6476, "smp_num": 713, "smp_code": "SMPCH06SR0713", "smp_type": "PALEOBOTANICAL", "date_": "2006/07/19 00:00:00.000", "source": "19JUL06B", "comments": null, "sample_no": 713, "sample_cod": "SMPCH06SR0713", "descriptio": "Palaeobotanical sample, Area 3, Courtyard", "date_1": "2006/07/19 00:00:00.000", "sample_typ": "Palaeobotanical", "cxt_cd": "CH06SR0896", "cxt_num": 896 }, "geometry": { "type": "Point", "coordinates": [ 1094.379520000000412, 986.303610000000845 ] } },
{ "type": "Feature", "properties": { "OBJECTID": 662, "Created": null, "ModifiedLa": "2006/07/19 21:33:43.000", "ModifiedBy": null, "pt_id": 1017, "easting": 1092.4043, "northing": 1004.5129, "elev": 17.5932, "smp_num": 715, "smp_code": "SMPCH06SR0715", "smp_type": "ARCHITECTURAL", "date_": "2006/07/19 00:00:00.000", "source": "19JUL06B", "comments": null, "sample_no": 715, "sample_cod": "SMPCH06SR0715", "descriptio": "Architectural sample, Room 38", "date_1": "2006/07/19 00:00:00.000", "sample_typ": "Architectural Sample", "cxt_cd": "CH06SR0879", "cxt_num": 879 }, "geometry": { "type": "Point", "coordinates": [ 1092.404290000000401, 1004.512909999999465 ] } },
{ "type": "Feature", "properties": { "OBJECTID": 663, "Created": null, "ModifiedLa": "2006/07/19 21:33:43.000", "ModifiedBy": null, "pt_id": 1050, "easting": 1093.2084, "northing": 1000.7993, "elev": 18.0818, "smp_num": 714, "smp_code": "SMPCH06SR0714", "smp_type": "PALEOBOTANICAL", "date_": "2006/07/19 00:00:00.000", "source": "19JUL06B", "comments": null, "sample_no": 714, "sample_cod": "SMPCH06SR0714", "descriptio": "Palaeobotanical sample, Room 38", "date_1": "2006/07/19 00:00:00.000", "sample_typ": "Palaeobotanical", "cxt_cd": "CH06SR0895", "cxt_num": 895 }, "geometry": { "type": "Point", "coordinates": [ 1093.208350000000792, 1000.799300000000585 ] } },
{ "type": "Feature", "properties": { "OBJECTID": 664, "Created": null, "ModifiedLa": "2006/07/19 21:33:43.000", "ModifiedBy": null, "pt_id": 1056, "easting": 1099.7246, "northing": 982.2239, "elev": 19.3868, "smp_num": 716, "smp_code": "SMPCH06SR0716", "smp_type": "ORGANIC", "date_": "2006/07/19 00:00:00.000", "source": "19JUL06B", "comments": null, "sample_no": 716, "sample_cod": "SMPCH06SR0716", "descriptio": "Organic sample from church - wood impregnated by iron corrosion products", "date_1": "2006/07/19 00:00:00.000", "sample_typ": "Organic Material", "cxt_cd": "CH06SR0798", "cxt_num": 798 }, "geometry": { "type": "Point", "coordinates": [ 1099.724560000000565, 982.223910000000615 ] } },
{ "type": "Feature", "properties": { "OBJECTID": 665, "Created": null, "ModifiedLa": "2006/07/19 21:33:43.000", "ModifiedBy": null, "pt_id": 1059, "easting": 1093.7443, "northing": 1004.7073, "elev": 17.4465, "smp_num": 717, "smp_code": "SMPCH06SR0717", "smp_type": "METALLURGICAL", "date_": "2006/07/19 00:00:00.000", "source": "19JUL06B", "comments": null, "sample_no": 717, "sample_cod": "SMPCH06SR0717", "descriptio": "Metallurgical sample from Room 38, probably content of a vessel/amphora?", "date_1": "2006/07/19 00:00:00.000", "sample_typ": "Metallurgical", "cxt_cd": "CH06SR0879", "cxt_num": 879 }, "geometry": { "type": "Point", "coordinates": [ 1093.744339999999283, 1004.707319999999527 ] } },
{ "type": "Feature", "properties": { "OBJECTID": 666, "Created": null, "ModifiedLa": "2006/07/20 10:46:46.000", "ModifiedBy": null, "pt_id": 13, "easting": 1098.2892, "northing": 981.3949, "elev": 19.1796, "smp_num": 719, "smp_code": "SMPCH06SR0719", "smp_type": "ARCHITECTURAL", "date_": "2006/07/20 00:00:00.000", "source": "20JUL06B", "comments": null, "sample_no": 719, "sample_cod": "SMPCH06SR0719", "descriptio": "Architectural sample from church, area between tombs 1 and 2", "date_1": "2006/07/20 00:00:00.000", "sample_typ": "Architectural Sample", "cxt_cd": "CH06SR0798", "cxt_num": 798 }, "geometry": { "type": "Point", "coordinates": [ 1098.289160000000265, 981.394860000000335 ] } },
{ "type": "Feature", "properties": { "OBJECTID": 667, "Created": null, "ModifiedLa": "2006/07/20 10:46:46.000", "ModifiedBy": null, "pt_id": 14, "easting": 1093.2542, "northing": 1004.2692, "elev": 17.207, "smp_num": 720, "smp_code": "SMPCH06SR0720", "smp_type": "METALLURGICAL", "date_": "2006/07/20 00:00:00.000", "source": "20JUL06B", "comments": null, "sample_no": 720, "sample_cod": "SMPCH06SR0720", "descriptio": "Metallurgical sample, room 38", "date_1": "2006/07/20 00:00:00.000", "sample_typ": "Metallurgical", "cxt_cd": "CH06SR0910", "cxt_num": 910 }, "geometry": { "type": "Point", "coordinates": [ 1093.254230000000462, 1004.26922999999988 ] } },
{ "type": "Feature", "properties": { "OBJECTID": 668, "Created": null, "ModifiedLa": "2006/07/22 07:58:46.000", "ModifiedBy": null, "pt_id": 1062, "easting": 1090.6166, "northing": 986.4183, "elev": 19.7498, "smp_num": 721, "smp_code": "SMPCH06SR0721", "smp_type": "PALEOBOTANICAL", "date_": "2006/07/21 00:00:00.000", "source": "21JUL06B", "comments": null, "sample_no": 721, "sample_cod": "SMPCH06SR0721", "descriptio": "Palaeobotanical sample from courtyard", "date_1": "2006/07/21 00:00:00.000", "sample_typ": "Palaeobotanical", "cxt_cd": "CH06SR0917", "cxt_num": 917 }, "geometry": { "type": "Point", "coordinates": [ 1090.61659999999938, 986.41830999999911 ] } },
{ "type": "Feature", "properties": { "OBJECTID": 669, "Created": null, "ModifiedLa": "2006/07/23 15:37:52.000", "ModifiedBy": null, "pt_id": 1038, "easting": 1091.8823, "northing": 1002.3716, "elev": 17.8218, "smp_num": 722, "smp_code": "SMPCH06SR0722", "smp_type": "PALEOBOTANICAL", "date_": "2006/07/22 00:00:00.000", "source": "22JUL06B", "comments": null, "sample_no": 722, "sample_cod": "SMPCH06SR0722", "descriptio": "Palaeobotanical sample from room 38", "date_1": "2006/07/22 00:00:00.000", "sample_typ": "Palaeobotanical", "cxt_cd": "CH06SR0908", "cxt_num": 908 }, "geometry": { "type": "Point", "coordinates": [ 1091.88227999999981, 1002.371600000000399 ] } },
{ "type": "Feature", "properties": { "OBJECTID": 670, "Created": null, "ModifiedLa": "2006/07/23 15:37:52.000", "ModifiedBy": null, "pt_id": 1039, "easting": 1091.4749, "northing": 1002.7476, "elev": 17.7993, "smp_num": 723, "smp_code": "SMPCH06SR0723", "smp_type": "PALEOBOTANICAL", "date_": "2006/07/22 00:00:00.000", "source": "22JUL06B", "comments": null, "sample_no": 723, "sample_cod": "SMPCH06SR0723", "descriptio": "Palaeobotanical sample from room 38", "date_1": "2006/07/22 00:00:00.000", "sample_typ": "Palaeobotanical", "cxt_cd": "CH06SR0908", "cxt_num": 908 }, "geometry": { "type": "Point", "coordinates": [ 1091.474910000000818, 1002.747639999999592 ] } },
{ "type": "Feature", "properties": { "OBJECTID": 671, "Created": null, "ModifiedLa": "2006/07/23 15:37:52.000", "ModifiedBy": null, "pt_id": 1040, "easting": 1092.4149, "northing": 1003.3074, "elev": 16.9997, "smp_num": 724, "smp_code": "SMPCH06SR0724", "smp_type": "PALEOBOTANICAL", "date_": "2006/07/22 00:00:00.000", "source": "22JUL06B", "comments": null, "sample_no": 724, "sample_cod": "SMPCH06SR0724", "descriptio": "Palaeobotanical sample from room 38", "date_1": "2006/07/22 00:00:00.000", "sample_typ": "Palaeobotanical", "cxt_cd": "CH06SR0921", "cxt_num": 921 }, "geometry": { "type": "Point", "coordinates": [ 1092.414899999999761, 1003.307349999999133 ] } },
{ "type": "Feature", "properties": { "OBJECTID": 672, "Created": null, "ModifiedLa": "2006/07/23 15:37:52.000", "ModifiedBy": null, "pt_id": 1041, "easting": 1090.5097, "northing": 987.1429, "elev": 19.7031, "smp_num": 725, "smp_code": "SMPCH06SR0725", "smp_type": "ORGANIC", "date_": "2006/07/22 00:00:00.000", "source": "22JUL06B", "comments": null, "sample_no": 725, "sample_cod": "SMPCH06SR0725", "descriptio": "Organic sample from courtyard", "date_1": "2006/07/22 00:00:00.000", "sample_typ": "Organic Material", "cxt_cd": "CH06SR0918", "cxt_num": 918 }, "geometry": { "type": "Point", "coordinates": [ 1090.509659999999712, 987.14288999999917 ] } },
{ "type": "Feature", "properties": { "OBJECTID": 673, "Created": null, "ModifiedLa": "2006/07/23 15:37:52.000", "ModifiedBy": null, "pt_id": 1053, "easting": 1091.7363, "northing": 1002.4817, "elev": 17.7486, "smp_num": 731, "smp_code": "SMPCH06SR0731", "smp_type": "PALEOBOTANICAL", "date_": "2006/07/22 00:00:00.000", "source": "22JUL06B", "comments": null, "sample_no": 731, "sample_cod": "SMPCH06SR0731", "descriptio": "Palaeobotanical sample from room 38", "date_1": "2006/07/22 00:00:00.000", "sample_typ": "Palaeobotanical", "cxt_cd": "CH06SR0908", "cxt_num": 908 }, "geometry": { "type": "Point", "coordinates": [ 1091.736310000000231, 1002.481690000000526 ] } },
{ "type": "Feature", "properties": { "OBJECTID": 674, "Created": null, "ModifiedLa": "2006/07/23 15:37:52.000", "ModifiedBy": null, "pt_id": 1073, "easting": 1085.6898, "northing": 989.5381, "elev": 19.6822, "smp_num": 726, "smp_code": "SMPCH06SR0726", "smp_type": "ARCHITECTURAL", "date_": "2006/07/22 00:00:00.000", "source": "22JUL06B", "comments": null, "sample_no": 726, "sample_cod": "SMPCH06SR0726", "descriptio": "Architectural Sample from wall 0692", "date_1": "2006/07/22 00:00:00.000", "sample_typ": "Architectural Sample", "cxt_cd": "CH06SR0692", "cxt_num": 692 }, "geometry": { "type": "Point", "coordinates": [ 1085.689749999999549, 989.538109999999506 ] } },
{ "type": "Feature", "properties": { "OBJECTID": 675, "Created": null, "ModifiedLa": "2006/07/23 15:37:52.000", "ModifiedBy": null, "pt_id": 1075, "easting": 1096.1905, "northing": 981.9021, "elev": 19.9066, "smp_num": 728, "smp_code": "SMPCH06SR0728", "smp_type": "ARCHITECTURAL", "date_": "2006/07/22 00:00:00.000", "source": "22JUL06B", "comments": null, "sample_no": 728, "sample_cod": "SMPCH06SR0728", "descriptio": "Architectural Sample from church wall", "date_1": "2006/07/22 00:00:00.000", "sample_typ": "Architectural Sample", "cxt_cd": "CH06SR0097", "cxt_num": 97 }, "geometry": { "type": "Point", "coordinates": [ 1096.190510000000359, 981.90212000000065 ] } },
{ "type": "Feature", "properties": { "OBJECTID": 676, "Created": null, "ModifiedLa": "2006/07/23 15:37:52.000", "ModifiedBy": null, "pt_id": 1076, "easting": 1101.5591, "northing": 981.5364, "elev": 19.3884, "smp_num": 729, "smp_code": "SMPCH06SR0729", "smp_type": "ARCHITECTURAL", "date_": "2006/07/22 00:00:00.000", "source": "22JUL06B", "comments": null, "sample_no": 729, "sample_cod": "SMPCH06SR0729", "descriptio": "Architectural Sample from pit in main street by SE wall of church", "date_1": "2006/07/22 00:00:00.000", "sample_typ": "Architectural Sample", "cxt_cd": "CH06SR0937", "cxt_num": 937 }, "geometry": { "type": "Point", "coordinates": [ 1101.55905999999959, 981.536420000000362 ] } },
{ "type": "Feature", "properties": { "OBJECTID": 677, "Created": null, "ModifiedLa": "2006/07/23 15:37:52.000", "ModifiedBy": null, "pt_id": 1077, "easting": 1098.703, "northing": 980.2725, "elev": 19.7647, "smp_num": 730, "smp_code": "SMPCH06SR0730", "smp_type": "ARCHITECTURAL", "date_": "2006/07/22 00:00:00.000", "source": "22JUL06B", "comments": null, "sample_no": 730, "sample_cod": "SMPCH06SR0730", "descriptio": "Architectural Sample from SW wall of church, near tomb 2", "date_1": "2006/07/22 00:00:00.000", "sample_typ": "Architectural Sample", "cxt_cd": "CH06SR0097", "cxt_num": 97 }, "geometry": { "type": "Point", "coordinates": [ 1098.703009999999267, 980.272520000000441 ] } },
{ "type": "Feature", "properties": { "OBJECTID": 678, "Created": null, "ModifiedLa": "2006/07/23 15:37:52.000", "ModifiedBy": null, "pt_id": 1149, "easting": 1091.4045, "northing": 986.6961, "elev": 19.3598, "smp_num": 732, "smp_code": "SMPCH06SR0732", "smp_type": "ARCHITECTURAL", "date_": "2006/07/22 00:00:00.000", "source": "22JUL06B", "comments": null, "sample_no": 732, "sample_cod": "SMPCH06SR0732", "descriptio": "Architectural Sample from courtyard", "date_1": "2006/07/22 00:00:00.000", "sample_typ": "Architectural Sample", "cxt_cd": "CH06SR0918", "cxt_num": 918 }, "geometry": { "type": "Point", "coordinates": [ 1091.404490000000806, 986.696120000000519 ] } },
{ "type": "Feature", "properties": { "OBJECTID": 679, "Created": null, "ModifiedLa": "2006/07/23 15:37:52.000", "ModifiedBy": null, "pt_id": 1150, "easting": 1091.3114, "northing": 986.2295, "elev": 19.3839, "smp_num": 733, "smp_code": "SMPCH06SR0733", "smp_type": "ORGANIC", "date_": "2006/07/22 00:00:00.000", "source": "22JUL06B", "comments": null, "sample_no": 733, "sample_cod": "SMPCH06SR0733", "descriptio": "Organic sample from courtyard", "date_1": "2007/07/22 00:00:00.000", "sample_typ": "Organic Material", "cxt_cd": "CH06SR0918", "cxt_num": 918 }, "geometry": { "type": "Point", "coordinates": [ 1091.311410000000251, 986.229499999999462 ] } },
{ "type": "Feature", "properties": { "OBJECTID": 680, "Created": null, "ModifiedLa": "2006/07/24 16:07:21.000", "ModifiedBy": null, "pt_id": 1026, "easting": 1090.9507, "northing": 985.4901, "elev": 19.6894, "smp_num": 734, "smp_code": "SMPCH06SR0734", "smp_type": "ARCHITECTURAL", "date_": "2006/07/24 00:00:00.000", "source": "24JUL06B", "comments": null, "sample_no": 734, "sample_cod": "SMPCH06SR0734", "descriptio": "Architectural Sample - mudbrick, from courtyard", "date_1": "2006/07/24 00:00:00.000", "sample_typ": "Architectural Sample", "cxt_cd": "CH06SR0929", "cxt_num": 929 }, "geometry": { "type": "Point", "coordinates": [ 1090.950689999999668, 985.490100000000893 ] } },
{ "type": "Feature", "properties": { "OBJECTID": 681, "Created": null, "ModifiedLa": "2006/07/24 16:07:21.000", "ModifiedBy": null, "pt_id": 1027, "easting": 1090.9617, "northing": 985.4115, "elev": 19.7058, "smp_num": 735, "smp_code": "SMPCH06SR0735", "smp_type": "ARCHITECTURAL", "date_": "2006/07/24 00:00:00.000", "source": "24JUL06B", "comments": null, "sample_no": 735, "sample_cod": "SMPCH06SR0735", "descriptio": "Architectural Sample - mortar, from courtyard (this might actually be mudbrick)", "date_1": "2006/07/24 00:00:00.000", "sample_typ": "Architectural Sample", "cxt_cd": "CH06SR0935", "cxt_num": 935 }, "geometry": { "type": "Point", "coordinates": [ 1090.961699999999837, 985.411490000000413 ] } },
{ "type": "Feature", "properties": { "OBJECTID": 682, "Created": null, "ModifiedLa": "2006/07/24 16:07:21.000", "ModifiedBy": null, "pt_id": 1028, "easting": 1090.1961, "northing": 986.2015, "elev": 19.8511, "smp_num": 736, "smp_code": "SMPCH06SR0736", "smp_type": "ARCHITECTURAL", "date_": "2006/07/24 00:00:00.000", "source": "24JUL06B", "comments": null, "sample_no": 736, "sample_cod": "SMPCH06SR0736", "descriptio": "Architectural Sample - mortar, from courtyard", "date_1": "2006/07/24 00:00:00.000", "sample_typ": "Architectural Sample", "cxt_cd": "CH06SR0932", "cxt_num": 932 }, "geometry": { "type": "Point", "coordinates": [ 1090.196110000000772, 986.20154 ] } },
{ "type": "Feature", "properties": { "OBJECTID": 683, "Created": null, "ModifiedLa": "2007/07/13 09:44:39.000", "ModifiedBy": null, "pt_id": 160, "easting": 1100.6722, "northing": 990.1493, "elev": 18.7859, "smp_num": 335, "smp_code": "SMPCH05SR0335", "smp_type": "PALEOBOTANICAL", "date_": "2005/07/12 00:00:00.000", "source": "12JULY05A", "comments": null, "sample_no": null, "sample_cod": null, "descriptio": null, "date_1": null, "sample_typ": null, "cxt_cd": null, "cxt_num": null }, "geometry": { "type": "Point", "coordinates": [ 1100.672179999999571, 990.149289999999382 ] } },
{ "type": "Feature", "properties": { "OBJECTID": 684, "Created": null, "ModifiedLa": "2005/07/23 08:39:45.000", "ModifiedBy": null, "pt_id": 143, "easting": 1104.4483, "northing": 1000.0031, "elev": 19.2594, "smp_num": 8888, "smp_code": "SMPCH05SR8888", "smp_type": "CHARCOAL", "date_": "2005/07/15 00:00:00.000", "source": "16JULY05B", "comments": null, "sample_no": null, "sample_cod": null, "descriptio": null, "date_1": null, "sample_typ": null, "cxt_cd": null, "cxt_num": null }, "geometry": { "type": "Point", "coordinates": [ 1104.448319999999512, 1000.003109999999651 ] } },
{ "type": "Feature", "properties": { "OBJECTID": 685, "Created": null, "ModifiedLa": "2005/07/31 15:19:03.000", "ModifiedBy": null, "pt_id": 62, "easting": 1090.9518, "northing": 997.1543, "elev": 18.8821, "smp_num": 39, "smp_code": "SMPCH05SR0039", "smp_type": "PALEOBOTANICAL", "date_": "2005/07/20 00:00:00.000", "source": "21JULY05B", "comments": null, "sample_no": null, "sample_cod": null, "descriptio": null, "date_1": null, "sample_typ": null, "cxt_cd": null, "cxt_num": null }, "geometry": { "type": "Point", "coordinates": [ 1090.951810000000478, 997.154290000000401 ] } },
{ "type": "Feature", "properties": { "OBJECTID": 686, "Created": null, "ModifiedLa": "2005/07/27 11:49:01.000", "ModifiedBy": null, "pt_id": 22, "easting": 1096.2503, "northing": 989.0695, "elev": 19.9583, "smp_num": 308, "smp_code": "SMPCH05SR0308", "smp_type": "METALLURGICAL", "date_": "2005/07/08 00:00:00.000", "source": "08JULY05A", "comments": null, "sample_no": null, "sample_cod": null, "descriptio": null, "date_1": null, "sample_typ": null, "cxt_cd": null, "cxt_num": null }, "geometry": { "type": "Point", "coordinates": [ 1096.250280000000203, 989.069530000000668 ] } }
]
}
